buyer_province,buyer_city,buyer_district,buyer_village,seller_province,seller_city,seller_district,seller_village,buyer_name,seller_name,buyer_npwp,buyer_active_pkp_flag,seller_npwp,seller_active_pkp_flag,buyer_klu_code,buyer_klu_description,seller_klu_code,seller_klu_description,invoice_date,international_transcation_flag,normalized_item_name,brand,category,quantity,unit_amount,discount_amount,dpp_amount,ppn_amount,ppnbm_amount,gross_amount
Jawa Tengah,Solo,Banjarsari,Sragen,Jawa Tengah,Solo,Banjarsari,Sragen,Dinas Pekerjaan Umum,PT Rajasa Wacana (Persero) Tbk,908299429208302,false,837957899055471,false,63210,pergudangan,63210,pergudangan,2025-03-15,false,edible vegetable oil,barco,Edible vegetable or plant oils,8,2446987,555493,19020403,2092244,0,21112647
Jawa Barat,Bandung,Coblong,Dago,Jawa Tengah,Solo,Banjarsari,Sragen,Kementerian Pendidikan,Perum Pangestu (Persero) Tbk,223453943397782,true,280125033319876,false,08992,penggalian batu bahan industri,08992,penggalian batu bahan industri,2025-06-05,true,soft drinks,lasegar,Soft drinks,7,6452509,3926287,41241276,4536540,0,45777816
Jawa Tengah,Solo,Banjarsari,Sragen,Jawa Tengah,Solo,Banjarsari,Sragen,Dinas Perhubungan,Perum Widiastuti Tbk,396549107957259,true,436019452046446,true,36930,industri alat-alat olahraga,36930,industri alat-alat olahraga,2024-11-25,true,powdered milk,nutrilon,Powdered milk,6,2760343,1131159,15430899,1697398,0,17128297
Bali,Badung,Kuta,Legian,DKI Jakarta,Jakarta Barat,Grogol,Tanjung Duren,Dinas Pendidikan,PT Salahudin Winarno (Persero) Tbk,196435238956039,false,177927096444512,true,26311,industri bata tahan api dan sejenisnya,26311,industri bata tahan api dan sejenisnya,2025-02-22,true,detergent and laundry products,vanish,Laundry products,8,9274173,1385185,72808199,8008901,0,80817100
Bali,Badung,Kuta,Legian,Jawa Tengah,Solo,Banjarsari,Sragen,Sekretariat Perhubungan,PT Pradana Hakim,379113264406935,true,480650341531740,true,92424,gelanggang permainan dan ketangkasan,92424,gelanggang permainan dan ketangkasan,2025-01-13,true,snack foods,wafello,Snack foods,10,3744634,30160,37416180,4115779,0,41531959
DKI Jakarta,Jakarta Selatan,Cilandak,Cipete,Jawa Tengah,Solo,Banjarsari,Sragen,Direktorat Kesehatan,PT Agustina (Persero) Tbk,248968961686579,false,983402802008360,false,52101,pergudangan,52101,pergudangan,2025-07-08,false,hair shampoo,ellips,Shampoos,4,1632524,101639,6428457,707130,0,7135587
Jawa Timur,Malang,Klojen,Kauman,Jawa Timur,Malang,Klojen,Kauman,Direktorat Keuangan,PT Permata Tbk,379959322562087,true,703804499281903,false,22121,industri pengasapan karet,22121,industri pengasapan karet,2024-12-25,true,air conditioner,modena,Air conditioners,7,3128418,1168303,20730623,2280368,0,23010991
Jawa Barat,Bandung,Coblong,Dago,DKI Jakarta,Jakarta Barat,Grogol,Tanjung Duren,Dinas Perhubungan,PD Halim,641962534058519,true,551533625473649,true,28222,industri mesin dan perkakas mesin untuk pengerjaan kayu,28222,industri mesin dan perkakas mesin untuk pengerjaan kayu,2025-07-16,true,feminine hygiene products,softex,Feminine hygiene products,7,86161,25586,577541,63529,0,641070
Jawa Timur,Malang,Klojen,Kauman,Jawa Barat,Bandung,Coblong,Dago,Kementerian Pekerjaan Umum,PT Maulana,710459746649477,true,453088178967451,true,92424,gelanggang permainan dan ketangkasan,92424,gelanggang permainan dan ketangkasan,2024-10-08,true,snack foods,wafello,Snack foods,10,8049183,4218214,76273616,8390097,0,84663713
Jawa Barat,Bandung,Coblong,Dago,DKI Jakarta,Jakarta Barat,Grogol,Tanjung Duren,Kementerian Pekerjaan Umum,Perum Widodo (Persero) Tbk,751805294327828,true,192305802381669,false,36930,industri alat-alat olahraga,36930,industri alat-alat olahraga,2025-02-21,false,powdered milk,nutrilon,Powdered milk,5,3476900,1404517,15979983,1757798,0,17737781
Jawa Tengah,Solo,Banjarsari,Sragen,Jawa Barat,Bandung,Coblong,Dago,Kementerian Pendidikan,PD Setiawan,799364378030887,true,705320120448736,true,45311,instalasi air (plumbing),45311,instalasi air (plumbing),2025-02-05,false,electric fan,maspion,Domestic electric fan,3,5905396,144265,17571923,1932911,0,19504834
Jawa Tengah,Solo,Banjarsari,Sragen,Bali,Badung,Kuta,Legian,Kementerian Kesehatan,UD Mulyani Hasanah,229958256314863,true,722876525790491,true,67123,manager investasi,67123,manager investasi,2024-10-06,false,laptop notebook computers,apple,Notebook computers,5,3583779,1504941,16413954,1805534,0,18219488
Jawa Barat,Bandung,Coblong,Dago,DKI Jakarta,Jakarta Barat,Grogol,Tanjung Duren,Kementerian Pendidikan,UD Jailani Marbun Tbk,968203301697046,true,281923054845981,false,55212,restoran/rumah makan talam selaka,55212,restoran/rumah makan talam selaka,2025-07-23,false,insurance service,avrist,Insurance law service,9,212230,29327,1880743,206881,0,2087624
Jawa Barat,Bandung,Coblong,Dago,Jawa Timur,Malang,Klojen,Kauman,Badan Pendidikan,PD Purnawati Nuraini Tbk,502858908314816,true,380945330220086,true,52101,pergudangan,52101,pergudangan,2024-12-27,false,hair shampoo,ellips,Shampoos,9,6867881,5206486,56604443,6226488,0,62830931
Jawa Barat,Bandung,Coblong,Dago,Jawa Timur,Malang,Klojen,Kauman,Direktorat Kesehatan,PD Pratiwi (Persero) Tbk,279238721118475,true,350437269660709,true,26412,industri kapur,26412,industri kapur,2024-11-28,false,baby diapers,mamy  poko,Infant diapers,6,5170253,954604,30066914,3307360,0,33374274
DKI Jakarta,Jakarta Selatan,Cilandak,Cipete,Jawa Tengah,Solo,Banjarsari,Sragen,Sekretariat Perhubungan,PT Latupono,703725701459341,false,131078122379385,true,92331,kebun raya dan kebun binatang,92331,kebun raya dan kebun binatang,2024-09-10,false,domestic refrigerator,panasonik,Domestic refrigerators,3,9790679,1113446,28258591,3108445,0,31367036
DKI Jakarta,Jakarta Pusat,Tanah Abang,Bendungan Hilir,Jawa Timur,Malang,Klojen,Kauman,Badan Pendidikan,PD Usamah Tbk,590956460848080,true,706242392735488,true,36992,industri pita mesin tulis/gambar,36992,industri pita mesin tulis/gambar,2025-05-13,false,facial care products,biore,Facial care products,7,1223965,696503,7871252,865837,0,8737089
Bali,Badung,Kuta,Legian,Bali,Badung,Kuta,Legian,Direktorat Keuangan,PD Wibisono (Persero) Tbk,243312554949115,true,848644670267134,false,24115,"industri kimia dasar organik, yang bersumber dari hasil pertanian",24115,"industri kimia dasar organik, yang bersumber dari hasil pertanian",2025-03-23,true,diesel power generator,lovol,Diesel generators,10,9598001,5049101,90930909,10002399,0,100933308
Bali,Badung,Kuta,Legian,Jawa Barat,Bandung,Coblong,Dago,Direktorat Perhubungan,Perum Kuswoyo (Persero) Tbk,340606969718814,false,996247833005255,true,10214,industri pemindangan ikan,10214,industri pemindangan ikan,2025-06-01,true,feminine hygiene products,laureir,Feminine hygiene products,5,8697849,2811762,40677483,4474523,0,45152006
Jawa Barat,Bandung,Coblong,Dago,Jawa Barat,Bandung,Coblong,Dago,Direktorat Pekerjaan Umum,CV Winarno Marpaung Tbk,965241991243997,true,566620087936868,true,10802,industri konsentrat makanan hewan,10802,industri konsentrat makanan hewan,2024-11-30,false,motorcycle,viar,Motorcycles,8,6755062,2046689,51993807,5719318,0,57713125
DKI Jakarta,Jakarta Barat,Grogol,Tanjung Duren,Jawa Barat,Bandung,Coblong,Dago,Kementerian Perhubungan,PD Utama (Persero) Tbk,851625567394814,false,950338885520291,false,47895,"perdagangan eceran kaki lima dan los pasar pakaian, alas kaki, perlengkapan pakaian dan barang perlengkapan pribadi bekas",47895,"perdagangan eceran kaki lima dan los pasar pakaian, alas kaki, perlengkapan pakaian dan barang perlengkapan pribadi bekas",2025-06-11,false,ecommerce advertising,bliklan,Advertising,9,7531188,1335113,66445579,7309013,0,73754592
Jawa Timur,Malang,Klojen,Kauman,Jawa Tengah,Solo,Banjarsari,Sragen,Direktorat Pendidikan,PD Sitompul (Persero) Tbk,421700410089563,true,478130087747353,false,26412,industri kapur,26412,industri kapur,2025-02-26,true,baby diapers,mamy  poko,Infant diapers,3,2580518,242495,7499059,824896,0,8323955
Jawa Barat,Bandung,Coblong,Dago,Jawa Timur,Malang,Klojen,Kauman,Kementerian Kesehatan,CV Santoso Permadi,573042685287182,false,966715401682561,true,50228,angkutan penyeberangan umum dalam kabupaten/kota untuk barang,50228,angkutan penyeberangan umum dalam kabupaten/kota untuk barang,2025-06-16,false,inkjet printer,toshiba,Inkjet printers,8,148919,46105,1145247,125977,0,1271224
Jawa Timur,Malang,Klojen,Kauman,Jawa Barat,Bandung,Coblong,Dago,Kementerian Perhubungan,Perum Novitasari,853085304313326,false,285824870396799,false,92331,kebun raya dan kebun binatang,92331,kebun raya dan kebun binatang,2024-09-24,true,domestic refrigerator,panasonik,Domestic refrigerators,10,9011107,452421,89658649,9862451,0,99521100
Bali,Badung,Kuta,Legian,Jawa Barat,Bandung,Coblong,Dago,Badan Perhubungan,PT Iswahyudi Siregar,338307666387560,false,479990045371065,false,10794,"industri kerupuk, keripik, peyek dan sejenisnya",10794,"industri kerupuk, keripik, peyek dan sejenisnya",2025-04-20,false,water,eternal plus,Water,7,4282413,343539,29633352,3259668,0,32893020
DKI Jakarta,Jakarta Barat,Grogol,Tanjung Duren,DKI Jakarta,Jakarta Barat,Grogol,Tanjung Duren,Dinas Pendidikan,CV Halim (Persero) Tbk,271569432222349,true,633182077207700,true,47822,"perdagangan eceran kaki lima dan los pasar roti, kue kering, kue basah dan sejenisnya",47822,"perdagangan eceran kaki lima dan los pasar roti, kue kering, kue basah dan sejenisnya",2025-07-17,true,snack foods,dk,Snack foods,8,4349055,3216603,31575837,3473342,0,35049179
Jawa Barat,Bandung,Coblong,Dago,DKI Jakarta,Jakarta Barat,Grogol,Tanjung Duren,Direktorat Kesehatan,Perum Nainggolan,766639380283718,true,884965840548908,false,47895,"perdagangan eceran kaki lima dan los pasar pakaian, alas kaki, perlengkapan pakaian dan barang perlengkapan pribadi bekas",47895,"perdagangan eceran kaki lima dan los pasar pakaian, alas kaki, perlengkapan pakaian dan barang perlengkapan pribadi bekas",2024-08-19,true,ecommerce advertising,bliklan,Advertising,10,739025,364069,7026181,772879,0,7799060
Jawa Timur,Malang,Klojen,Kauman,DKI Jakarta,Jakarta Pusat,Tanah Abang,Bendungan Hilir,Direktorat Keuangan,PT Waluyo Tbk,617620132882818,true,298313395361258,false,92429,jasa rekreasi lainnya,92429,jasa rekreasi lainnya,2024-09-24,false,television,panasonic,Televisions,8,7357727,4970037,53891779,5928095,0,59819874
Jawa Tengah,Solo,Banjarsari,Sragen,Jawa Timur,Malang,Klojen,Kauman,Badan Pendidikan,Perum Irawan Tbk,304733896990950,false,499497294085255,false,36992,industri pita mesin tulis/gambar,36992,industri pita mesin tulis/gambar,2025-01-10,false,facial care products,biore,Facial care products,5,4685017,2331156,21093929,2320332,0,23414261
Bali,Badung,Kuta,Legian,Jawa Timur,Malang,Klojen,Kauman,Direktorat Perhubungan,Perum Rajasa Suwarno,119416657798675,true,349495913956837,false,01123,pertanian hortikultura bunga-bungaan,01123,pertanian hortikultura bunga-bungaan,2024-09-25,true,insurance service,bumiputera,Insurance law service,5,9806883,3095567,45938848,5053273,0,50992121
Bali,Badung,Kuta,Legian,Jawa Tengah,Solo,Banjarsari,Sragen,Badan Kesehatan,CV Pertiwi Tbk,912092934540740,true,234605630324742,true,47822,"perdagangan eceran kaki lima dan los pasar roti, kue kering, kue basah dan sejenisnya",47822,"perdagangan eceran kaki lima dan los pasar roti, kue kering, kue basah dan sejenisnya",2025-05-15,true,snack foods,dk,Snack foods,4,8173504,1159723,31534293,3468772,0,35003065
Bali,Badung,Kuta,Legian,Jawa Tengah,Solo,Banjarsari,Sragen,Badan Pendidikan,PD Hariyah Tbk,701384361702158,true,151244432966779,true,47743,perdagangan eceran barang perlengkapan pribadi bekas,47743,perdagangan eceran barang perlengkapan pribadi bekas,2025-01-14,false,water,aqua,Water,3,8285577,430283,24426448,2686909,0,27113357
Bali,Badung,Kuta,Legian,Jawa Timur,Malang,Klojen,Kauman,Badan Perhubungan,Perum Mandala Putra Tbk,551156530321635,false,749665661308055,true,01123,pertanian hortikultura bunga-bungaan,01123,pertanian hortikultura bunga-bungaan,2025-03-31,true,insurance service,bumiputera,Insurance law service,3,9492881,1274378,27204265,2992469,0,30196734
Jawa Barat,Bandung,Coblong,Dago,Bali,Badung,Kuta,Legian,Badan Pekerjaan Umum,CV Lailasari (Persero) Tbk,582823000731728,false,799214528099171,true,63460,jasa konsultasi pariwisata,63460,jasa konsultasi pariwisata,2025-03-06,true,accounting software,accurate online,Accounting software,4,3590415,555003,13806657,1518732,0,15325389
DKI Jakarta,Jakarta Selatan,Cilandak,Cipete,Bali,Badung,Kuta,Legian,Direktorat Perhubungan,Perum Wulandari (Persero) Tbk,768574749991014,false,136748991133712,true,22121,industri pengasapan karet,22121,industri pengasapan karet,2024-10-21,false,air conditioner,modena,Air conditioners,5,7667381,298549,38038356,4184219,0,42222575
Jawa Barat,Bandung,Coblong,Dago,DKI Jakarta,Jakarta Selatan,Cilandak,Cipete,Dinas Pendidikan,Perum Lailasari Najmudin,286809858682959,false,943250664787534,false,63210,pergudangan,63210,pergudangan,2024-12-23,false,edible vegetable oil,barco,Edible vegetable or plant oils,2,7913447,1444262,14382632,1582089,0,15964721
Jawa Timur,Malang,Klojen,Kauman,DKI Jakarta,Jakarta Barat,Grogol,Tanjung Duren,Sekretariat Keuangan,CV Suryatmi Sihombing (Persero) Tbk,202821628155121,true,859195435519553,true,92331,kebun raya dan kebun binatang,92331,kebun raya dan kebun binatang,2025-03-14,false,domestic refrigerator,panasonik,Domestic refrigerators,10,724975,183700,7066050,777265,0,7843315
Bali,Badung,Kuta,Legian,Bali,Badung,Kuta,Legian,Direktorat Keuangan,PT Nasyiah,475270226362430,false,217770881457844,true,47822,"perdagangan eceran kaki lima dan los pasar roti, kue kering, kue basah dan sejenisnya",47822,"perdagangan eceran kaki lima dan los pasar roti, kue kering, kue basah dan sejenisnya",2025-01-13,false,snack foods,dk,Snack foods,7,8362590,2417746,56120384,6173242,0,62293626
Jawa Timur,Malang,Klojen,Kauman,Jawa Tengah,Solo,Banjarsari,Sragen,Direktorat Pekerjaan Umum,Perum Tarihoran Uwais (Persero) Tbk,840456661741483,false,161028965193682,true,22121,industri pengasapan karet,22121,industri pengasapan karet,2025-04-04,false,air conditioner,modena,Air conditioners,10,8413326,7416216,76717044,8438874,0,85155918
DKI Jakarta,Jakarta Selatan,Cilandak,Cipete,Jawa Tengah,Solo,Banjarsari,Sragen,Kementerian Pekerjaan Umum,CV Kusumo,369426731504436,true,720190317236792,true,10291,industri penggaraman/pengeringan biota air lainnya,10291,industri penggaraman/pengeringan biota air lainnya,2024-08-17,false,snack foods,cheetos,Snack foods,2,3819851,118972,7520730,827280,0,8348010
DKI Jakarta,Jakarta Selatan,Cilandak,Cipete,Bali,Badung,Kuta,Legian,Direktorat Kesehatan,CV Marbun,720667685827909,true,314608278368634,true,28222,industri mesin dan perkakas mesin untuk pengerjaan kayu,28222,industri mesin dan perkakas mesin untuk pengerjaan kayu,2025-04-17,true,feminine hygiene products,softex,Feminine hygiene products,5,7011578,1425540,33632350,3699558,0,37331908
Jawa Tengah,Solo,Banjarsari,Sragen,Bali,Badung,Kuta,Legian,Sekretariat Perhubungan,PD Marpaung Rahayu,474294997240570,false,368872243429854,false,13101,pertambangan pasir besi,13101,pertambangan pasir besi,2024-09-26,true,water dispenser,changhong,Hot water dispenser,7,782280,333632,5142328,565656,0,5707984
Jawa Timur,Malang,Klojen,Kauman,Jawa Timur,Malang,Klojen,Kauman,Kementerian Perhubungan,PT Handayani Tbk,692164749227186,false,913398152303096,true,26412,industri kapur,26412,industri kapur,2025-05-10,false,baby diapers,mamy  poko,Infant diapers,3,1305409,246148,3670079,403708,0,4073787
Jawa Tengah,Solo,Banjarsari,Sragen,Bali,Badung,Kuta,Legian,Sekretariat Pendidikan,PT Situmorang Ramadan,177037185389261,true,870567088358578,false,92424,gelanggang permainan dan ketangkasan,92424,gelanggang permainan dan ketangkasan,2025-03-21,true,snack foods,wafello,Snack foods,2,7330833,206450,14455216,1590073,0,16045289
DKI Jakarta,Jakarta Pusat,Tanah Abang,Bendungan Hilir,DKI Jakarta,Jakarta Barat,Grogol,Tanjung Duren,Badan Keuangan,CV Susanti Wasita,584907712615914,true,698040885049631,false,10291,industri penggaraman/pengeringan biota air lainnya,10291,industri penggaraman/pengeringan biota air lainnya,2025-04-30,true,snack foods,cheetos,Snack foods,3,2987176,82804,8878724,976659,0,9855383
Jawa Timur,Malang,Klojen,Kauman,Jawa Barat,Bandung,Coblong,Dago,Badan Pendidikan,UD Anggriawan Tbk,862920571124361,true,597340350242064,false,28222,industri mesin dan perkakas mesin untuk pengerjaan kayu,28222,industri mesin dan perkakas mesin untuk pengerjaan kayu,2025-05-12,false,feminine hygiene products,softex,Feminine hygiene products,7,4245951,1916108,27805549,3058610,0,30864159
Jawa Barat,Bandung,Coblong,Dago,Jawa Barat,Bandung,Coblong,Dago,Badan Pendidikan,PD Fujiati Saefullah,545640043773907,false,737175613011284,true,92331,kebun raya dan kebun binatang,92331,kebun raya dan kebun binatang,2024-08-24,false,domestic refrigerator,panasonik,Domestic refrigerators,5,3910745,1273107,18280618,2010867,0,20291485
Jawa Barat,Bandung,Coblong,Dago,DKI Jakarta,Jakarta Barat,Grogol,Tanjung Duren,Kementerian Pekerjaan Umum,PT Januar Hutasoit,924562273455025,true,467852331490268,false,07301,pertambangan emas dan perak,07301,pertambangan emas dan perak,2025-04-06,true,marketing and customer relationship management software,salesforce,Customer relationship management software maintenance,4,2267273,824718,8244374,906881,0,9151255
Jawa Tengah,Solo,Banjarsari,Sragen,Jawa Timur,Malang,Klojen,Kauman,Direktorat Pendidikan,UD Nasyidah,949098459096796,true,861475626052759,false,45102,perdagangan besar mobil bekas,45102,perdagangan besar mobil bekas,2025-07-11,false,baby diapers,sweety,Infant diapers,2,6669862,29189,13310535,1464158,0,14774693
Bali,Badung,Kuta,Legian,Jawa Tengah,Solo,Banjarsari,Sragen,Dinas Perhubungan,PD Kurniawan (Persero) Tbk,797545746023406,false,786893755676183,true,92424,gelanggang permainan dan ketangkasan,92424,gelanggang permainan dan ketangkasan,2025-03-13,true,snack foods,wafello,Snack foods,8,5119909,2723107,38236165,4205978,0,42442143
DKI Jakarta,Jakarta Selatan,Cilandak,Cipete,Jawa Tengah,Solo,Banjarsari,Sragen,Dinas Pekerjaan Umum,PD Safitri (Persero) Tbk,537576145756430,false,854897930329179,false,01223,pembibitan dan budidaya ayam buras,01223,pembibitan dan budidaya ayam buras,2025-05-03,true,water,prima,Water,7,1711307,1026235,10952914,1204820,0,12157734
Jawa Timur,Malang,Klojen,Kauman,Jawa Barat,Bandung,Coblong,Dago,Badan Pendidikan,PD Nasyiah Tbk,872007404639291,false,826012586615629,false,28222,industri mesin dan perkakas mesin untuk pengerjaan kayu,28222,industri mesin dan perkakas mesin untuk pengerjaan kayu,2025-04-24,true,feminine hygiene products,softex,Feminine hygiene products,7,4678522,796114,31953540,3514889,0,35468429
Jawa Timur,Malang,Klojen,Kauman,DKI Jakarta,Jakarta Timur,Matraman,Pisangan Baru,Sekretariat Kesehatan,PD Waskita Agustina,723984725023365,true,343140617122746,true,03232,jasa produksi budidaya ikan laut,03232,jasa produksi budidaya ikan laut,2024-11-16,false,detergent and laundry products,gentlegen,Laundry products,3,97572,9085,283631,31199,0,314830
Jawa Barat,Bandung,Coblong,Dago,DKI Jakarta,Jakarta Selatan,Cilandak,Cipete,Dinas Pekerjaan Umum,UD Wibisono Salahudin Tbk,117765375324121,true,158996810522646,true,47895,"perdagangan eceran kaki lima dan los pasar pakaian, alas kaki, perlengkapan pakaian dan barang perlengkapan pribadi bekas",47895,"perdagangan eceran kaki lima dan los pasar pakaian, alas kaki, perlengkapan pakaian dan barang perlengkapan pribadi bekas",2024-10-15,false,ecommerce advertising,bliklan,Advertising,9,1956718,1563773,16046689,1765135,0,17811824
Jawa Timur,Malang,Klojen,Kauman,Jawa Timur,Malang,Klojen,Kauman,Direktorat Pendidikan,Perum Sihotang Rahayu,579942845424497,true,902091543183972,false,10802,industri konsentrat makanan hewan,10802,industri konsentrat makanan hewan,2025-05-26,true,motorcycle,viar,Motorcycles,2,5454139,311078,10597200,1165692,0,11762892
Jawa Barat,Bandung,Coblong,Dago,Bali,Badung,Kuta,Legian,Kementerian Pendidikan,PD Manullang Tbk,837144604762093,true,608405715898434,true,10802,industri konsentrat makanan hewan,10802,industri konsentrat makanan hewan,2024-08-08,false,motorcycle,viar,Motorcycles,6,7658449,3344791,42605903,4686649,0,47292552
DKI Jakarta,Jakarta Timur,Jatinegara,Bali Mester,Jawa Tengah,Solo,Banjarsari,Sragen,Kementerian Pendidikan,PT Kusumo Manullang,196112055615658,true,208720362059169,false,31102,industri mesin pembangkit listrik,31102,industri mesin pembangkit listrik,2024-09-27,true,television,denpoo,Televisions,9,1056313,614953,8891864,978105,0,9869969
Bali,Badung,Kuta,Legian,Jawa Tengah,Solo,Banjarsari,Sragen,Sekretariat Keuangan,Perum Pudjiastuti Pertiwi,216644232133649,true,839417939273098,false,55114,hotel bintang dua,55114,hotel bintang dua,2024-11-22,true,ecommerce advertising,goads,Advertising,2,5923938,1166573,10681303,1174943,0,11856246
DKI Jakarta,Jakarta Timur,Matraman,Pisangan Baru,Bali,Badung,Kuta,Legian,Dinas Keuangan,Perum Firgantoro Tamba Tbk,958399476814090,false,482608234635783,false,47895,"perdagangan eceran kaki lima dan los pasar pakaian, alas kaki, perlengkapan pakaian dan barang perlengkapan pribadi bekas",47895,"perdagangan eceran kaki lima dan los pasar pakaian, alas kaki, perlengkapan pakaian dan barang perlengkapan pribadi bekas",2024-09-11,true,ecommerce advertising,bliklan,Advertising,3,2453361,593830,6766253,744287,0,7510540
Jawa Timur,Malang,Klojen,Kauman,DKI Jakarta,Jakarta Selatan,Cilandak,Cipete,Direktorat Keuangan,CV Lazuardi Sudiati Tbk,516642568550754,false,465225643246440,true,22121,industri pengasapan karet,22121,industri pengasapan karet,2024-12-11,true,air conditioner,modena,Air conditioners,3,2690899,791083,7281614,800977,0,8082591
DKI Jakarta,Jakarta Barat,Grogol,Tanjung Duren,Jawa Timur,Malang,Klojen,Kauman,Badan Kesehatan,PD Zulkarnain Jailani (Persero) Tbk,676851710047270,true,584040001798022,true,36992,industri pita mesin tulis/gambar,36992,industri pita mesin tulis/gambar,2025-06-13,false,facial care products,biore,Facial care products,10,8214342,4420243,77723177,8549549,0,86272726
Jawa Tengah,Solo,Banjarsari,Sragen,Bali,Badung,Kuta,Legian,Badan Kesehatan,Perum Rahimah Putra Tbk,254514744214720,false,469432855131393,true,10794,"industri kerupuk, keripik, peyek dan sejenisnya",10794,"industri kerupuk, keripik, peyek dan sejenisnya",2024-08-14,true,water,eternal plus,Water,8,7275192,1473834,56727702,6240047,0,62967749
Jawa Timur,Malang,Klojen,Kauman,Jawa Timur,Malang,Klojen,Kauman,Direktorat Pendidikan,CV Marbun (Persero) Tbk,452474488847859,false,555342010552922,false,16295,industri kayu bakar dan pelet kayu,16295,industri kayu bakar dan pelet kayu,2025-01-12,false,social media advertising,fb,Online and social media publicity service,2,6845314,43739,13646889,1501157,0,15148046
Jawa Barat,Bandung,Coblong,Dago,Jawa Timur,Malang,Klojen,Kauman,Sekretariat Perhubungan,CV Nasyiah Maryadi,188547296176337,false,449339198861351,false,36992,industri pita mesin tulis/gambar,36992,industri pita mesin tulis/gambar,2024-08-23,true,facial care products,biore,Facial care products,6,2870798,160179,17064609,1877106,0,18941715
DKI Jakarta,Jakarta Selatan,Cilandak,Cipete,Jawa Barat,Bandung,Coblong,Dago,Badan Kesehatan,PT Saragih Mulyani,778240505720474,true,954731821774891,true,11050,industri air minum dan air mineral,11050,industri air minum dan air mineral,2024-09-07,true,domestic refrigerator,daikin,Domestic refrigerators,8,7833840,4728955,57941765,6373594,0,64315359
Bali,Badung,Kuta,Legian,Jawa Barat,Bandung,Coblong,Dago,Direktorat Keuangan,Perum Kusumo,409258245391128,true,671210687111843,true,10291,industri penggaraman/pengeringan biota air lainnya,10291,industri penggaraman/pengeringan biota air lainnya,2025-06-24,false,snack foods,cheetos,Snack foods,8,7631856,315472,60739376,6681331,0,67420707
Jawa Tengah,Solo,Banjarsari,Sragen,Bali,Badung,Kuta,Legian,Direktorat Pekerjaan Umum,PD Susanti Rajasa Tbk,311937960841688,false,635512005847441,true,15494,industri tempe,15494,industri tempe,2025-04-03,true,diesel power generator,general power,Diesel generators,8,1786473,720241,13571543,1492869,0,15064412
DKI Jakarta,Jakarta Selatan,Cilandak,Cipete,Jawa Timur,Malang,Klojen,Kauman,Badan Keuangan,Perum Yolanda (Persero) Tbk,560233179511646,false,773161730080175,true,45311,instalasi air (plumbing),45311,instalasi air (plumbing),2024-11-12,false,electric fan,maspion,Domestic electric fan,2,5581293,198193,10964393,1206083,0,12170476
Jawa Timur,Malang,Klojen,Kauman,Jawa Tengah,Solo,Banjarsari,Sragen,Badan Perhubungan,UD Habibi Tbk,769955322477001,true,729291347919407,false,55114,hotel bintang dua,55114,hotel bintang dua,2025-02-11,false,ecommerce advertising,goads,Advertising,3,8881414,391970,26252272,2887749,0,29140021
Jawa Timur,Malang,Klojen,Kauman,Jawa Tengah,Solo,Banjarsari,Sragen,Direktorat Kesehatan,PD Thamrin Gunawan,274449277500348,true,213875852869225,true,11050,industri air minum dan air mineral,11050,industri air minum dan air mineral,2024-12-03,false,domestic refrigerator,daikin,Domestic refrigerators,10,2248638,1580077,20906303,2299693,0,23205996
Jawa Barat,Bandung,Coblong,Dago,DKI Jakarta,Jakarta Pusat,Tanah Abang,Bendungan Hilir,Direktorat Pekerjaan Umum,PT Natsir Tbk,947114803415405,false,701240591900148,true,55212,restoran/rumah makan talam selaka,55212,restoran/rumah makan talam selaka,2025-02-04,false,insurance service,avrist,Insurance law service,8,3305051,1542836,24897572,2738732,0,27636304
Bali,Badung,Kuta,Legian,Jawa Timur,Malang,Klojen,Kauman,Sekretariat Kesehatan,CV Puspita Pradipta,381478726225367,true,641095618694947,false,52405,perdagangan eceran bahan konstruksi dan sanitasi bekas di dalam bangunan,52405,perdagangan eceran bahan konstruksi dan sanitasi bekas di dalam bangunan,2025-02-08,true,insurance service,lippo,Insurance law service,9,2141745,597820,18677885,2054567,0,20732452
Jawa Barat,Bandung,Coblong,Dago,Jawa Timur,Malang,Klojen,Kauman,Badan Pendidikan,PD Hardiansyah Tbk,159959525420824,false,521042095098312,true,63460,jasa konsultasi pariwisata,63460,jasa konsultasi pariwisata,2025-01-29,false,accounting software,accurate online,Accounting software,2,6339990,470891,12209089,1342999,0,13552088
Jawa Tengah,Solo,Banjarsari,Sragen,Jawa Barat,Bandung,Coblong,Dago,Dinas Perhubungan,CV Saptono Jailani,792818806279133,true,189201771431623,true,10802,industri konsentrat makanan hewan,10802,industri konsentrat makanan hewan,2024-10-25,false,motorcycle,viar,Motorcycles,4,2558522,575462,9658626,1062448,0,10721074
Bali,Badung,Kuta,Legian,Jawa Barat,Bandung,Coblong,Dago,Dinas Perhubungan,CV Santoso Suryono,993849863083825,false,224812019376433,false,01223,pembibitan dan budidaya ayam buras,01223,pembibitan dan budidaya ayam buras,2025-04-09,true,water,prima,Water,9,9697695,4059048,83220207,9154222,0,92374429
Jawa Barat,Bandung,Coblong,Dago,Bali,Badung,Kuta,Legian,Dinas Pendidikan,Perum Gunarto Tbk,176198563579680,true,149016185996752,false,45311,instalasi air (plumbing),45311,instalasi air (plumbing),2025-07-04,false,electric fan,maspion,Domestic electric fan,5,322499,93610,1518885,167077,0,1685962
Jawa Tengah,Solo,Banjarsari,Sragen,Jawa Barat,Bandung,Coblong,Dago,Dinas Perhubungan,Perum Nashiruddin (Persero) Tbk,882942390908759,false,305229135589584,true,10802,industri konsentrat makanan hewan,10802,industri konsentrat makanan hewan,2024-12-10,true,motorcycle,viar,Motorcycles,8,670485,307696,5056184,556180,0,5612364
DKI Jakarta,Jakarta Selatan,Cilandak,Cipete,Jawa Tengah,Solo,Banjarsari,Sragen,Kementerian Kesehatan,UD Wastuti Nashiruddin Tbk,501915678462029,true,838291416888487,false,45328,instalasi jaringan pipa,45328,instalasi jaringan pipa,2024-10-14,false,domestic refrigerator,hisense,Domestic refrigerators,2,6224337,916353,11532321,1268555,0,12800876
Jawa Timur,Malang,Klojen,Kauman,Jawa Timur,Malang,Klojen,Kauman,Kementerian Perhubungan,UD Yolanda,584820542328674,true,430753479292364,false,10214,industri pemindangan ikan,10214,industri pemindangan ikan,2025-02-08,true,feminine hygiene products,laureir,Feminine hygiene products,2,5551583,620001,10483165,1153148,0,11636313
Jawa Timur,Malang,Klojen,Kauman,Jawa Tengah,Solo,Banjarsari,Sragen,Sekretariat Perhubungan,PD Sihotang Tbk,819979431936662,true,855682638161371,false,03232,jasa produksi budidaya ikan laut,03232,jasa produksi budidaya ikan laut,2025-02-19,false,detergent and laundry products,gentlegen,Laundry products,9,2734131,130613,24476566,2692422,0,27168988
Bali,Badung,Kuta,Legian,DKI Jakarta,Jakarta Selatan,Cilandak,Cipete,Direktorat Pekerjaan Umum,PT Kusmawati,781272146552704,true,606568539308745,false,47895,"perdagangan eceran kaki lima dan los pasar pakaian, alas kaki, perlengkapan pakaian dan barang perlengkapan pribadi bekas",47895,"perdagangan eceran kaki lima dan los pasar pakaian, alas kaki, perlengkapan pakaian dan barang perlengkapan pribadi bekas",2024-11-05,false,ecommerce advertising,bliklan,Advertising,8,1339923,288767,10430617,1147367,0,11577984
Jawa Tengah,Solo,Banjarsari,Sragen,Jawa Barat,Bandung,Coblong,Dago,Direktorat Pekerjaan Umum,UD Hakim,232588052793451,false,393061831955077,false,36930,industri alat-alat olahraga,36930,industri alat-alat olahraga,2024-12-02,true,powdered milk,nutrilon,Powdered milk,10,4841184,4120485,44291355,4872049,0,49163404
DKI Jakarta,Jakarta Selatan,Cilandak,Cipete,Jawa Barat,Bandung,Coblong,Dago,Badan Pendidikan,PT Puspasari Tbk,710428884131050,false,437721401692215,true,45328,instalasi jaringan pipa,45328,instalasi jaringan pipa,2024-10-27,true,domestic refrigerator,hisense,Domestic refrigerators,6,8585505,1881075,49631955,5459515,0,55091470
Jawa Barat,Bandung,Coblong,Dago,DKI Jakarta,Jakarta Timur,Jatinegara,Bali Mester,Sekretariat Kesehatan,PT Permadi Susanti (Persero) Tbk,174024131639241,false,909376781235665,false,03232,jasa produksi budidaya ikan laut,03232,jasa produksi budidaya ikan laut,2024-12-09,false,detergent and laundry products,gentlegen,Laundry products,7,9695230,618665,67247945,7397273,0,74645218
Jawa Tengah,Solo,Banjarsari,Sragen,Bali,Badung,Kuta,Legian,Dinas Perhubungan,PD Prabowo,162392423882246,true,272281953408876,false,16295,industri kayu bakar dan pelet kayu,16295,industri kayu bakar dan pelet kayu,2024-08-16,true,social media advertising,fb,Online and social media publicity service,3,5463349,1487577,14902470,1639271,0,16541741
Jawa Tengah,Solo,Banjarsari,Sragen,Jawa Barat,Bandung,Coblong,Dago,Sekretariat Pekerjaan Umum,CV Nuraini Maulana,665845162650755,true,273609366929374,true,92331,kebun raya dan kebun binatang,92331,kebun raya dan kebun binatang,2025-07-09,false,domestic refrigerator,panasonik,Domestic refrigerators,10,741125,29751,7381499,811964,0,8193463
DKI Jakarta,Jakarta Timur,Matraman,Pisangan Baru,Bali,Badung,Kuta,Legian,Badan Perhubungan,PT Prabowo (Persero) Tbk,871233565012431,false,610642824192083,true,63460,jasa konsultasi pariwisata,63460,jasa konsultasi pariwisata,2025-07-15,true,accounting software,accurate online,Accounting software,3,7425356,1743243,20532825,2258610,0,22791435
Jawa Timur,Malang,Klojen,Kauman,Jawa Tengah,Solo,Banjarsari,Sragen,Dinas Keuangan,CV Budiyanto Wibisono Tbk,732363131714795,true,372173448139836,false,24214,industri bahan amelioran (pembenah tanah),24214,industri bahan amelioran (pembenah tanah),2024-10-16,true,facial care products,nivea,Facial care products,5,7592969,1039847,36924998,4061749,0,40986747
DKI Jakarta,Jakarta Barat,Grogol,Tanjung Duren,Bali,Badung,Kuta,Legian,Badan Pekerjaan Umum,UD Mahendra Tamba Tbk,452087336279935,true,279404061535276,false,47895,"perdagangan eceran kaki lima dan los pasar pakaian, alas kaki, perlengkapan pakaian dan barang perlengkapan pribadi bekas",47895,"perdagangan eceran kaki lima dan los pasar pakaian, alas kaki, perlengkapan pakaian dan barang perlengkapan pribadi bekas",2024-09-28,false,ecommerce advertising,bliklan,Advertising,8,5226450,2086122,39725478,4369802,0,44095280
DKI Jakarta,Jakarta Pusat,Tanah Abang,Bendungan Hilir,Jawa Barat,Bandung,Coblong,Dago,Badan Perhubungan,Perum Iswahyudi Simanjuntak,836633460948636,false,704260176154207,true,08992,penggalian batu bahan industri,08992,penggalian batu bahan industri,2024-11-19,true,soft drinks,lasegar,Soft drinks,7,2297055,554639,15524746,1707722,0,17232468
Jawa Tengah,Solo,Banjarsari,Sragen,Jawa Timur,Malang,Klojen,Kauman,Sekretariat Keuangan,Perum Napitupulu Wibowo,534990308588038,false,719084164103422,false,01223,pembibitan dan budidaya ayam buras,01223,pembibitan dan budidaya ayam buras,2025-06-24,true,water,prima,Water,3,1672046,206518,4809620,529058,0,5338678
Jawa Tengah,Solo,Banjarsari,Sragen,Bali,Badung,Kuta,Legian,Kementerian Kesehatan,Perum Lestari Winarsih,474970889663627,false,614522132708623,true,47895,"perdagangan eceran kaki lima dan los pasar pakaian, alas kaki, perlengkapan pakaian dan barang perlengkapan pribadi bekas",47895,"perdagangan eceran kaki lima dan los pasar pakaian, alas kaki, perlengkapan pakaian dan barang perlengkapan pribadi bekas",2025-07-04,true,ecommerce advertising,bliklan,Advertising,6,5394047,681582,31682700,3485097,0,35167797
Bali,Badung,Kuta,Legian,Bali,Badung,Kuta,Legian,Badan Keuangan,PT Haryanto Irawan Tbk,223405894325116,false,446413094240484,true,10794,"industri kerupuk, keripik, peyek dan sejenisnya",10794,"industri kerupuk, keripik, peyek dan sejenisnya",2025-05-11,false,water,eternal plus,Water,5,9755188,4845548,43930392,4832343,0,48762735
DKI Jakarta,Jakarta Pusat,Tanah Abang,Bendungan Hilir,Jawa Barat,Bandung,Coblong,Dago,Dinas Pendidikan,PT Melani,453185644930902,false,564952335020790,true,02011,pengusahaan hutan jati,02011,pengusahaan hutan jati,2024-09-23,false,hair shampoo,zinc,Shampoos,9,7962226,7116702,64543332,7099766,0,71643098
DKI Jakarta,Jakarta Selatan,Cilandak,Cipete,Jawa Timur,Malang,Klojen,Kauman,Direktorat Pekerjaan Umum,CV Sirait Sihombing Tbk,715049377005134,false,969184024459538,false,45227,bangunan dermaga,45227,bangunan dermaga,2025-02-19,false,fresh bread,jordan,Fresh bread,4,4185904,585118,16158498,1777434,0,17935932
Jawa Tengah,Solo,Banjarsari,Sragen,Jawa Barat,Bandung,Coblong,Dago,Badan Pekerjaan Umum,CV Sudiati Hutapea (Persero) Tbk,912521034329965,false,237216851218567,false,55114,hotel bintang dua,55114,hotel bintang dua,2025-05-17,false,ecommerce advertising,goads,Advertising,6,2507461,609123,14435643,1587920,0,16023563
Jawa Tengah,Solo,Banjarsari,Sragen,Jawa Tengah,Solo,Banjarsari,Sragen,Sekretariat Keuangan,PD Nashiruddin Rajasa (Persero) Tbk,732777244059650,false,222978388169233,true,15493,industri kecap,15493,industri kecap,2025-03-25,true,freezer,electrolux,Upright cabinet freezer,1,8959397,236633,8722764,959504,0,9682268
Jawa Barat,Bandung,Coblong,Dago,Jawa Tengah,Solo,Banjarsari,Sragen,Kementerian Pekerjaan Umum,CV Simanjuntak,558136249881488,false,832440003481825,true,45227,bangunan dermaga,45227,bangunan dermaga,2025-07-14,false,fresh bread,jordan,Fresh bread,6,4838474,2709092,26321752,2895392,0,29217144
DKI Jakarta,Jakarta Selatan,Cilandak,Cipete,Jawa Timur,Malang,Klojen,Kauman,Direktorat Kesehatan,Perum Wastuti Tbk,943303671404344,false,142184639397270,true,15494,industri tempe,15494,industri tempe,2025-01-04,false,diesel power generator,general power,Diesel generators,10,1850206,702634,17799426,1957936,0,19757362
Jawa Timur,Malang,Klojen,Kauman,Jawa Tengah,Solo,Banjarsari,Sragen,Dinas Perhubungan,Perum Astuti (Persero) Tbk,389655378806581,true,929353950381452,false,24202,industri pembuatan logam dasar bukan besi,24202,industri pembuatan logam dasar bukan besi,2024-08-25,false,taxicab service,blue bird,Taxicab services,10,3290708,736079,32171001,3538810,0,35709811
Jawa Timur,Malang,Klojen,Kauman,Jawa Timur,Malang,Klojen,Kauman,Direktorat Keuangan,UD Widodo Hidayat,379279972794550,true,531864376644331,true,28222,industri mesin dan perkakas mesin untuk pengerjaan kayu,28222,industri mesin dan perkakas mesin untuk pengerjaan kayu,2025-02-16,false,feminine hygiene products,softex,Feminine hygiene products,5,5580194,1266452,26634518,2929796,0,29564314
Bali,Badung,Kuta,Legian,Jawa Barat,Bandung,Coblong,Dago,Badan Kesehatan,PD Wahyuni,872451609436676,false,232197763178207,false,52213,perdagangan eceran khusus sayuran di dalam bangunan,52213,perdagangan eceran khusus sayuran di dalam bangunan,2024-11-27,false,instant noodle or pasta,pop mie,Plain pasta and noodles,10,3755235,919091,36633259,4029658,0,40662917
Jawa Timur,Malang,Klojen,Kauman,Jawa Timur,Malang,Klojen,Kauman,Sekretariat Pendidikan,UD Puspasari Nashiruddin,602994467003049,false,226334591130764,true,08992,penggalian batu bahan industri,08992,penggalian batu bahan industri,2025-03-09,true,soft drinks,lasegar,Soft drinks,10,9053663,2514105,88022525,9682477,0,97705002
Jawa Tengah,Solo,Banjarsari,Sragen,Bali,Badung,Kuta,Legian,Kementerian Perhubungan,PD Mulyani (Persero) Tbk,677862646569635,false,734905502465710,true,46413,perdagangan besar alas kaki,46413,perdagangan besar alas kaki,2025-05-22,false,laundry washing machine,brother,Laundry type washing machines,5,415247,103795,1972440,216968,0,2189408
DKI Jakarta,Jakarta Selatan,Cilandak,Cipete,Jawa Timur,Malang,Klojen,Kauman,Kementerian Perhubungan,PD Kurniawan Adriansyah,423235080029916,false,965784575508877,true,10612,"industri pengupasan, pembersihan dan sortasi kopi",10612,"industri pengupasan, pembersihan dan sortasi kopi",2025-01-13,false,social media advertising,ig,Online and social media publicity service,6,6466943,1881301,36920357,4061239,0,40981596
Jawa Timur,Malang,Klojen,Kauman,DKI Jakarta,Jakarta Selatan,Cilandak,Cipete,Dinas Pendidikan,PD Pudjiastuti Tbk,125596957882751,false,858291349597282,false,28222,industri mesin dan perkakas mesin untuk pengerjaan kayu,28222,industri mesin dan perkakas mesin untuk pengerjaan kayu,2025-01-29,false,feminine hygiene products,softex,Feminine hygiene products,4,4202562,966001,15844247,1742867,0,17587114
Jawa Barat,Bandung,Coblong,Dago,DKI Jakarta,Jakarta Pusat,Tanah Abang,Bendungan Hilir,Dinas Pendidikan,CV Yuliarti Wulandari,768718251400683,true,773044767569452,true,24202,industri pembuatan logam dasar bukan besi,24202,industri pembuatan logam dasar bukan besi,2024-08-20,true,taxicab service,blue bird,Taxicab services,1,6798892,460285,6338607,697246,0,7035853
Bali,Badung,Kuta,Legian,Bali,Badung,Kuta,Legian,Sekretariat Pekerjaan Umum,UD Ardianto,857206052311136,false,439754405445161,true,02011,pengusahaan hutan jati,02011,pengusahaan hutan jati,2025-05-16,true,hair shampoo,zinc,Shampoos,7,5091569,1154079,34486904,3793559,0,38280463
Bali,Badung,Kuta,Legian,DKI Jakarta,Jakarta Timur,Jatinegara,Bali Mester,Direktorat Perhubungan,CV Prasetyo,437640904925208,false,949394997047632,false,15494,industri tempe,15494,industri tempe,2025-04-27,true,diesel power generator,general power,Diesel generators,4,5095519,1798394,18583682,2044205,0,20627887
Jawa Barat,Bandung,Coblong,Dago,Jawa Timur,Malang,Klojen,Kauman,Badan Kesehatan,UD Budiman Ramadan,828127224159620,true,606414964867736,false,67204,broker,67204,broker,2025-06-01,true,air conditioner,changhong,Air conditioners,9,3245751,216160,28995599,3189515,0,32185114
Jawa Timur,Malang,Klojen,Kauman,Bali,Badung,Kuta,Legian,Badan Keuangan,Perum Winarsih Najmudin (Persero) Tbk,338473830000895,true,934829810317036,true,36992,industri pita mesin tulis/gambar,36992,industri pita mesin tulis/gambar,2025-06-28,false,facial care products,biore,Facial care products,4,3481161,831797,13092847,1440213,0,14533060
Bali,Badung,Kuta,Legian,Jawa Timur,Malang,Klojen,Kauman,Badan Pekerjaan Umum,PD Utami Maheswara,659887138420416,false,913367941377966,false,03125,penangkapan/pengambilan induk/benih ikan di perairan umum,03125,penangkapan/pengambilan induk/benih ikan di perairan umum,2025-04-03,false,tablet computers,realme,Tablet computers,4,6269396,1312490,23765094,2614160,0,26379254
DKI Jakarta,Jakarta Selatan,Cilandak,Cipete,Jawa Tengah,Solo,Banjarsari,Sragen,Dinas Keuangan,PD Pertiwi (Persero) Tbk,527659471519779,true,719967788759235,false,01223,pembibitan dan budidaya ayam buras,01223,pembibitan dan budidaya ayam buras,2025-04-15,false,water,prima,Water,8,8280828,3865713,62380911,6861900,0,69242811
Jawa Tengah,Solo,Banjarsari,Sragen,Jawa Barat,Bandung,Coblong,Dago,Kementerian Pendidikan,PD Usamah Palastri Tbk,254800982493550,true,896201329252558,true,46413,perdagangan besar alas kaki,46413,perdagangan besar alas kaki,2024-11-09,true,laundry washing machine,brother,Laundry type washing machines,4,8534790,1912643,32226517,3544916,0,35771433
DKI Jakarta,Jakarta Pusat,Tanah Abang,Bendungan Hilir,DKI Jakarta,Jakarta Pusat,Tanah Abang,Bendungan Hilir,Sekretariat Keuangan,PD Megantara,119298519378838,false,301837305587776,true,47895,"perdagangan eceran kaki lima dan los pasar pakaian, alas kaki, perlengkapan pakaian dan barang perlengkapan pribadi bekas",47895,"perdagangan eceran kaki lima dan los pasar pakaian, alas kaki, perlengkapan pakaian dan barang perlengkapan pribadi bekas",2025-03-06,true,ecommerce advertising,bliklan,Advertising,9,2548085,1010696,21922069,2411427,0,24333496
Bali,Badung,Kuta,Legian,Jawa Timur,Malang,Klojen,Kauman,Direktorat Pekerjaan Umum,UD Simanjuntak Maheswara,354295123301442,false,190769185427867,true,31202,industri peralatan pengontrol arus listik,31202,industri peralatan pengontrol arus listik,2024-09-05,true,powdered milk,dnco,Powdered milk,7,6412994,3163927,41727031,4589973,0,46317004
Jawa Timur,Malang,Klojen,Kauman,DKI Jakarta,Jakarta Pusat,Tanah Abang,Bendungan Hilir,Sekretariat Pendidikan,Perum Nababan Wulandari (Persero) Tbk,694654950132065,true,338032369351219,false,23963,industri  barang  dari  batu  untuk  keperluan  rumah tangga dan pajangan,23963,industri  barang  dari  batu  untuk  keperluan  rumah tangga dan pajangan,2025-01-20,false,powdered milk,chil kid,Powdered milk,1,1297353,89709,1207644,132840,0,1340484
Bali,Badung,Kuta,Legian,DKI Jakarta,Jakarta Selatan,Cilandak,Cipete,Kementerian Keuangan,PT Wibisono Palastri (Persero) Tbk,734960072824546,true,538154737028864,false,01702,penangkaran satwa liar,01702,penangkaran satwa liar,2024-11-28,false,bathing soap,lifebuoy,Soaps,3,1365798,262559,3834835,421831,0,4256666
Jawa Tengah,Solo,Banjarsari,Sragen,Jawa Barat,Bandung,Coblong,Dago,Badan Pendidikan,PD Wastuti Laksita,407741425263035,false,356862626263087,false,26412,industri kapur,26412,industri kapur,2025-03-10,false,baby diapers,mamy  poko,Infant diapers,7,3166163,1594140,20569001,2262590,0,22831591
Bali,Badung,Kuta,Legian,DKI Jakarta,Jakarta Timur,Matraman,Pisangan Baru,Dinas Perhubungan,Perum Najmudin Maryadi,506111992795933,true,105845843567135,false,63460,jasa konsultasi pariwisata,63460,jasa konsultasi pariwisata,2025-05-29,false,accounting software,accurate online,Accounting software,6,4575929,428789,27026785,2972946,0,29999731
DKI Jakarta,Jakarta Selatan,Cilandak,Cipete,Bali,Badung,Kuta,Legian,Kementerian Keuangan,CV Astuti (Persero) Tbk,204782402509164,false,533739571962471,true,16295,industri kayu bakar dan pelet kayu,16295,industri kayu bakar dan pelet kayu,2024-11-11,false,social media advertising,fb,Online and social media publicity service,7,6556196,710511,45182861,4970114,0,50152975
Bali,Badung,Kuta,Legian,Jawa Barat,Bandung,Coblong,Dago,Badan Perhubungan,Perum Mandala,171232659389468,true,410704096080305,false,47743,perdagangan eceran barang perlengkapan pribadi bekas,47743,perdagangan eceran barang perlengkapan pribadi bekas,2024-08-10,false,water,aqua,Water,8,1340526,757333,9966875,1096356,0,11063231
Jawa Barat,Bandung,Coblong,Dago,DKI Jakarta,Jakarta Selatan,Cilandak,Cipete,Direktorat Keuangan,Perum Habibi,798275102718349,false,595644936296589,false,10612,"industri pengupasan, pembersihan dan sortasi kopi",10612,"industri pengupasan, pembersihan dan sortasi kopi",2025-06-26,false,social media advertising,ig,Online and social media publicity service,10,2333789,1260116,22077774,2428555,0,24506329
Bali,Badung,Kuta,Legian,Jawa Barat,Bandung,Coblong,Dago,Direktorat Pekerjaan Umum,UD Yuniar Wulandari,372948530215165,false,415591517088009,false,36992,industri pita mesin tulis/gambar,36992,industri pita mesin tulis/gambar,2024-10-09,false,facial care products,biore,Facial care products,2,9509841,419011,18600671,2046073,0,20646744
Bali,Badung,Kuta,Legian,Jawa Barat,Bandung,Coblong,Dago,Direktorat Perhubungan,Perum Mustofa,813072543088160,false,384491083225447,true,47822,"perdagangan eceran kaki lima dan los pasar roti, kue kering, kue basah dan sejenisnya",47822,"perdagangan eceran kaki lima dan los pasar roti, kue kering, kue basah dan sejenisnya",2024-12-29,false,snack foods,dk,Snack foods,7,1290929,470880,8565623,942218,0,9507841
Jawa Timur,Malang,Klojen,Kauman,Jawa Tengah,Solo,Banjarsari,Sragen,Badan Kesehatan,Perum Rajasa Wijaya Tbk,789813181286437,true,862767487321040,false,80122,jasa pendidikan sekolah dasar swasta,80122,jasa pendidikan sekolah dasar swasta,2025-03-17,false,edible vegetable oil,kunci mas,Edible vegetable or plant oils,7,1827454,22120,12770058,1404706,0,14174764
Jawa Tengah,Solo,Banjarsari,Sragen,Jawa Tengah,Solo,Banjarsari,Sragen,Badan Pendidikan,PT Rajasa,217709947200209,false,196666664553517,true,02011,pengusahaan hutan jati,02011,pengusahaan hutan jati,2025-04-12,true,hair shampoo,zinc,Shampoos,6,5282651,1438925,30256981,3328267,0,33585248
Jawa Barat,Bandung,Coblong,Dago,DKI Jakarta,Jakarta Pusat,Tanah Abang,Bendungan Hilir,Kementerian Keuangan,PD Waluyo Mustofa Tbk,229573626158256,true,486271530966130,true,01217,pembibitan dan budidaya kambing perah,01217,pembibitan dan budidaya kambing perah,2025-02-13,true,air conditioner,aqua,Air conditioners,4,8706941,731709,34096055,3750566,0,37846621
Jawa Barat,Bandung,Coblong,Dago,Jawa Barat,Bandung,Coblong,Dago,Direktorat Perhubungan,UD Anggriawan Rajasa,930221598663946,true,766761243875610,false,23963,industri  barang  dari  batu  untuk  keperluan  rumah tangga dan pajangan,23963,industri  barang  dari  batu  untuk  keperluan  rumah tangga dan pajangan,2024-09-14,false,powdered milk,chil kid,Powdered milk,1,3653680,107890,3545790,390036,0,3935826
DKI Jakarta,Jakarta Barat,Grogol,Tanjung Duren,Jawa Tengah,Solo,Banjarsari,Sragen,Badan Perhubungan,CV Mayasari Haryanto (Persero) Tbk,452864373087942,false,541967645209973,true,01702,penangkaran satwa liar,01702,penangkaran satwa liar,2024-10-27,false,bathing soap,lifebuoy,Soaps,6,7731625,1447265,44942485,4943673,0,49886158
Jawa Tengah,Solo,Banjarsari,Sragen,DKI Jakarta,Jakarta Selatan,Cilandak,Cipete,Dinas Keuangan,PD Rajata,259157286407864,false,771515638085579,true,52405,perdagangan eceran bahan konstruksi dan sanitasi bekas di dalam bangunan,52405,perdagangan eceran bahan konstruksi dan sanitasi bekas di dalam bangunan,2025-05-01,false,insurance service,lippo,Insurance law service,7,3166429,2041242,20123761,2213613,0,22337374
Bali,Badung,Kuta,Legian,Jawa Tengah,Solo,Banjarsari,Sragen,Direktorat Pekerjaan Umum,Perum Wastuti,645619801542515,true,669072693794771,false,45227,bangunan dermaga,45227,bangunan dermaga,2025-05-31,false,fresh bread,jordan,Fresh bread,8,7023121,3723298,52461670,5770783,0,58232453
Jawa Barat,Bandung,Coblong,Dago,Jawa Tengah,Solo,Banjarsari,Sragen,Sekretariat Keuangan,PD Mulyani Rahimah,979034499055172,false,936000633747433,false,52213,perdagangan eceran khusus sayuran di dalam bangunan,52213,perdagangan eceran khusus sayuran di dalam bangunan,2025-04-27,true,instant noodle or pasta,pop mie,Plain pasta and noodles,10,1966069,561803,19098887,2100877,0,21199764
Bali,Badung,Kuta,Legian,Bali,Badung,Kuta,Legian,Dinas Keuangan,UD Namaga (Persero) Tbk,606351012823130,false,197937352105983,false,26311,industri bata tahan api dan sejenisnya,26311,industri bata tahan api dan sejenisnya,2025-07-12,true,detergent and laundry products,vanish,Laundry products,4,3571171,1232965,13051719,1435689,0,14487408
Jawa Tengah,Solo,Banjarsari,Sragen,Jawa Barat,Bandung,Coblong,Dago,Sekretariat Keuangan,PD Hariyah Puspasari Tbk,706597974567506,true,429478555098634,false,31402,industri akumulator listrik (batu baterai sekunder),31402,industri akumulator listrik (batu baterai sekunder),2025-05-23,false,motorcycle,yamaha,Motorcycles,9,1647613,284350,14544167,1599858,0,16144025
Jawa Timur,Malang,Klojen,Kauman,Jawa Barat,Bandung,Coblong,Dago,Dinas Perhubungan,PT Yulianti (Persero) Tbk,260071238363869,false,566376015238997,false,49425,angkutan darat lainnya untuk wisata,49425,angkutan darat lainnya untuk wisata,2025-02-13,false,fresh bread,arnon,Fresh bread,2,1611871,211209,3012533,331378,0,3343911
Jawa Tengah,Solo,Banjarsari,Sragen,Jawa Tengah,Solo,Banjarsari,Sragen,Badan Pendidikan,UD Utama Purwanti,701711155711097,false,656998038644171,false,11050,industri air minum dan air mineral,11050,industri air minum dan air mineral,2024-09-15,false,domestic refrigerator,daikin,Domestic refrigerators,5,5716591,2295586,26287369,2891610,0,29178979
Jawa Barat,Bandung,Coblong,Dago,DKI Jakarta,Jakarta Barat,Grogol,Tanjung Duren,Kementerian Kesehatan,Perum Mahendra,613993516522938,true,327789722894669,true,26514,industri alat uji dalam proses industri,26514,industri alat uji dalam proses industri,2025-02-06,false,instant noodle or pasta,atom bulan,Plain pasta and noodles,3,4647283,195748,13746101,1512071,0,15258172
Jawa Tengah,Solo,Banjarsari,Sragen,Jawa Barat,Bandung,Coblong,Dago,Dinas Perhubungan,PT Sinaga,202682598433091,true,340290539974969,false,26311,industri bata tahan api dan sejenisnya,26311,industri bata tahan api dan sejenisnya,2024-08-16,true,detergent and laundry products,vanish,Laundry products,3,3844852,1089353,10445203,1148972,0,11594175
Jawa Timur,Malang,Klojen,Kauman,DKI Jakarta,Jakarta Pusat,Tanah Abang,Bendungan Hilir,Kementerian Kesehatan,PT Tampubolon Widiastuti,200576894443254,true,452801941842557,false,63210,pergudangan,63210,pergudangan,2025-04-12,false,edible vegetable oil,barco,Edible vegetable or plant oils,3,6470993,1622064,17790915,1957000,0,19747915
Jawa Barat,Bandung,Coblong,Dago,Bali,Badung,Kuta,Legian,Dinas Kesehatan,UD Permata Maulana,563546886270564,false,344597786050824,true,49425,angkutan darat lainnya untuk wisata,49425,angkutan darat lainnya untuk wisata,2025-03-02,true,fresh bread,arnon,Fresh bread,3,2116235,618213,5730492,630354,0,6360846
Jawa Timur,Malang,Klojen,Kauman,Jawa Barat,Bandung,Coblong,Dago,Dinas Pekerjaan Umum,UD Marpaung Tbk,775549397324546,false,130200880630361,false,01223,pembibitan dan budidaya ayam buras,01223,pembibitan dan budidaya ayam buras,2024-09-18,true,water,prima,Water,9,8598370,1582481,75802849,8338313,0,84141162
Jawa Timur,Malang,Klojen,Kauman,Jawa Timur,Malang,Klojen,Kauman,Direktorat Pekerjaan Umum,CV Megantara (Persero) Tbk,694797440915390,true,506561547900263,false,26412,industri kapur,26412,industri kapur,2025-05-30,true,baby diapers,mamy  poko,Infant diapers,7,9585840,3530459,63570421,6992746,0,70563167
Bali,Badung,Kuta,Legian,DKI Jakarta,Jakarta Barat,Grogol,Tanjung Duren,Dinas Pendidikan,CV Sihombing,168083489056789,false,422558514772864,false,52101,pergudangan,52101,pergudangan,2025-01-08,false,hair shampoo,ellips,Shampoos,7,1432909,671652,9358711,1029458,0,10388169
Bali,Badung,Kuta,Legian,Jawa Tengah,Solo,Banjarsari,Sragen,Sekretariat Keuangan,Perum Mahendra Prakasa (Persero) Tbk,760267000593102,true,886637477332110,false,92429,jasa rekreasi lainnya,92429,jasa rekreasi lainnya,2025-05-21,true,television,panasonic,Televisions,1,4151689,45200,4106489,451713,0,4558202
DKI Jakarta,Jakarta Pusat,Tanah Abang,Bendungan Hilir,Jawa Barat,Bandung,Coblong,Dago,Kementerian Kesehatan,UD Saefullah Zulaika Tbk,688850095303382,false,518687014016389,true,10291,industri penggaraman/pengeringan biota air lainnya,10291,industri penggaraman/pengeringan biota air lainnya,2024-12-25,false,snack foods,cheetos,Snack foods,2,542516,43910,1041122,114523,0,1155645
Jawa Tengah,Solo,Banjarsari,Sragen,Jawa Timur,Malang,Klojen,Kauman,Direktorat Pekerjaan Umum,CV Andriani Irawan (Persero) Tbk,513979729509683,true,970689750862228,true,23963,industri  barang  dari  batu  untuk  keperluan  rumah tangga dan pajangan,23963,industri  barang  dari  batu  untuk  keperluan  rumah tangga dan pajangan,2024-10-29,true,powdered milk,chil kid,Powdered milk,4,8586665,10773,34335887,3776947,0,38112834
DKI Jakarta,Jakarta Selatan,Cilandak,Cipete,Jawa Tengah,Solo,Banjarsari,Sragen,Kementerian Pekerjaan Umum,Perum Maulana Sirait Tbk,933918211854631,false,462315815441909,true,15493,industri kecap,15493,industri kecap,2025-02-05,false,freezer,electrolux,Upright cabinet freezer,6,4600953,326682,27279036,3000693,0,30279729
Jawa Tengah,Solo,Banjarsari,Sragen,Jawa Barat,Bandung,Coblong,Dago,Direktorat Keuangan,UD Novitasari,468505233466290,true,614251694761415,true,26514,industri alat uji dalam proses industri,26514,industri alat uji dalam proses industri,2025-06-12,false,instant noodle or pasta,atom bulan,Plain pasta and noodles,4,4942153,1182388,18586224,2044484,0,20630708
Bali,Badung,Kuta,Legian,Bali,Badung,Kuta,Legian,Dinas Pendidikan,PD Situmorang Tbk,561661449329362,true,709723147992438,false,92331,kebun raya dan kebun binatang,92331,kebun raya dan kebun binatang,2025-07-06,true,domestic refrigerator,panasonik,Domestic refrigerators,6,74528,43077,404091,44450,0,448541
Jawa Tengah,Solo,Banjarsari,Sragen,Jawa Timur,Malang,Klojen,Kauman,Badan Pendidikan,CV Anggriawan,685197220460334,false,616179359408725,true,28222,industri mesin dan perkakas mesin untuk pengerjaan kayu,28222,industri mesin dan perkakas mesin untuk pengerjaan kayu,2025-02-20,true,feminine hygiene products,softex,Feminine hygiene products,9,2289990,1336338,19273572,2120092,0,21393664
DKI Jakarta,Jakarta Barat,Grogol,Tanjung Duren,Jawa Barat,Bandung,Coblong,Dago,Direktorat Keuangan,PD Utama (Persero) Tbk,609758149507850,false,184087873073667,true,10794,"industri kerupuk, keripik, peyek dan sejenisnya",10794,"industri kerupuk, keripik, peyek dan sejenisnya",2025-01-12,true,water,eternal plus,Water,10,1878260,325919,18456681,2030234,0,20486915
Jawa Barat,Bandung,Coblong,Dago,Jawa Timur,Malang,Klojen,Kauman,Direktorat Keuangan,UD Mangunsong,398373368111587,true,277455552123591,false,47895,"perdagangan eceran kaki lima dan los pasar pakaian, alas kaki, perlengkapan pakaian dan barang perlengkapan pribadi bekas",47895,"perdagangan eceran kaki lima dan los pasar pakaian, alas kaki, perlengkapan pakaian dan barang perlengkapan pribadi bekas",2024-10-01,true,ecommerce advertising,bliklan,Advertising,4,5549465,622115,21575745,2373331,0,23949076
Jawa Barat,Bandung,Coblong,Dago,Jawa Tengah,Solo,Banjarsari,Sragen,Direktorat Perhubungan,Perum Santoso Wacana,942262654417986,true,620211140700784,true,10802,industri konsentrat makanan hewan,10802,industri konsentrat makanan hewan,2024-12-21,true,motorcycle,viar,Motorcycles,2,250603,4041,497165,54688,0,551853
Jawa Barat,Bandung,Coblong,Dago,Jawa Tengah,Solo,Banjarsari,Sragen,Kementerian Pendidikan,Perum Napitupulu Tbk,599258362914231,true,473291966741349,true,26311,industri bata tahan api dan sejenisnya,26311,industri bata tahan api dan sejenisnya,2025-07-24,true,detergent and laundry products,vanish,Laundry products,8,899559,176149,7020323,772235,0,7792558
Jawa Timur,Malang,Klojen,Kauman,Jawa Timur,Malang,Klojen,Kauman,Dinas Kesehatan,PT Prayoga Natsir Tbk,415088571806871,false,267344310063075,true,26514,industri alat uji dalam proses industri,26514,industri alat uji dalam proses industri,2025-06-04,true,instant noodle or pasta,atom bulan,Plain pasta and noodles,5,8420012,3456041,38644019,4250842,0,42894861
Jawa Timur,Malang,Klojen,Kauman,Jawa Timur,Malang,Klojen,Kauman,Sekretariat Kesehatan,PT Jailani,712105004442404,true,530656325258784,false,23963,industri  barang  dari  batu  untuk  keperluan  rumah tangga dan pajangan,23963,industri  barang  dari  batu  untuk  keperluan  rumah tangga dan pajangan,2025-02-28,false,powdered milk,chil kid,Powdered milk,9,8181572,2885967,70748181,7782299,0,78530480
Bali,Badung,Kuta,Legian,Jawa Barat,Bandung,Coblong,Dago,Kementerian Keuangan,PD Simanjuntak Rahimah Tbk,631072669777697,false,757515541939384,true,80122,jasa pendidikan sekolah dasar swasta,80122,jasa pendidikan sekolah dasar swasta,2024-09-14,true,edible vegetable oil,kunci mas,Edible vegetable or plant oils,2,4208351,688772,7727930,850072,0,8578002
Jawa Tengah,Solo,Banjarsari,Sragen,Jawa Tengah,Solo,Banjarsari,Sragen,Sekretariat Keuangan,PD Setiawan,931032389782298,false,766041683974114,true,03125,penangkapan/pengambilan induk/benih ikan di perairan umum,03125,penangkapan/pengambilan induk/benih ikan di perairan umum,2025-03-25,false,tablet computers,realme,Tablet computers,10,9505747,2384080,92673390,10194072,0,102867462
Jawa Barat,Bandung,Coblong,Dago,Jawa Timur,Malang,Klojen,Kauman,Dinas Pekerjaan Umum,Perum Sihombing,122437848931566,false,473498948930341,true,80122,jasa pendidikan sekolah dasar swasta,80122,jasa pendidikan sekolah dasar swasta,2024-09-17,true,edible vegetable oil,kunci mas,Edible vegetable or plant oils,6,3027282,1682806,16480886,1812897,0,18293783
DKI Jakarta,Jakarta Barat,Grogol,Tanjung Duren,DKI Jakarta,Jakarta Timur,Matraman,Pisangan Baru,Direktorat Pekerjaan Umum,CV Saragih,478932513554060,false,253628070780851,true,36992,industri pita mesin tulis/gambar,36992,industri pita mesin tulis/gambar,2025-03-02,false,facial care products,biore,Facial care products,8,5373132,1461317,41523739,4567611,0,46091350
Bali,Badung,Kuta,Legian,Jawa Timur,Malang,Klojen,Kauman,Dinas Pendidikan,Perum Natsir Rajasa,890394021594864,false,136458119728348,true,67204,broker,67204,broker,2025-02-02,false,air conditioner,changhong,Air conditioners,10,3756007,2682873,34877197,3836491,0,38713688
DKI Jakarta,Jakarta Pusat,Tanah Abang,Bendungan Hilir,DKI Jakarta,Jakarta Selatan,Cilandak,Cipete,Dinas Pendidikan,PD Habibi,898227495939472,false,112830985574115,false,80122,jasa pendidikan sekolah dasar swasta,80122,jasa pendidikan sekolah dasar swasta,2025-07-17,true,edible vegetable oil,kunci mas,Edible vegetable or plant oils,4,1187407,183753,4565875,502246,0,5068121
DKI Jakarta,Jakarta Barat,Grogol,Tanjung Duren,Jawa Timur,Malang,Klojen,Kauman,Direktorat Perhubungan,PD Saefullah Tbk,714765947406646,false,988029497511615,true,10612,"industri pengupasan, pembersihan dan sortasi kopi",10612,"industri pengupasan, pembersihan dan sortasi kopi",2025-04-05,true,social media advertising,ig,Online and social media publicity service,8,1286638,838016,9455088,1040059,0,10495147
Jawa Tengah,Solo,Banjarsari,Sragen,DKI Jakarta,Jakarta Barat,Grogol,Tanjung Duren,Direktorat Kesehatan,Perum Gunarto Situmorang (Persero) Tbk,184446495858677,true,768818053787104,false,36992,industri pita mesin tulis/gambar,36992,industri pita mesin tulis/gambar,2025-05-14,true,facial care products,biore,Facial care products,7,2818193,1273637,18453714,2029908,0,20483622
Jawa Barat,Bandung,Coblong,Dago,Jawa Barat,Bandung,Coblong,Dago,Badan Keuangan,Perum Aryani Kuswandari Tbk,207989382985451,true,743757155630431,false,10291,industri penggaraman/pengeringan biota air lainnya,10291,industri penggaraman/pengeringan biota air lainnya,2025-02-22,true,snack foods,cheetos,Snack foods,1,6103704,4000,6099704,670967,0,6770671
DKI Jakarta,Jakarta Timur,Jatinegara,Bali Mester,DKI Jakarta,Jakarta Barat,Grogol,Tanjung Duren,Badan Pendidikan,CV Rahayu,447171292577337,false,650672664613069,false,23963,industri  barang  dari  batu  untuk  keperluan  rumah tangga dan pajangan,23963,industri  barang  dari  batu  untuk  keperluan  rumah tangga dan pajangan,2025-01-20,true,powdered milk,chil kid,Powdered milk,9,6551626,1550896,57413738,6315511,0,63729249
Jawa Timur,Malang,Klojen,Kauman,DKI Jakarta,Jakarta Timur,Jatinegara,Bali Mester,Badan Kesehatan,UD Pudjiastuti (Persero) Tbk,402373587831583,true,946938135101430,true,47895,"perdagangan eceran kaki lima dan los pasar pakaian, alas kaki, perlengkapan pakaian dan barang perlengkapan pribadi bekas",47895,"perdagangan eceran kaki lima dan los pasar pakaian, alas kaki, perlengkapan pakaian dan barang perlengkapan pribadi bekas",2024-08-13,true,ecommerce advertising,bliklan,Advertising,6,9134006,3472771,51331265,5646439,0,56977704
Bali,Badung,Kuta,Legian,Bali,Badung,Kuta,Legian,Direktorat Keuangan,PT Nasyidah Prasasta (Persero) Tbk,544507979408885,true,743134854379717,true,49425,angkutan darat lainnya untuk wisata,49425,angkutan darat lainnya untuk wisata,2024-12-17,true,fresh bread,arnon,Fresh bread,8,2950427,701139,22902277,2519250,0,25421527
Jawa Barat,Bandung,Coblong,Dago,DKI Jakarta,Jakarta Pusat,Tanah Abang,Bendungan Hilir,Sekretariat Keuangan,UD Hakim,175448863036197,true,726409762092893,false,52349,perdagangan eceran khusus bahan konstruksi lainnya di dalam bangunan,52349,perdagangan eceran khusus bahan konstruksi lainnya di dalam bangunan,2025-04-08,false,instant noodle or pasta,burung dara,Plain pasta and noodles,5,8768920,3843300,40001300,4400143,0,44401443
Bali,Badung,Kuta,Legian,Jawa Barat,Bandung,Coblong,Dago,Sekretariat Pendidikan,Perum Ardianto Pranowo (Persero) Tbk,422113037049889,false,562623287910894,false,01123,pertanian hortikultura bunga-bungaan,01123,pertanian hortikultura bunga-bungaan,2025-07-23,false,insurance service,bumiputera,Insurance law service,8,9646957,5108344,72067312,7927404,0,79994716
DKI Jakarta,Jakarta Selatan,Cilandak,Cipete,Jawa Barat,Bandung,Coblong,Dago,Badan Kesehatan,Perum Siregar Halimah,939636253300048,false,402399717365603,false,47822,"perdagangan eceran kaki lima dan los pasar roti, kue kering, kue basah dan sejenisnya",47822,"perdagangan eceran kaki lima dan los pasar roti, kue kering, kue basah dan sejenisnya",2025-06-03,true,snack foods,dk,Snack foods,6,5134418,1304215,29502293,3245252,0,32747545
Jawa Timur,Malang,Klojen,Kauman,Jawa Tengah,Solo,Banjarsari,Sragen,Direktorat Pekerjaan Umum,UD Yuniar Jailani,200530777166990,true,338003214898910,false,01702,penangkaran satwa liar,01702,penangkaran satwa liar,2024-10-05,false,bathing soap,lifebuoy,Soaps,9,6323172,471488,56437060,6208076,0,62645136
Jawa Barat,Bandung,Coblong,Dago,Jawa Barat,Bandung,Coblong,Dago,Dinas Pendidikan,PD Mayasari Siregar Tbk,137234143041556,false,893346431879811,true,11050,industri air minum dan air mineral,11050,industri air minum dan air mineral,2025-04-18,false,domestic refrigerator,daikin,Domestic refrigerators,6,7838293,4237307,42792451,4707169,0,47499620
DKI Jakarta,Jakarta Barat,Grogol,Tanjung Duren,Jawa Timur,Malang,Klojen,Kauman,Sekretariat Pekerjaan Umum,CV Firgantoro,487587940932972,true,943253514996066,true,10794,"industri kerupuk, keripik, peyek dan sejenisnya",10794,"industri kerupuk, keripik, peyek dan sejenisnya",2024-09-06,false,water,eternal plus,Water,1,6535495,52062,6483433,713177,0,7196610
Bali,Badung,Kuta,Legian,Jawa Barat,Bandung,Coblong,Dago,Kementerian Perhubungan,PD Adriansyah Wijaya,248974855590783,true,351938522967514,false,80122,jasa pendidikan sekolah dasar swasta,80122,jasa pendidikan sekolah dasar swasta,2025-05-18,false,edible vegetable oil,kunci mas,Edible vegetable or plant oils,5,7160298,1579052,34222438,3764468,0,37986906
Jawa Timur,Malang,Klojen,Kauman,Jawa Tengah,Solo,Banjarsari,Sragen,Sekretariat Keuangan,UD Maulana Wastuti (Persero) Tbk,828841181701961,false,870578544388887,true,24202,industri pembuatan logam dasar bukan besi,24202,industri pembuatan logam dasar bukan besi,2025-07-13,false,taxicab service,blue bird,Taxicab services,2,5691903,579827,10803979,1188437,0,11992416
Jawa Tengah,Solo,Banjarsari,Sragen,Jawa Barat,Bandung,Coblong,Dago,Sekretariat Perhubungan,CV Wibisono Lazuardi,459822312113148,true,128659119686658,false,45227,bangunan dermaga,45227,bangunan dermaga,2025-02-21,false,fresh bread,jordan,Fresh bread,5,7072366,1697010,33664820,3703130,0,37367950
DKI Jakarta,Jakarta Selatan,Cilandak,Cipete,Bali,Badung,Kuta,Legian,Dinas Pekerjaan Umum,PT Safitri Prakasa (Persero) Tbk,430769094339434,true,244050930129021,false,50228,angkutan penyeberangan umum dalam kabupaten/kota untuk barang,50228,angkutan penyeberangan umum dalam kabupaten/kota untuk barang,2024-09-30,true,inkjet printer,toshiba,Inkjet printers,6,1548202,233049,9056163,996177,0,10052340
Jawa Barat,Bandung,Coblong,Dago,Jawa Tengah,Solo,Banjarsari,Sragen,Kementerian Perhubungan,PT Prasetyo Prasetya (Persero) Tbk,757046821655343,true,663487659892590,true,07301,pertambangan emas dan perak,07301,pertambangan emas dan perak,2024-12-05,false,marketing and customer relationship management software,salesforce,Customer relationship management software maintenance,9,5055578,3465394,42034808,4623828,0,46658636
Jawa Barat,Bandung,Coblong,Dago,Jawa Timur,Malang,Klojen,Kauman,Dinas Pendidikan,PT Wahyuni,474506062485807,true,814383256446856,true,67123,manager investasi,67123,manager investasi,2025-03-26,true,laptop notebook computers,apple,Notebook computers,8,4639036,878213,36234075,3985748,0,40219823
Jawa Barat,Bandung,Coblong,Dago,Jawa Barat,Bandung,Coblong,Dago,Direktorat Perhubungan,PT Maryadi Astuti Tbk,105254391334512,true,324521707977229,false,10291,industri penggaraman/pengeringan biota air lainnya,10291,industri penggaraman/pengeringan biota air lainnya,2024-08-29,true,snack foods,cheetos,Snack foods,6,8959268,1598673,52156935,5737262,0,57894197
DKI Jakarta,Jakarta Selatan,Cilandak,Cipete,Jawa Tengah,Solo,Banjarsari,Sragen,Sekretariat Pekerjaan Umum,UD Mustofa Wacana Tbk,288047867875090,true,151474426457579,false,08992,penggalian batu bahan industri,08992,penggalian batu bahan industri,2025-05-19,false,soft drinks,lasegar,Soft drinks,8,8778991,5002713,65229215,7175213,0,72404428
Jawa Tengah,Solo,Banjarsari,Sragen,Jawa Timur,Malang,Klojen,Kauman,Direktorat Pendidikan,CV Saragih,352562237923066,true,926494348726300,true,36930,industri alat-alat olahraga,36930,industri alat-alat olahraga,2024-09-15,true,powdered milk,nutrilon,Powdered milk,2,6200383,78356,12322410,1355465,0,13677875
Jawa Tengah,Solo,Banjarsari,Sragen,DKI Jakarta,Jakarta Barat,Grogol,Tanjung Duren,Direktorat Perhubungan,PD Handayani Sihotang Tbk,716182308924703,false,890233070307776,true,28222,industri mesin dan perkakas mesin untuk pengerjaan kayu,28222,industri mesin dan perkakas mesin untuk pengerjaan kayu,2024-11-23,true,feminine hygiene products,softex,Feminine hygiene products,1,5101895,220657,4881238,536936,0,5418174
DKI Jakarta,Jakarta Timur,Matraman,Pisangan Baru,DKI Jakarta,Jakarta Barat,Grogol,Tanjung Duren,Kementerian Perhubungan,PT Adriansyah Mulyani,785675202118128,true,396106976628929,true,22121,industri pengasapan karet,22121,industri pengasapan karet,2024-11-18,false,air conditioner,modena,Air conditioners,7,5005170,672655,34363535,3779988,0,38143523
Bali,Badung,Kuta,Legian,Jawa Tengah,Solo,Banjarsari,Sragen,Kementerian Pendidikan,UD Irawan,746439115015785,false,977668363905147,true,15493,industri kecap,15493,industri kecap,2025-06-15,true,freezer,electrolux,Upright cabinet freezer,5,3928226,957876,18683254,2055157,0,20738411
Jawa Tengah,Solo,Banjarsari,Sragen,Jawa Barat,Bandung,Coblong,Dago,Badan Perhubungan,UD Melani Nababan Tbk,230492868393084,true,953662765891660,true,26311,industri bata tahan api dan sejenisnya,26311,industri bata tahan api dan sejenisnya,2024-12-12,true,detergent and laundry products,vanish,Laundry products,3,2910721,344625,8387538,922629,0,9310167
Jawa Timur,Malang,Klojen,Kauman,Jawa Tengah,Solo,Banjarsari,Sragen,Direktorat Perhubungan,PT Siregar Mulyani,876759377018889,false,574837839917037,true,07301,pertambangan emas dan perak,07301,pertambangan emas dan perak,2025-07-15,true,marketing and customer relationship management software,salesforce,Customer relationship management software maintenance,3,1033923,83569,3018200,332002,0,3350202
Jawa Timur,Malang,Klojen,Kauman,Bali,Badung,Kuta,Legian,Dinas Perhubungan,Perum Megantara Kusumo,649579378340811,true,563065711205146,false,47895,"perdagangan eceran kaki lima dan los pasar pakaian, alas kaki, perlengkapan pakaian dan barang perlengkapan pribadi bekas",47895,"perdagangan eceran kaki lima dan los pasar pakaian, alas kaki, perlengkapan pakaian dan barang perlengkapan pribadi bekas",2025-02-01,true,ecommerce advertising,bliklan,Advertising,2,4439135,686789,8191481,901062,0,9092543
DKI Jakarta,Jakarta Selatan,Cilandak,Cipete,Jawa Timur,Malang,Klojen,Kauman,Direktorat Kesehatan,PD Pratama,790080932948321,true,824402119059561,true,07301,pertambangan emas dan perak,07301,pertambangan emas dan perak,2025-02-27,false,marketing and customer relationship management software,salesforce,Customer relationship management software maintenance,8,2825016,314007,22286121,2451473,0,24737594
Jawa Timur,Malang,Klojen,Kauman,Jawa Tengah,Solo,Banjarsari,Sragen,Direktorat Kesehatan,PD Dabukke Tbk,616891062713840,false,745180543694243,false,49425,angkutan darat lainnya untuk wisata,49425,angkutan darat lainnya untuk wisata,2025-07-18,true,fresh bread,arnon,Fresh bread,8,7550558,2651316,57753148,6352846,0,64105994
Jawa Timur,Malang,Klojen,Kauman,Jawa Timur,Malang,Klojen,Kauman,Sekretariat Pekerjaan Umum,UD Handayani Zulkarnain,442947286856392,true,856011544844846,false,03232,jasa produksi budidaya ikan laut,03232,jasa produksi budidaya ikan laut,2025-03-10,false,detergent and laundry products,gentlegen,Laundry products,6,960586,233746,5529770,608274,0,6138044
Jawa Tengah,Solo,Banjarsari,Sragen,DKI Jakarta,Jakarta Barat,Grogol,Tanjung Duren,Badan Keuangan,Perum Putra,813440581862708,false,687704202261281,false,01217,pembibitan dan budidaya kambing perah,01217,pembibitan dan budidaya kambing perah,2024-11-01,true,air conditioner,aqua,Air conditioners,1,2804070,258171,2545899,280048,0,2825947
Jawa Timur,Malang,Klojen,Kauman,Jawa Barat,Bandung,Coblong,Dago,Direktorat Kesehatan,UD Laksmiwati (Persero) Tbk,480481346431417,true,566651448642064,true,08992,penggalian batu bahan industri,08992,penggalian batu bahan industri,2025-05-09,true,soft drinks,lasegar,Soft drinks,8,7723695,5523535,56266025,6189262,0,62455287
Bali,Badung,Kuta,Legian,Bali,Badung,Kuta,Legian,Sekretariat Kesehatan,PT Widiastuti Thamrin,751394891314982,true,216591733612799,false,47822,"perdagangan eceran kaki lima dan los pasar roti, kue kering, kue basah dan sejenisnya",47822,"perdagangan eceran kaki lima dan los pasar roti, kue kering, kue basah dan sejenisnya",2025-06-03,false,snack foods,dk,Snack foods,9,6503568,3512014,55020098,6052210,0,61072308
Jawa Barat,Bandung,Coblong,Dago,Jawa Tengah,Solo,Banjarsari,Sragen,Direktorat Pekerjaan Umum,UD Sihombing (Persero) Tbk,676791552517940,false,889813746973145,false,50228,angkutan penyeberangan umum dalam kabupaten/kota untuk barang,50228,angkutan penyeberangan umum dalam kabupaten/kota untuk barang,2025-07-26,true,inkjet printer,toshiba,Inkjet printers,4,3568395,1308974,12964606,1426106,0,14390712
Jawa Tengah,Solo,Banjarsari,Sragen,Bali,Badung,Kuta,Legian,Sekretariat Perhubungan,PT Maulana Rahimah (Persero) Tbk,742482365975226,false,942026939267226,false,45311,instalasi air (plumbing),45311,instalasi air (plumbing),2025-06-25,false,electric fan,maspion,Domestic electric fan,1,8819953,111642,8708311,957914,0,9666225
Jawa Timur,Malang,Klojen,Kauman,Jawa Barat,Bandung,Coblong,Dago,Badan Kesehatan,PT Hastuti,169844068317696,false,948471665501993,true,10802,industri konsentrat makanan hewan,10802,industri konsentrat makanan hewan,2025-02-01,false,motorcycle,viar,Motorcycles,8,1769329,1292073,12862559,1414881,0,14277440
Bali,Badung,Kuta,Legian,Bali,Badung,Kuta,Legian,Direktorat Perhubungan,CV Napitupulu,987335762422679,false,721640534775932,true,52405,perdagangan eceran bahan konstruksi dan sanitasi bekas di dalam bangunan,52405,perdagangan eceran bahan konstruksi dan sanitasi bekas di dalam bangunan,2025-07-08,true,insurance service,lippo,Insurance law service,5,3457238,1301412,15984778,1758325,0,17743103
Jawa Timur,Malang,Klojen,Kauman,Jawa Barat,Bandung,Coblong,Dago,Kementerian Kesehatan,Perum Wahyuni Tbk,295678548838176,true,145751611691068,false,26311,industri bata tahan api dan sejenisnya,26311,industri bata tahan api dan sejenisnya,2025-02-12,false,detergent and laundry products,vanish,Laundry products,9,4483204,545538,39803298,4378362,0,44181660
Bali,Badung,Kuta,Legian,Jawa Timur,Malang,Klojen,Kauman,Badan Pekerjaan Umum,UD Maryati Usamah,971062535724214,false,989356689915664,false,80122,jasa pendidikan sekolah dasar swasta,80122,jasa pendidikan sekolah dasar swasta,2024-09-29,true,edible vegetable oil,kunci mas,Edible vegetable or plant oils,6,8864666,1845175,51342821,5647710,0,56990531
Bali,Badung,Kuta,Legian,Bali,Badung,Kuta,Legian,Dinas Kesehatan,Perum Puspita,473669298719196,false,430533642780443,true,08992,penggalian batu bahan industri,08992,penggalian batu bahan industri,2025-03-15,false,soft drinks,lasegar,Soft drinks,9,197701,30073,1749236,192415,0,1941651
Jawa Tengah,Solo,Banjarsari,Sragen,DKI Jakarta,Jakarta Timur,Jatinegara,Bali Mester,Direktorat Keuangan,UD Safitri Januar,915122688572959,false,522168529673651,false,10794,"industri kerupuk, keripik, peyek dan sejenisnya",10794,"industri kerupuk, keripik, peyek dan sejenisnya",2024-10-14,false,water,eternal plus,Water,1,5023336,470958,4552378,500761,0,5053139
Jawa Barat,Bandung,Coblong,Dago,Jawa Barat,Bandung,Coblong,Dago,Dinas Perhubungan,PD Napitupulu Mayasari Tbk,217011383199111,true,934718201925523,false,26311,industri bata tahan api dan sejenisnya,26311,industri bata tahan api dan sejenisnya,2024-09-17,true,detergent and laundry products,vanish,Laundry products,3,448508,120383,1225141,134765,0,1359906
Jawa Tengah,Solo,Banjarsari,Sragen,DKI Jakarta,Jakarta Selatan,Cilandak,Cipete,Sekretariat Kesehatan,PD Prabowo Sinaga,391215580228229,false,607920204045021,false,45311,instalasi air (plumbing),45311,instalasi air (plumbing),2024-07-30,false,electric fan,maspion,Domestic electric fan,6,333383,102105,1898193,208801,0,2106994
DKI Jakarta,Jakarta Barat,Grogol,Tanjung Duren,DKI Jakarta,Jakarta Timur,Matraman,Pisangan Baru,Badan Pekerjaan Umum,PD Rahimah,416960368047306,false,544857170809343,true,52405,perdagangan eceran bahan konstruksi dan sanitasi bekas di dalam bangunan,52405,perdagangan eceran bahan konstruksi dan sanitasi bekas di dalam bangunan,2025-01-02,false,insurance service,lippo,Insurance law service,3,9000103,922183,26078126,2868593,0,28946719
Jawa Timur,Malang,Klojen,Kauman,Jawa Tengah,Solo,Banjarsari,Sragen,Kementerian Pendidikan,PD Saptono Narpati,771773999607711,false,716458963045368,true,08992,penggalian batu bahan industri,08992,penggalian batu bahan industri,2024-12-06,false,soft drinks,lasegar,Soft drinks,4,5818873,888089,22387403,2462614,0,24850017
Bali,Badung,Kuta,Legian,Jawa Barat,Bandung,Coblong,Dago,Dinas Pekerjaan Umum,CV Laksmiwati,161237009129814,false,718868901503894,true,01223,pembibitan dan budidaya ayam buras,01223,pembibitan dan budidaya ayam buras,2025-06-04,false,water,prima,Water,2,4255840,102972,8408708,924957,0,9333665
Bali,Badung,Kuta,Legian,Jawa Barat,Bandung,Coblong,Dago,Sekretariat Pendidikan,PD Zulkarnain Agustina (Persero) Tbk,317861787102225,false,607383753303775,false,45328,instalasi jaringan pipa,45328,instalasi jaringan pipa,2025-07-21,false,domestic refrigerator,hisense,Domestic refrigerators,10,2606763,2372097,23695533,2606508,0,26302041
Jawa Tengah,Solo,Banjarsari,Sragen,DKI Jakarta,Jakarta Timur,Matraman,Pisangan Baru,Direktorat Keuangan,Perum Wibowo Wahyuni,504748441318372,true,925255114897255,false,80122,jasa pendidikan sekolah dasar swasta,80122,jasa pendidikan sekolah dasar swasta,2025-05-30,false,edible vegetable oil,kunci mas,Edible vegetable or plant oils,8,7521866,3009342,57165586,6288214,0,63453800
Jawa Tengah,Solo,Banjarsari,Sragen,Bali,Badung,Kuta,Legian,Sekretariat Kesehatan,CV Siregar,925897571801244,true,184893152873615,true,26311,industri bata tahan api dan sejenisnya,26311,industri bata tahan api dan sejenisnya,2025-06-16,true,detergent and laundry products,vanish,Laundry products,10,9762343,6797028,90826402,9990904,0,100817306
Bali,Badung,Kuta,Legian,Bali,Badung,Kuta,Legian,Direktorat Kesehatan,Perum Farida Usada Tbk,969361043980321,false,623204901079753,true,15493,industri kecap,15493,industri kecap,2025-07-08,false,freezer,electrolux,Upright cabinet freezer,6,8474968,88849,50760959,5583705,0,56344664
Jawa Barat,Bandung,Coblong,Dago,Jawa Barat,Bandung,Coblong,Dago,Badan Pendidikan,PT Hasanah Hakim,957340836611974,false,170773466461771,false,22121,industri pengasapan karet,22121,industri pengasapan karet,2024-11-16,false,air conditioner,modena,Air conditioners,4,768206,108409,2964415,326085,0,3290500
Jawa Tengah,Solo,Banjarsari,Sragen,DKI Jakarta,Jakarta Barat,Grogol,Tanjung Duren,Sekretariat Keuangan,CV Suwarno Santoso (Persero) Tbk,935318890246220,false,712885728407696,true,75124,pembinaan pelayanan kesejahteraan sosial,75124,pembinaan pelayanan kesejahteraan sosial,2025-06-16,false,bathing soap,kodomo,Soaps,7,6178662,652948,42597686,4685745,0,47283431
Jawa Tengah,Solo,Banjarsari,Sragen,Jawa Tengah,Solo,Banjarsari,Sragen,Sekretariat Pendidikan,Perum Simanjuntak Budiyanto,595279045569861,true,186793686920411,false,75124,pembinaan pelayanan kesejahteraan sosial,75124,pembinaan pelayanan kesejahteraan sosial,2025-01-12,true,bathing soap,kodomo,Soaps,3,3185756,165001,9392267,1033149,0,10425416
Bali,Badung,Kuta,Legian,Jawa Tengah,Solo,Banjarsari,Sragen,Direktorat Kesehatan,UD Waskita Tbk,281546510062236,false,374345427404312,true,52101,pergudangan,52101,pergudangan,2025-03-15,true,hair shampoo,ellips,Shampoos,10,9987944,2703298,97176142,10689375,0,107865517
Bali,Badung,Kuta,Legian,Jawa Barat,Bandung,Coblong,Dago,Sekretariat Pekerjaan Umum,UD Maryati Tbk,120966473940477,false,196546343303895,true,08992,penggalian batu bahan industri,08992,penggalian batu bahan industri,2024-09-07,false,soft drinks,lasegar,Soft drinks,10,7959005,7275459,72314591,7954605,0,80269196
Jawa Barat,Bandung,Coblong,Dago,Bali,Badung,Kuta,Legian,Badan Perhubungan,PT Napitupulu Putra Tbk,764953693825307,true,525825519604610,false,24214,industri bahan amelioran (pembenah tanah),24214,industri bahan amelioran (pembenah tanah),2024-10-04,true,facial care products,nivea,Facial care products,2,327874,26522,629226,69214,0,698440
Bali,Badung,Kuta,Legian,Jawa Barat,Bandung,Coblong,Dago,Kementerian Perhubungan,PD Pratiwi Pudjiastuti (Persero) Tbk,246736094770253,true,863992110655598,false,75124,pembinaan pelayanan kesejahteraan sosial,75124,pembinaan pelayanan kesejahteraan sosial,2024-10-08,false,bathing soap,kodomo,Soaps,6,778773,365765,4306873,473756,0,4780629
Jawa Timur,Malang,Klojen,Kauman,Jawa Tengah,Solo,Banjarsari,Sragen,Badan Perhubungan,PD Wastuti Narpati,361785840997381,true,773615297391124,false,36930,industri alat-alat olahraga,36930,industri alat-alat olahraga,2024-11-27,false,powdered milk,nutrilon,Powdered milk,4,141762,46474,520574,57263,0,577837
DKI Jakarta,Jakarta Barat,Grogol,Tanjung Duren,Jawa Barat,Bandung,Coblong,Dago,Kementerian Kesehatan,CV Sitorus Tbk,833608013924101,false,576889701297033,false,26412,industri kapur,26412,industri kapur,2024-09-16,false,baby diapers,mamy  poko,Infant diapers,7,3467412,1733204,22538680,2479254,0,25017934
Bali,Badung,Kuta,Legian,Bali,Badung,Kuta,Legian,Sekretariat Keuangan,UD Lailasari Tbk,894318871829526,false,255450911505624,true,23963,industri  barang  dari  batu  untuk  keperluan  rumah tangga dan pajangan,23963,industri  barang  dari  batu  untuk  keperluan  rumah tangga dan pajangan,2024-08-30,true,powdered milk,chil kid,Powdered milk,8,2764471,420599,21695169,2386468,0,24081637
Bali,Badung,Kuta,Legian,Jawa Barat,Bandung,Coblong,Dago,Dinas Perhubungan,UD Waskita Adriansyah,775817080571698,false,172147239199595,false,52349,perdagangan eceran khusus bahan konstruksi lainnya di dalam bangunan,52349,perdagangan eceran khusus bahan konstruksi lainnya di dalam bangunan,2024-09-26,true,instant noodle or pasta,burung dara,Plain pasta and noodles,6,1392843,638613,7718445,849028,0,8567473
Jawa Timur,Malang,Klojen,Kauman,Jawa Barat,Bandung,Coblong,Dago,Dinas Pekerjaan Umum,Perum Anggraini,319263603816719,true,774996132352225,true,36992,industri pita mesin tulis/gambar,36992,industri pita mesin tulis/gambar,2025-02-18,true,facial care products,biore,Facial care products,1,6085435,250878,5834557,641801,0,6476358
DKI Jakarta,Jakarta Selatan,Cilandak,Cipete,Jawa Timur,Malang,Klojen,Kauman,Sekretariat Kesehatan,PD Adriansyah Tbk,117302351956260,true,201519794845240,false,26311,industri bata tahan api dan sejenisnya,26311,industri bata tahan api dan sejenisnya,2025-03-25,false,detergent and laundry products,vanish,Laundry products,6,4689031,949152,27185034,2990353,0,30175387
Jawa Barat,Bandung,Coblong,Dago,Jawa Tengah,Solo,Banjarsari,Sragen,Sekretariat Pendidikan,PT Yolanda Wastuti,431298758439387,false,231743599270681,false,50228,angkutan penyeberangan umum dalam kabupaten/kota untuk barang,50228,angkutan penyeberangan umum dalam kabupaten/kota untuk barang,2025-01-08,false,inkjet printer,toshiba,Inkjet printers,8,6376357,4724200,46286656,5091532,0,51378188
Jawa Barat,Bandung,Coblong,Dago,Bali,Badung,Kuta,Legian,Badan Pendidikan,CV Thamrin,813438661107646,true,889456551029564,true,24214,industri bahan amelioran (pembenah tanah),24214,industri bahan amelioran (pembenah tanah),2025-01-18,false,facial care products,nivea,Facial care products,7,5973972,2166375,39651429,4361657,0,44013086
DKI Jakarta,Jakarta Timur,Matraman,Pisangan Baru,DKI Jakarta,Jakarta Pusat,Tanah Abang,Bendungan Hilir,Sekretariat Kesehatan,CV Wasita Siregar,453387660937689,false,402952277267605,true,92429,jasa rekreasi lainnya,92429,jasa rekreasi lainnya,2025-04-20,true,television,panasonic,Televisions,8,3399848,985079,26213705,2883507,0,29097212
Jawa Barat,Bandung,Coblong,Dago,Jawa Barat,Bandung,Coblong,Dago,Kementerian Pendidikan,PD Mustofa (Persero) Tbk,188372904293146,false,107458699592655,true,45227,bangunan dermaga,45227,bangunan dermaga,2025-06-04,false,fresh bread,jordan,Fresh bread,6,5341817,2065025,29985877,3298446,0,33284323
Jawa Tengah,Solo,Banjarsari,Sragen,Jawa Timur,Malang,Klojen,Kauman,Sekretariat Perhubungan,CV Gunawan Wahyuni,136664163419315,false,973590705873837,true,26514,industri alat uji dalam proses industri,26514,industri alat uji dalam proses industri,2025-06-24,false,instant noodle or pasta,atom bulan,Plain pasta and noodles,2,8744039,964837,16523241,1817556,0,18340797
DKI Jakarta,Jakarta Barat,Grogol,Tanjung Duren,Bali,Badung,Kuta,Legian,Sekretariat Keuangan,PT Safitri,717625690912996,false,403324493850327,false,07301,pertambangan emas dan perak,07301,pertambangan emas dan perak,2025-01-11,false,marketing and customer relationship management software,salesforce,Customer relationship management software maintenance,6,3135559,1045996,17767358,1954409,0,19721767
Jawa Barat,Bandung,Coblong,Dago,Jawa Timur,Malang,Klojen,Kauman,Sekretariat Kesehatan,UD Hutasoit Adriansyah Tbk,748398238751082,true,212445740731580,false,23963,industri  barang  dari  batu  untuk  keperluan  rumah tangga dan pajangan,23963,industri  barang  dari  batu  untuk  keperluan  rumah tangga dan pajangan,2025-04-29,true,powdered milk,chil kid,Powdered milk,9,7301427,3195081,62517762,6876953,0,69394715
Jawa Barat,Bandung,Coblong,Dago,Jawa Barat,Bandung,Coblong,Dago,Sekretariat Pekerjaan Umum,PD Yuniar,455480358003797,false,382571482008139,true,45328,instalasi jaringan pipa,45328,instalasi jaringan pipa,2025-05-16,false,domestic refrigerator,hisense,Domestic refrigerators,2,2790422,62952,5517892,606968,0,6124860
Jawa Tengah,Solo,Banjarsari,Sragen,Jawa Tengah,Solo,Banjarsari,Sragen,Sekretariat Pekerjaan Umum,CV Habibi (Persero) Tbk,487467286518090,true,236500124133810,false,52349,perdagangan eceran khusus bahan konstruksi lainnya di dalam bangunan,52349,perdagangan eceran khusus bahan konstruksi lainnya di dalam bangunan,2024-09-16,true,instant noodle or pasta,burung dara,Plain pasta and noodles,10,9711905,9033494,88085556,9689411,0,97774967
Jawa Tengah,Solo,Banjarsari,Sragen,Jawa Timur,Malang,Klojen,Kauman,Direktorat Kesehatan,PT Setiawan Waskita Tbk,288673052516910,false,810750179699271,false,01223,pembibitan dan budidaya ayam buras,01223,pembibitan dan budidaya ayam buras,2024-09-21,true,water,prima,Water,2,2767900,360317,5175483,569303,0,5744786
Jawa Tengah,Solo,Banjarsari,Sragen,Bali,Badung,Kuta,Legian,Badan Pekerjaan Umum,PT Sudiati Kusmawati (Persero) Tbk,566108964806151,true,240780537246727,true,02011,pengusahaan hutan jati,02011,pengusahaan hutan jati,2024-10-28,false,hair shampoo,zinc,Shampoos,2,3582803,175018,6990588,768964,0,7759552
DKI Jakarta,Jakarta Barat,Grogol,Tanjung Duren,Bali,Badung,Kuta,Legian,Sekretariat Pendidikan,PT Rahimah Tbk,395494196333890,true,837274448145474,false,10794,"industri kerupuk, keripik, peyek dan sejenisnya",10794,"industri kerupuk, keripik, peyek dan sejenisnya",2024-10-17,false,water,eternal plus,Water,4,4200624,1546845,15255651,1678121,0,16933772
Jawa Timur,Malang,Klojen,Kauman,DKI Jakarta,Jakarta Barat,Grogol,Tanjung Duren,Direktorat Perhubungan,CV Kurniawan Wahyuni,717604582273978,false,885454807907502,true,24202,industri pembuatan logam dasar bukan besi,24202,industri pembuatan logam dasar bukan besi,2025-06-09,false,taxicab service,blue bird,Taxicab services,10,7347709,4391099,69085991,7599459,0,76685450
Bali,Badung,Kuta,Legian,Bali,Badung,Kuta,Legian,Badan Keuangan,UD Megantara,392514813063258,true,111885478343797,true,45227,bangunan dermaga,45227,bangunan dermaga,2025-01-15,true,fresh bread,jordan,Fresh bread,6,4861072,1967958,27198474,2991832,0,30190306
DKI Jakarta,Jakarta Pusat,Tanah Abang,Bendungan Hilir,DKI Jakarta,Jakarta Pusat,Tanah Abang,Bendungan Hilir,Kementerian Pekerjaan Umum,PT Hardiansyah Uwais Tbk,312310428164114,false,731127758167941,false,92429,jasa rekreasi lainnya,92429,jasa rekreasi lainnya,2024-08-16,false,television,panasonic,Televisions,4,2789207,817308,10339520,1137347,0,11476867
Jawa Barat,Bandung,Coblong,Dago,Jawa Barat,Bandung,Coblong,Dago,Direktorat Kesehatan,Perum Lailasari,177085443738707,true,426053029071614,true,28222,industri mesin dan perkakas mesin untuk pengerjaan kayu,28222,industri mesin dan perkakas mesin untuk pengerjaan kayu,2025-03-30,false,feminine hygiene products,softex,Feminine hygiene products,10,7646173,2282826,74178904,8159679,0,82338583
Bali,Badung,Kuta,Legian,DKI Jakarta,Jakarta Selatan,Cilandak,Cipete,Dinas Pendidikan,Perum Adriansyah,403084168849544,true,593615073137869,true,92331,kebun raya dan kebun binatang,92331,kebun raya dan kebun binatang,2025-03-29,true,domestic refrigerator,panasonik,Domestic refrigerators,2,2578052,7720,5148384,566322,0,5714706
Jawa Barat,Bandung,Coblong,Dago,Jawa Timur,Malang,Klojen,Kauman,Badan Pendidikan,Perum Mangunsong Iswahyudi,945068503262840,true,400055245916016,false,30001,industri mesin kantor dan akuntansi manual,30001,industri mesin kantor dan akuntansi manual,2024-07-30,true,freezer,sanken,Upright cabinet freezer,9,7937754,1523402,69916384,7690802,0,77607186
Jawa Tengah,Solo,Banjarsari,Sragen,Jawa Barat,Bandung,Coblong,Dago,Kementerian Kesehatan,CV Yuniar Wastuti (Persero) Tbk,927899875246640,true,849856283516823,true,31202,industri peralatan pengontrol arus listik,31202,industri peralatan pengontrol arus listik,2025-07-05,false,powdered milk,dnco,Powdered milk,7,5286326,1355025,35649257,3921418,0,39570675
DKI Jakarta,Jakarta Barat,Grogol,Tanjung Duren,Jawa Tengah,Solo,Banjarsari,Sragen,Dinas Pendidikan,CV Pratiwi,812591922446806,false,116962219626720,true,80122,jasa pendidikan sekolah dasar swasta,80122,jasa pendidikan sekolah dasar swasta,2024-12-24,false,edible vegetable oil,kunci mas,Edible vegetable or plant oils,10,2057387,830070,19743800,2171818,0,21915618
DKI Jakarta,Jakarta Barat,Grogol,Tanjung Duren,Jawa Tengah,Solo,Banjarsari,Sragen,Direktorat Pendidikan,UD Andriani Tbk,796534972371304,false,955192400142615,true,67123,manager investasi,67123,manager investasi,2025-05-31,true,laptop notebook computers,apple,Notebook computers,6,2632322,1470791,14323141,1575545,0,15898686
DKI Jakarta,Jakarta Selatan,Cilandak,Cipete,Jawa Tengah,Solo,Banjarsari,Sragen,Kementerian Perhubungan,Perum Saptono Hutasoit Tbk,915598647958902,true,646401614031827,false,92429,jasa rekreasi lainnya,92429,jasa rekreasi lainnya,2024-08-26,false,television,panasonic,Televisions,9,8272379,1591955,72859456,8014540,0,80873996
Jawa Barat,Bandung,Coblong,Dago,Jawa Tengah,Solo,Banjarsari,Sragen,Direktorat Keuangan,PT Siregar,396506586655232,false,100809404106033,false,80122,jasa pendidikan sekolah dasar swasta,80122,jasa pendidikan sekolah dasar swasta,2024-12-05,true,edible vegetable oil,kunci mas,Edible vegetable or plant oils,1,6158168,250385,5907783,649856,0,6557639
DKI Jakarta,Jakarta Pusat,Tanah Abang,Bendungan Hilir,Bali,Badung,Kuta,Legian,Direktorat Keuangan,UD Hidayanto,208375384219813,true,246114520260976,true,36992,industri pita mesin tulis/gambar,36992,industri pita mesin tulis/gambar,2025-02-10,true,facial care products,biore,Facial care products,4,1846087,508947,6875401,756294,0,7631695
DKI Jakarta,Jakarta Barat,Grogol,Tanjung Duren,Bali,Badung,Kuta,Legian,Dinas Pekerjaan Umum,CV Rahimah Prastuti,179799280514030,true,838305774705674,false,31202,industri peralatan pengontrol arus listik,31202,industri peralatan pengontrol arus listik,2024-11-16,true,powdered milk,dnco,Powdered milk,8,1068380,378458,8168582,898544,0,9067126
Jawa Timur,Malang,Klojen,Kauman,Bali,Badung,Kuta,Legian,Kementerian Kesehatan,PD Widiastuti (Persero) Tbk,684888477090642,true,916469422760868,true,55114,hotel bintang dua,55114,hotel bintang dua,2025-01-01,false,ecommerce advertising,goads,Advertising,4,3290006,1103504,12056520,1326217,0,13382737
Jawa Barat,Bandung,Coblong,Dago,Bali,Badung,Kuta,Legian,Kementerian Kesehatan,CV Sinaga Tbk,303108112057209,false,480003694119900,true,22121,industri pengasapan karet,22121,industri pengasapan karet,2025-04-02,false,air conditioner,modena,Air conditioners,6,5337423,2307208,29717330,3268906,0,32986236
Jawa Tengah,Solo,Banjarsari,Sragen,Bali,Badung,Kuta,Legian,Sekretariat Keuangan,Perum Sitompul Halim (Persero) Tbk,603840261584583,false,917753184064026,true,36992,industri pita mesin tulis/gambar,36992,industri pita mesin tulis/gambar,2024-09-22,false,facial care products,biore,Facial care products,10,323509,271376,2963714,326008,0,3289722
Jawa Tengah,Solo,Banjarsari,Sragen,Jawa Barat,Bandung,Coblong,Dago,Sekretariat Pekerjaan Umum,Perum Pranowo Susanti,742516611969157,true,142486221452163,false,08992,penggalian batu bahan industri,08992,penggalian batu bahan industri,2024-12-27,false,soft drinks,lasegar,Soft drinks,3,2372104,277860,6838452,752229,0,7590681
Bali,Badung,Kuta,Legian,Jawa Tengah,Solo,Banjarsari,Sragen,Kementerian Keuangan,PD Jailani Prabowo,643286703670526,true,876417984278884,true,52101,pergudangan,52101,pergudangan,2025-03-23,false,hair shampoo,ellips,Shampoos,1,9718436,400080,9318356,1025019,0,10343375
DKI Jakarta,Jakarta Timur,Jatinegara,Bali Mester,Jawa Timur,Malang,Klojen,Kauman,Direktorat Pendidikan,UD Suwarno,690400398444752,true,707906747562638,true,63460,jasa konsultasi pariwisata,63460,jasa konsultasi pariwisata,2024-10-13,false,accounting software,accurate online,Accounting software,9,3754361,642556,33146693,3646136,0,36792829
Jawa Timur,Malang,Klojen,Kauman,Jawa Timur,Malang,Klojen,Kauman,Dinas Keuangan,UD Mangunsong (Persero) Tbk,635763164966197,true,549449206986572,false,67123,manager investasi,67123,manager investasi,2024-08-04,true,laptop notebook computers,apple,Notebook computers,7,8469194,3644775,55639583,6120354,0,61759937
Jawa Barat,Bandung,Coblong,Dago,Jawa Timur,Malang,Klojen,Kauman,Dinas Pendidikan,CV Hutasoit,974568154180770,false,870943723707104,true,26311,industri bata tahan api dan sejenisnya,26311,industri bata tahan api dan sejenisnya,2024-08-22,true,detergent and laundry products,vanish,Laundry products,7,7155832,3064087,47026737,5172941,0,52199678
Jawa Barat,Bandung,Coblong,Dago,Jawa Tengah,Solo,Banjarsari,Sragen,Sekretariat Kesehatan,Perum Utama (Persero) Tbk,150527887046144,true,871643271975410,false,24202,industri pembuatan logam dasar bukan besi,24202,industri pembuatan logam dasar bukan besi,2025-02-19,true,taxicab service,blue bird,Taxicab services,2,1935284,28593,3841975,422617,0,4264592
Bali,Badung,Kuta,Legian,Jawa Tengah,Solo,Banjarsari,Sragen,Direktorat Pendidikan,PT Aryani,335322683547504,true,715216285766472,false,67123,manager investasi,67123,manager investasi,2025-04-24,false,laptop notebook computers,apple,Notebook computers,10,2421416,77127,24137033,2655073,0,26792106
Bali,Badung,Kuta,Legian,DKI Jakarta,Jakarta Timur,Matraman,Pisangan Baru,Kementerian Perhubungan,UD Tarihoran Wacana,174981574848605,false,405469500305821,false,28222,industri mesin dan perkakas mesin untuk pengerjaan kayu,28222,industri mesin dan perkakas mesin untuk pengerjaan kayu,2025-02-04,true,feminine hygiene products,softex,Feminine hygiene products,1,4957261,454772,4502489,495273,0,4997762
Jawa Timur,Malang,Klojen,Kauman,Jawa Tengah,Solo,Banjarsari,Sragen,Dinas Pekerjaan Umum,PD Wibowo Suwarno (Persero) Tbk,615649335960487,true,378537389815462,false,26311,industri bata tahan api dan sejenisnya,26311,industri bata tahan api dan sejenisnya,2025-06-22,false,detergent and laundry products,vanish,Laundry products,8,6650153,1317055,51884169,5707258,0,57591427
Jawa Tengah,Solo,Banjarsari,Sragen,Jawa Barat,Bandung,Coblong,Dago,Direktorat Pendidikan,UD Namaga (Persero) Tbk,724810127454531,false,270807523264950,false,08992,penggalian batu bahan industri,08992,penggalian batu bahan industri,2024-09-19,false,soft drinks,lasegar,Soft drinks,3,1522955,382672,4186193,460481,0,4646674
Bali,Badung,Kuta,Legian,Bali,Badung,Kuta,Legian,Sekretariat Keuangan,PT Hartati,710501465522290,true,834616389290855,true,28222,industri mesin dan perkakas mesin untuk pengerjaan kayu,28222,industri mesin dan perkakas mesin untuk pengerjaan kayu,2024-08-31,true,feminine hygiene products,softex,Feminine hygiene products,3,5234132,1443956,14258440,1568428,0,15826868
Bali,Badung,Kuta,Legian,Bali,Badung,Kuta,Legian,Sekretariat Pekerjaan Umum,PT Narpati Tbk,910022021336403,true,457582588050509,true,67204,broker,67204,broker,2025-06-24,true,air conditioner,changhong,Air conditioners,6,6996441,3449829,38528817,4238169,0,42766986
Jawa Timur,Malang,Klojen,Kauman,DKI Jakarta,Jakarta Selatan,Cilandak,Cipete,Sekretariat Pekerjaan Umum,PD Usada Utama,781848679242656,true,361415745820716,true,92331,kebun raya dan kebun binatang,92331,kebun raya dan kebun binatang,2024-11-23,true,domestic refrigerator,panasonik,Domestic refrigerators,6,1383376,721568,7578688,833655,0,8412343
Jawa Timur,Malang,Klojen,Kauman,Jawa Barat,Bandung,Coblong,Dago,Dinas Kesehatan,Perum Yuniar (Persero) Tbk,354761110174201,true,960794805374084,true,26311,industri bata tahan api dan sejenisnya,26311,industri bata tahan api dan sejenisnya,2025-02-12,false,detergent and laundry products,vanish,Laundry products,7,3783840,850745,25636135,2819974,0,28456109
Jawa Barat,Bandung,Coblong,Dago,Bali,Badung,Kuta,Legian,Dinas Perhubungan,Perum Kuswoyo Siregar,973941684279606,true,927909096950837,false,49425,angkutan darat lainnya untuk wisata,49425,angkutan darat lainnya untuk wisata,2025-07-11,false,fresh bread,arnon,Fresh bread,7,9645467,4981204,62537065,6879077,0,69416142
Bali,Badung,Kuta,Legian,Jawa Timur,Malang,Klojen,Kauman,Kementerian Pekerjaan Umum,PD Laksita Lazuardi,681106444042622,true,427835669104698,false,92429,jasa rekreasi lainnya,92429,jasa rekreasi lainnya,2024-09-10,false,television,panasonic,Televisions,5,4846850,1935030,22299220,2452914,0,24752134
Jawa Timur,Malang,Klojen,Kauman,Jawa Timur,Malang,Klojen,Kauman,Dinas Pekerjaan Umum,Perum Laksmiwati Kuswandari Tbk,715201220364616,true,565627682702655,false,46413,perdagangan besar alas kaki,46413,perdagangan besar alas kaki,2024-07-30,false,laundry washing machine,brother,Laundry type washing machines,1,3051084,237859,2813225,309454,0,3122679
Jawa Barat,Bandung,Coblong,Dago,Jawa Tengah,Solo,Banjarsari,Sragen,Kementerian Perhubungan,UD Uwais,508638796763635,true,896323546194957,false,47822,"perdagangan eceran kaki lima dan los pasar roti, kue kering, kue basah dan sejenisnya",47822,"perdagangan eceran kaki lima dan los pasar roti, kue kering, kue basah dan sejenisnya",2024-09-19,true,snack foods,dk,Snack foods,7,9283271,3192763,61790134,6796914,0,68587048
Jawa Barat,Bandung,Coblong,Dago,Jawa Barat,Bandung,Coblong,Dago,Badan Keuangan,UD Suartini Tbk,965400391459165,false,805320769652078,true,15493,industri kecap,15493,industri kecap,2025-05-30,true,freezer,electrolux,Upright cabinet freezer,3,3453286,3704,10356154,1139176,0,11495330
Jawa Tengah,Solo,Banjarsari,Sragen,Jawa Timur,Malang,Klojen,Kauman,Dinas Pekerjaan Umum,UD Mustofa Kusumo (Persero) Tbk,635606729052430,false,597505003351575,true,36992,industri pita mesin tulis/gambar,36992,industri pita mesin tulis/gambar,2024-08-15,true,facial care products,biore,Facial care products,4,9232868,1166490,35764982,3934148,0,39699130
Bali,Badung,Kuta,Legian,Jawa Barat,Bandung,Coblong,Dago,Dinas Pendidikan,CV Gunarto,750875093666066,false,155203591335675,true,36992,industri pita mesin tulis/gambar,36992,industri pita mesin tulis/gambar,2024-08-13,false,facial care products,biore,Facial care products,3,2756755,704737,7565528,832208,0,8397736
Bali,Badung,Kuta,Legian,DKI Jakarta,Jakarta Barat,Grogol,Tanjung Duren,Badan Perhubungan,Perum Nasyiah Saefullah Tbk,176187652906717,false,719775992734671,true,24202,industri pembuatan logam dasar bukan besi,24202,industri pembuatan logam dasar bukan besi,2025-04-02,false,taxicab service,blue bird,Taxicab services,8,2307303,255901,18202523,2002277,0,20204800
Jawa Tengah,Solo,Banjarsari,Sragen,Jawa Barat,Bandung,Coblong,Dago,Direktorat Pekerjaan Umum,Perum Narpati Halimah Tbk,987417268831819,false,785495794492043,false,31402,industri akumulator listrik (batu baterai sekunder),31402,industri akumulator listrik (batu baterai sekunder),2024-12-21,false,motorcycle,yamaha,Motorcycles,9,9699293,5936673,81356964,8949266,0,90306230
Bali,Badung,Kuta,Legian,Jawa Barat,Bandung,Coblong,Dago,Kementerian Pendidikan,UD Susanti Lestari (Persero) Tbk,623410587516863,true,566168941204526,true,16295,industri kayu bakar dan pelet kayu,16295,industri kayu bakar dan pelet kayu,2024-12-27,false,social media advertising,fb,Online and social media publicity service,6,9452211,5347767,51365499,5650204,0,57015703
DKI Jakarta,Jakarta Selatan,Cilandak,Cipete,DKI Jakarta,Jakarta Timur,Jatinegara,Bali Mester,Kementerian Pendidikan,Perum Prasetya (Persero) Tbk,475245648359202,false,915598810660127,true,52349,perdagangan eceran khusus bahan konstruksi lainnya di dalam bangunan,52349,perdagangan eceran khusus bahan konstruksi lainnya di dalam bangunan,2025-07-04,true,instant noodle or pasta,burung dara,Plain pasta and noodles,4,5595118,1417409,20963063,2305936,0,23268999
Jawa Timur,Malang,Klojen,Kauman,Jawa Timur,Malang,Klojen,Kauman,Direktorat Perhubungan,UD Simbolon,936079498536136,true,686678939516253,false,52405,perdagangan eceran bahan konstruksi dan sanitasi bekas di dalam bangunan,52405,perdagangan eceran bahan konstruksi dan sanitasi bekas di dalam bangunan,2025-03-17,false,insurance service,lippo,Insurance law service,9,9040666,157021,81208973,8932987,0,90141960
Bali,Badung,Kuta,Legian,Jawa Barat,Bandung,Coblong,Dago,Direktorat Pekerjaan Umum,Perum Pranowo Tbk,286864760252337,false,770123077144698,true,02119,pengusahaan hutan lainnya,02119,pengusahaan hutan lainnya,2025-05-05,false,laundry washing machine,toshiba,Laundry type washing machines,6,580633,142342,3341456,367560,0,3709016
DKI Jakarta,Jakarta Pusat,Tanah Abang,Bendungan Hilir,Jawa Timur,Malang,Klojen,Kauman,Dinas Pendidikan,CV Hassanah Farida (Persero) Tbk,983768437807485,true,327542117991780,true,01223,pembibitan dan budidaya ayam buras,01223,pembibitan dan budidaya ayam buras,2025-05-20,false,water,prima,Water,9,468336,418919,3796105,417571,0,4213676
Bali,Badung,Kuta,Legian,Jawa Timur,Malang,Klojen,Kauman,Kementerian Pekerjaan Umum,Perum Tampubolon Mangunsong,331018270933106,true,536383535147786,true,24214,industri bahan amelioran (pembenah tanah),24214,industri bahan amelioran (pembenah tanah),2025-04-08,true,facial care products,nivea,Facial care products,5,788700,360213,3583287,394161,0,3977448
DKI Jakarta,Jakarta Timur,Jatinegara,Bali Mester,DKI Jakarta,Jakarta Timur,Matraman,Pisangan Baru,Dinas Keuangan,CV Mangunsong Rajata Tbk,316785040677671,false,699286564946185,false,80122,jasa pendidikan sekolah dasar swasta,80122,jasa pendidikan sekolah dasar swasta,2024-10-12,false,edible vegetable oil,kunci mas,Edible vegetable or plant oils,2,4624378,156574,9092182,1000140,0,10092322
Jawa Tengah,Solo,Banjarsari,Sragen,Jawa Barat,Bandung,Coblong,Dago,Dinas Keuangan,PT Handayani,375649171757459,true,450577011521809,false,80122,jasa pendidikan sekolah dasar swasta,80122,jasa pendidikan sekolah dasar swasta,2025-05-29,false,edible vegetable oil,kunci mas,Edible vegetable or plant oils,1,2232279,7600,2224679,244714,0,2469393
DKI Jakarta,Jakarta Barat,Grogol,Tanjung Duren,DKI Jakarta,Jakarta Pusat,Tanah Abang,Bendungan Hilir,Sekretariat Pekerjaan Umum,UD Mustofa Tbk,887416498308727,false,500396678256515,false,47822,"perdagangan eceran kaki lima dan los pasar roti, kue kering, kue basah dan sejenisnya",47822,"perdagangan eceran kaki lima dan los pasar roti, kue kering, kue basah dan sejenisnya",2025-03-22,false,snack foods,dk,Snack foods,4,9000391,329444,35672120,3923933,0,39596053
Jawa Timur,Malang,Klojen,Kauman,DKI Jakarta,Jakarta Pusat,Tanah Abang,Bendungan Hilir,Direktorat Kesehatan,PT Fujiati (Persero) Tbk,351972620646470,true,390540007451321,false,49425,angkutan darat lainnya untuk wisata,49425,angkutan darat lainnya untuk wisata,2024-08-14,false,fresh bread,arnon,Fresh bread,3,5591983,1654188,15121761,1663393,0,16785154
Jawa Timur,Malang,Klojen,Kauman,Jawa Timur,Malang,Klojen,Kauman,Direktorat Kesehatan,PD Laksmiwati,964625373611221,false,747030829258841,true,36992,industri pita mesin tulis/gambar,36992,industri pita mesin tulis/gambar,2024-10-18,true,facial care products,biore,Facial care products,7,1844848,683398,12230538,1345359,0,13575897
DKI Jakarta,Jakarta Timur,Jatinegara,Bali Mester,Bali,Badung,Kuta,Legian,Sekretariat Kesehatan,Perum Rajasa (Persero) Tbk,643107092379642,false,483609582734798,true,55114,hotel bintang dua,55114,hotel bintang dua,2025-04-09,false,ecommerce advertising,goads,Advertising,7,9566224,6604575,60358993,6639489,0,66998482
Bali,Badung,Kuta,Legian,Bali,Badung,Kuta,Legian,Badan Pekerjaan Umum,CV Yuniar Tbk,298352091853026,false,556885546567428,true,55212,restoran/rumah makan talam selaka,55212,restoran/rumah makan talam selaka,2024-08-22,true,insurance service,avrist,Insurance law service,10,6407071,2746499,61324211,6745663,0,68069874
DKI Jakarta,Jakarta Barat,Grogol,Tanjung Duren,Bali,Badung,Kuta,Legian,Direktorat Pekerjaan Umum,PT Suwarno Budiman (Persero) Tbk,539080053634318,false,331551117243685,false,30001,industri mesin kantor dan akuntansi manual,30001,industri mesin kantor dan akuntansi manual,2025-02-01,false,freezer,sanken,Upright cabinet freezer,10,5159503,3646754,47948276,5274310,0,53222586
Jawa Tengah,Solo,Banjarsari,Sragen,Jawa Barat,Bandung,Coblong,Dago,Sekretariat Pendidikan,PD Fujiati Hardiansyah,891906073658495,false,364857882179872,false,45311,instalasi air (plumbing),45311,instalasi air (plumbing),2024-11-21,false,electric fan,maspion,Domestic electric fan,6,6472144,1703024,37129840,4084282,0,41214122
Jawa Timur,Malang,Klojen,Kauman,Jawa Barat,Bandung,Coblong,Dago,Direktorat Kesehatan,PT Zulaika Wahyuni (Persero) Tbk,854427638815551,true,113061572264390,true,28222,industri mesin dan perkakas mesin untuk pengerjaan kayu,28222,industri mesin dan perkakas mesin untuk pengerjaan kayu,2024-12-13,true,feminine hygiene products,softex,Feminine hygiene products,3,8215493,1831799,22814680,2509614,0,25324294
DKI Jakarta,Jakarta Selatan,Cilandak,Cipete,Bali,Badung,Kuta,Legian,Sekretariat Perhubungan,UD Januar Tampubolon (Persero) Tbk,533149384733442,false,309183056734246,false,08992,penggalian batu bahan industri,08992,penggalian batu bahan industri,2025-04-18,true,soft drinks,lasegar,Soft drinks,10,8407686,3972005,80104855,8811534,0,88916389
Bali,Badung,Kuta,Legian,DKI Jakarta,Jakarta Barat,Grogol,Tanjung Duren,Kementerian Pekerjaan Umum,UD Wasita (Persero) Tbk,190145739271644,true,923365546635081,false,45311,instalasi air (plumbing),45311,instalasi air (plumbing),2024-10-30,false,electric fan,maspion,Domestic electric fan,9,1362558,1097558,11165464,1228201,0,12393665
DKI Jakarta,Jakarta Selatan,Cilandak,Cipete,Bali,Badung,Kuta,Legian,Sekretariat Pendidikan,PD Novitasari,611197611280711,false,926203849057217,false,28222,industri mesin dan perkakas mesin untuk pengerjaan kayu,28222,industri mesin dan perkakas mesin untuk pengerjaan kayu,2025-01-28,false,feminine hygiene products,softex,Feminine hygiene products,6,4992868,1213028,28744180,3161859,0,31906039
DKI Jakarta,Jakarta Timur,Jatinegara,Bali Mester,Jawa Timur,Malang,Klojen,Kauman,Sekretariat Pendidikan,Perum Gunarto (Persero) Tbk,645788495970362,true,669246920170724,true,46413,perdagangan besar alas kaki,46413,perdagangan besar alas kaki,2025-05-21,false,laundry washing machine,brother,Laundry type washing machines,5,2273631,589240,10778915,1185680,0,11964595
Jawa Tengah,Solo,Banjarsari,Sragen,Bali,Badung,Kuta,Legian,Dinas Keuangan,PD Mahendra Aryani,889001738107989,true,303574942604988,true,01702,penangkaran satwa liar,01702,penangkaran satwa liar,2024-11-13,false,bathing soap,lifebuoy,Soaps,2,2483874,312236,4655512,512106,0,5167618
Jawa Timur,Malang,Klojen,Kauman,Jawa Timur,Malang,Klojen,Kauman,Kementerian Keuangan,PD Saptono Gunawan,159133607923334,true,548946334445234,false,55212,restoran/rumah makan talam selaka,55212,restoran/rumah makan talam selaka,2025-03-07,false,insurance service,avrist,Insurance law service,8,8984217,1960093,69913643,7690500,0,77604143
Jawa Timur,Malang,Klojen,Kauman,Bali,Badung,Kuta,Legian,Direktorat Perhubungan,PT Dabukke Maulana,455432932687482,true,817674137179978,false,28222,industri mesin dan perkakas mesin untuk pengerjaan kayu,28222,industri mesin dan perkakas mesin untuk pengerjaan kayu,2025-01-04,false,feminine hygiene products,softex,Feminine hygiene products,10,4623311,2809910,43423200,4776552,0,48199752
Jawa Tengah,Solo,Banjarsari,Sragen,Jawa Timur,Malang,Klojen,Kauman,Dinas Keuangan,Perum Permadi Rahayu (Persero) Tbk,111908001322559,true,176509824522853,true,36992,industri pita mesin tulis/gambar,36992,industri pita mesin tulis/gambar,2025-04-01,false,facial care products,biore,Facial care products,2,8862472,217909,17507035,1925773,0,19432808
Jawa Timur,Malang,Klojen,Kauman,Jawa Tengah,Solo,Banjarsari,Sragen,Sekretariat Pendidikan,CV Melani (Persero) Tbk,839273797629769,true,774850818702986,true,63210,pergudangan,63210,pergudangan,2025-04-23,true,edible vegetable oil,barco,Edible vegetable or plant oils,2,2229482,197110,4261854,468803,0,4730657
Bali,Badung,Kuta,Legian,Jawa Tengah,Solo,Banjarsari,Sragen,Direktorat Keuangan,UD Mayasari Tbk,580743288780868,false,282356826705839,true,22121,industri pengasapan karet,22121,industri pengasapan karet,2024-11-01,false,air conditioner,modena,Air conditioners,1,6472301,407466,6064835,667131,0,6731966
DKI Jakarta,Jakarta Timur,Jatinegara,Bali Mester,Jawa Timur,Malang,Klojen,Kauman,Sekretariat Perhubungan,PT Maryati,826747887592128,false,261985157273982,false,24115,"industri kimia dasar organik, yang bersumber dari hasil pertanian",24115,"industri kimia dasar organik, yang bersumber dari hasil pertanian",2025-02-26,true,diesel power generator,lovol,Diesel generators,10,1832574,926063,17399677,1913964,0,19313641
Jawa Tengah,Solo,Banjarsari,Sragen,DKI Jakarta,Jakarta Timur,Jatinegara,Bali Mester,Direktorat Kesehatan,CV Nasyidah Kusumo (Persero) Tbk,820956014341794,true,142601492389780,false,45311,instalasi air (plumbing),45311,instalasi air (plumbing),2025-02-10,false,electric fan,maspion,Domestic electric fan,3,5583643,820679,15930250,1752327,0,17682577
DKI Jakarta,Jakarta Pusat,Tanah Abang,Bendungan Hilir,Jawa Timur,Malang,Klojen,Kauman,Direktorat Perhubungan,Perum Siregar Prabowo Tbk,738657862513631,false,867679591632408,false,26514,industri alat uji dalam proses industri,26514,industri alat uji dalam proses industri,2025-03-22,false,instant noodle or pasta,atom bulan,Plain pasta and noodles,1,1571139,95775,1475364,162290,0,1637654
Jawa Tengah,Solo,Banjarsari,Sragen,Jawa Barat,Bandung,Coblong,Dago,Dinas Keuangan,PD Zulaika Maheswara Tbk,539219229382478,true,875566427954830,false,92429,jasa rekreasi lainnya,92429,jasa rekreasi lainnya,2025-01-13,false,television,panasonic,Televisions,2,7398147,397335,14398959,1583885,0,15982844
DKI Jakarta,Jakarta Selatan,Cilandak,Cipete,Jawa Timur,Malang,Klojen,Kauman,Direktorat Pekerjaan Umum,Perum Pudjiastuti,605877619585088,true,481998845370649,true,08992,penggalian batu bahan industri,08992,penggalian batu bahan industri,2025-01-01,false,soft drinks,lasegar,Soft drinks,1,6853292,123928,6729364,740230,0,7469594
Bali,Badung,Kuta,Legian,DKI Jakarta,Jakarta Barat,Grogol,Tanjung Duren,Kementerian Perhubungan,UD Sihombing Tbk,151568033243668,true,830469574914058,true,52349,perdagangan eceran khusus bahan konstruksi lainnya di dalam bangunan,52349,perdagangan eceran khusus bahan konstruksi lainnya di dalam bangunan,2024-08-16,true,instant noodle or pasta,burung dara,Plain pasta and noodles,3,888156,161133,2503335,275366,0,2778701
Jawa Timur,Malang,Klojen,Kauman,DKI Jakarta,Jakarta Pusat,Tanah Abang,Bendungan Hilir,Dinas Perhubungan,CV Damanik Firgantoro,863807268397107,false,236010121940921,true,02011,pengusahaan hutan jati,02011,pengusahaan hutan jati,2024-11-19,false,hair shampoo,zinc,Shampoos,4,814815,310947,2948313,324314,0,3272627
Jawa Tengah,Solo,Banjarsari,Sragen,Jawa Barat,Bandung,Coblong,Dago,Sekretariat Kesehatan,CV Riyanti Pangestu,374317150263778,true,212550190815251,false,01223,pembibitan dan budidaya ayam buras,01223,pembibitan dan budidaya ayam buras,2024-08-26,true,water,prima,Water,1,8219958,84643,8135315,894884,0,9030199
DKI Jakarta,Jakarta Selatan,Cilandak,Cipete,Jawa Timur,Malang,Klojen,Kauman,Dinas Keuangan,PD Kusmawati (Persero) Tbk,607126215148879,false,787401675472175,true,45227,bangunan dermaga,45227,bangunan dermaga,2024-10-14,true,fresh bread,jordan,Fresh bread,8,1526750,631661,11582339,1274057,0,12856396
Jawa Timur,Malang,Klojen,Kauman,DKI Jakarta,Jakarta Barat,Grogol,Tanjung Duren,Direktorat Kesehatan,UD Firgantoro,159748477297815,true,996905619474914,true,24202,industri pembuatan logam dasar bukan besi,24202,industri pembuatan logam dasar bukan besi,2024-12-14,false,taxicab service,blue bird,Taxicab services,8,3008222,670080,23395696,2573526,0,25969222
DKI Jakarta,Jakarta Barat,Grogol,Tanjung Duren,Jawa Barat,Bandung,Coblong,Dago,Sekretariat Perhubungan,Perum Pradana Prayoga (Persero) Tbk,217566325840580,true,705014540400281,true,10794,"industri kerupuk, keripik, peyek dan sejenisnya",10794,"industri kerupuk, keripik, peyek dan sejenisnya",2025-02-17,true,water,eternal plus,Water,1,8187979,539915,7648064,841287,0,8489351
DKI Jakarta,Jakarta Selatan,Cilandak,Cipete,Jawa Timur,Malang,Klojen,Kauman,Kementerian Keuangan,PT Mulyani Pudjiastuti (Persero) Tbk,210407407627495,true,564542536371016,true,92424,gelanggang permainan dan ketangkasan,92424,gelanggang permainan dan ketangkasan,2025-01-28,false,snack foods,wafello,Snack foods,4,1283623,246934,4887558,537631,0,5425189
Jawa Timur,Malang,Klojen,Kauman,Jawa Barat,Bandung,Coblong,Dago,Badan Kesehatan,UD Setiawan,910445114865171,true,503738230268632,false,52213,perdagangan eceran khusus sayuran di dalam bangunan,52213,perdagangan eceran khusus sayuran di dalam bangunan,2025-04-06,true,instant noodle or pasta,pop mie,Plain pasta and noodles,6,2184259,67307,13038247,1434207,0,14472454
Bali,Badung,Kuta,Legian,DKI Jakarta,Jakarta Pusat,Tanah Abang,Bendungan Hilir,Dinas Keuangan,PD Nababan Tbk,779632597660789,true,994602129162226,true,31402,industri akumulator listrik (batu baterai sekunder),31402,industri akumulator listrik (batu baterai sekunder),2024-08-25,true,motorcycle,yamaha,Motorcycles,2,6957115,1094228,12820002,1410200,0,14230202
Jawa Barat,Bandung,Coblong,Dago,DKI Jakarta,Jakarta Pusat,Tanah Abang,Bendungan Hilir,Badan Perhubungan,PT Hutagalung Tbk,350407672083336,true,745932646126662,true,52213,perdagangan eceran khusus sayuran di dalam bangunan,52213,perdagangan eceran khusus sayuran di dalam bangunan,2025-01-26,false,instant noodle or pasta,pop mie,Plain pasta and noodles,1,722073,61689,660384,72642,0,733026
Bali,Badung,Kuta,Legian,Jawa Timur,Malang,Klojen,Kauman,Dinas Pendidikan,Perum Waluyo Widodo,947893367423072,true,923919438392403,false,01223,pembibitan dan budidaya ayam buras,01223,pembibitan dan budidaya ayam buras,2025-07-06,true,water,prima,Water,3,6063049,620317,17568830,1932571,0,19501401
DKI Jakarta,Jakarta Barat,Grogol,Tanjung Duren,Jawa Barat,Bandung,Coblong,Dago,Direktorat Kesehatan,PD Pratama Tbk,891660716589595,false,989299542776449,false,03125,penangkapan/pengambilan induk/benih ikan di perairan umum,03125,penangkapan/pengambilan induk/benih ikan di perairan umum,2025-01-20,false,tablet computers,realme,Tablet computers,1,1236125,50446,1185679,130424,0,1316103
Jawa Tengah,Solo,Banjarsari,Sragen,Jawa Tengah,Solo,Banjarsari,Sragen,Kementerian Pekerjaan Umum,PD Saptono Palastri,509815792094849,true,531167948475824,false,31402,industri akumulator listrik (batu baterai sekunder),31402,industri akumulator listrik (batu baterai sekunder),2025-01-15,false,motorcycle,yamaha,Motorcycles,10,735757,383329,6974241,767166,0,7741407
Jawa Barat,Bandung,Coblong,Dago,Jawa Tengah,Solo,Banjarsari,Sragen,Sekretariat Kesehatan,PD Sirait Januar Tbk,938814642731635,true,497118347537067,false,52101,pergudangan,52101,pergudangan,2024-11-14,false,hair shampoo,ellips,Shampoos,5,963687,33223,4785212,526373,0,5311585
Jawa Tengah,Solo,Banjarsari,Sragen,Jawa Timur,Malang,Klojen,Kauman,Kementerian Kesehatan,Perum Sihotang Mahendra Tbk,198300883057940,true,424678820732048,true,47895,"perdagangan eceran kaki lima dan los pasar pakaian, alas kaki, perlengkapan pakaian dan barang perlengkapan pribadi bekas",47895,"perdagangan eceran kaki lima dan los pasar pakaian, alas kaki, perlengkapan pakaian dan barang perlengkapan pribadi bekas",2024-08-19,true,ecommerce advertising,bliklan,Advertising,3,4679550,234932,13803718,1518408,0,15322126
Jawa Barat,Bandung,Coblong,Dago,Bali,Badung,Kuta,Legian,Sekretariat Kesehatan,PD Winarno Hastuti,490350138103083,false,930588451868664,true,92331,kebun raya dan kebun binatang,92331,kebun raya dan kebun binatang,2024-11-10,false,domestic refrigerator,panasonik,Domestic refrigerators,4,1106117,11553,4412915,485420,0,4898335
Bali,Badung,Kuta,Legian,Jawa Tengah,Solo,Banjarsari,Sragen,Badan Pekerjaan Umum,PD Yuliarti,445082537622089,true,392744065807054,true,02011,pengusahaan hutan jati,02011,pengusahaan hutan jati,2025-05-02,false,hair shampoo,zinc,Shampoos,6,4884292,198470,29107282,3201801,0,32309083
Jawa Tengah,Solo,Banjarsari,Sragen,Bali,Badung,Kuta,Legian,Dinas Kesehatan,CV Utama Palastri,367856327998758,true,746857794413599,true,47895,"perdagangan eceran kaki lima dan los pasar pakaian, alas kaki, perlengkapan pakaian dan barang perlengkapan pribadi bekas",47895,"perdagangan eceran kaki lima dan los pasar pakaian, alas kaki, perlengkapan pakaian dan barang perlengkapan pribadi bekas",2025-05-19,false,ecommerce advertising,bliklan,Advertising,5,6252069,773834,30486511,3353516,0,33840027
Bali,Badung,Kuta,Legian,Jawa Barat,Bandung,Coblong,Dago,Sekretariat Keuangan,Perum Anggriawan Sihombing (Persero) Tbk,555494273695637,false,263688799378265,false,02119,pengusahaan hutan lainnya,02119,pengusahaan hutan lainnya,2024-08-12,false,laundry washing machine,toshiba,Laundry type washing machines,3,122046,35792,330346,36338,0,366684
Jawa Tengah,Solo,Banjarsari,Sragen,Bali,Badung,Kuta,Legian,Kementerian Perhubungan,Perum Yuniar Halimah Tbk,145126792631682,true,720325038584918,true,13101,pertambangan pasir besi,13101,pertambangan pasir besi,2025-02-05,false,water dispenser,changhong,Hot water dispenser,1,6788231,647518,6140713,675478,0,6816191
Jawa Timur,Malang,Klojen,Kauman,DKI Jakarta,Jakarta Selatan,Cilandak,Cipete,Dinas Pendidikan,CV Mandasari Padmasari (Persero) Tbk,706196338139115,false,856106130622140,true,92331,kebun raya dan kebun binatang,92331,kebun raya dan kebun binatang,2024-12-19,false,domestic refrigerator,panasonik,Domestic refrigerators,4,8278643,1332772,31781800,3495998,0,35277798
Bali,Badung,Kuta,Legian,Jawa Barat,Bandung,Coblong,Dago,Badan Pendidikan,Perum Dongoran (Persero) Tbk,488343575533758,false,198627743636501,true,50228,angkutan penyeberangan umum dalam kabupaten/kota untuk barang,50228,angkutan penyeberangan umum dalam kabupaten/kota untuk barang,2024-11-10,false,inkjet printer,toshiba,Inkjet printers,7,7473991,2421237,49896700,5488637,0,55385337
Jawa Timur,Malang,Klojen,Kauman,Jawa Barat,Bandung,Coblong,Dago,Sekretariat Keuangan,CV Andriani Palastri,765045449625148,false,107452148141050,false,80122,jasa pendidikan sekolah dasar swasta,80122,jasa pendidikan sekolah dasar swasta,2025-04-06,false,edible vegetable oil,kunci mas,Edible vegetable or plant oils,7,2984217,1165626,19723893,2169628,0,21893521
Bali,Badung,Kuta,Legian,Jawa Timur,Malang,Klojen,Kauman,Badan Pekerjaan Umum,UD Maheswara Agustina,656306944316724,false,130216059234383,true,28222,industri mesin dan perkakas mesin untuk pengerjaan kayu,28222,industri mesin dan perkakas mesin untuk pengerjaan kayu,2024-11-21,true,feminine hygiene products,softex,Feminine hygiene products,5,5086006,1981981,23448049,2579285,0,26027334
Jawa Tengah,Solo,Banjarsari,Sragen,Jawa Barat,Bandung,Coblong,Dago,Direktorat Pendidikan,Perum Kusumo,939432455385370,false,640979396393440,false,03232,jasa produksi budidaya ikan laut,03232,jasa produksi budidaya ikan laut,2024-10-26,false,detergent and laundry products,gentlegen,Laundry products,8,2056281,782661,15667587,1723434,0,17391021
Bali,Badung,Kuta,Legian,Bali,Badung,Kuta,Legian,Direktorat Kesehatan,Perum Padmasari (Persero) Tbk,283869084900653,true,506631494826347,false,11050,industri air minum dan air mineral,11050,industri air minum dan air mineral,2024-11-01,false,domestic refrigerator,daikin,Domestic refrigerators,1,4912980,152915,4760065,523607,0,5283672
DKI Jakarta,Jakarta Selatan,Cilandak,Cipete,Bali,Badung,Kuta,Legian,Badan Keuangan,PT Uyainah,885840225205578,false,701703854934478,false,36930,industri alat-alat olahraga,36930,industri alat-alat olahraga,2024-10-18,true,powdered milk,nutrilon,Powdered milk,1,2347630,135835,2211795,243297,0,2455092
Jawa Tengah,Solo,Banjarsari,Sragen,Jawa Barat,Bandung,Coblong,Dago,Sekretariat Kesehatan,CV Hidayanto Saptono,312140596265268,true,618468769625171,true,24202,industri pembuatan logam dasar bukan besi,24202,industri pembuatan logam dasar bukan besi,2024-11-29,true,taxicab service,blue bird,Taxicab services,3,341577,62851,961880,105806,0,1067686
Jawa Tengah,Solo,Banjarsari,Sragen,Bali,Badung,Kuta,Legian,Kementerian Pendidikan,CV Sitompul Tbk,244917446554026,true,355102537685955,false,24202,industri pembuatan logam dasar bukan besi,24202,industri pembuatan logam dasar bukan besi,2025-01-05,true,taxicab service,blue bird,Taxicab services,4,2234699,82423,8856373,974201,0,9830574
DKI Jakarta,Jakarta Barat,Grogol,Tanjung Duren,Jawa Timur,Malang,Klojen,Kauman,Kementerian Pekerjaan Umum,UD Prasetyo Anggraini (Persero) Tbk,166729159582923,false,148727490653430,true,23963,industri  barang  dari  batu  untuk  keperluan  rumah tangga dan pajangan,23963,industri  barang  dari  batu  untuk  keperluan  rumah tangga dan pajangan,2025-01-22,false,powdered milk,chil kid,Powdered milk,1,1669061,32451,1636610,180027,0,1816637
Jawa Barat,Bandung,Coblong,Dago,DKI Jakarta,Jakarta Barat,Grogol,Tanjung Duren,Sekretariat Keuangan,UD Kusmawati Rajasa Tbk,280772391222891,true,742026764876599,true,50228,angkutan penyeberangan umum dalam kabupaten/kota untuk barang,50228,angkutan penyeberangan umum dalam kabupaten/kota untuk barang,2025-02-06,true,inkjet printer,toshiba,Inkjet printers,10,284617,277263,2568907,282579,0,2851486
Jawa Barat,Bandung,Coblong,Dago,DKI Jakarta,Jakarta Selatan,Cilandak,Cipete,Sekretariat Kesehatan,CV Pradana Tbk,858321314132116,true,577486029632455,true,52349,perdagangan eceran khusus bahan konstruksi lainnya di dalam bangunan,52349,perdagangan eceran khusus bahan konstruksi lainnya di dalam bangunan,2025-06-29,true,instant noodle or pasta,burung dara,Plain pasta and noodles,7,1943232,659093,12943531,1423788,0,14367319
Jawa Timur,Malang,Klojen,Kauman,Jawa Tengah,Solo,Banjarsari,Sragen,Badan Perhubungan,UD Halimah Tbk,533225258237733,false,775978275349966,false,03232,jasa produksi budidaya ikan laut,03232,jasa produksi budidaya ikan laut,2025-01-20,false,detergent and laundry products,gentlegen,Laundry products,4,9343166,1708265,35664399,3923083,0,39587482
Jawa Timur,Malang,Klojen,Kauman,Jawa Tengah,Solo,Banjarsari,Sragen,Kementerian Perhubungan,CV Sirait Tbk,688463940605842,true,261413972955008,false,26311,industri bata tahan api dan sejenisnya,26311,industri bata tahan api dan sejenisnya,2025-04-27,false,detergent and laundry products,vanish,Laundry products,10,1756614,1554895,16011245,1761236,0,17772481
DKI Jakarta,Jakarta Timur,Matraman,Pisangan Baru,Jawa Barat,Bandung,Coblong,Dago,Direktorat Perhubungan,UD Mandasari Usada Tbk,961107779336745,false,988889679876549,false,46413,perdagangan besar alas kaki,46413,perdagangan besar alas kaki,2024-09-21,false,laundry washing machine,brother,Laundry type washing machines,8,6835437,4064556,50618940,5568083,0,56187023
Jawa Tengah,Solo,Banjarsari,Sragen,DKI Jakarta,Jakarta Timur,Jatinegara,Bali Mester,Dinas Kesehatan,UD Winarno Thamrin,212141723760102,true,176819056253859,false,11050,industri air minum dan air mineral,11050,industri air minum dan air mineral,2024-08-31,true,domestic refrigerator,daikin,Domestic refrigerators,3,6469516,1267904,18140644,1995470,0,20136114
Jawa Tengah,Solo,Banjarsari,Sragen,DKI Jakarta,Jakarta Pusat,Tanah Abang,Bendungan Hilir,Badan Perhubungan,Perum Waskita Mayasari,668346537954337,false,486875803908470,true,52405,perdagangan eceran bahan konstruksi dan sanitasi bekas di dalam bangunan,52405,perdagangan eceran bahan konstruksi dan sanitasi bekas di dalam bangunan,2025-05-17,true,insurance service,lippo,Insurance law service,7,2048738,804530,13536636,1489029,0,15025665
Jawa Tengah,Solo,Banjarsari,Sragen,DKI Jakarta,Jakarta Barat,Grogol,Tanjung Duren,Dinas Perhubungan,Perum Winarno (Persero) Tbk,251420921781795,false,538068263363210,false,49425,angkutan darat lainnya untuk wisata,49425,angkutan darat lainnya untuk wisata,2025-03-11,true,fresh bread,arnon,Fresh bread,10,8280125,5537140,77264110,8499052,0,85763162
Bali,Badung,Kuta,Legian,Bali,Badung,Kuta,Legian,Direktorat Pekerjaan Umum,PT Winarsih (Persero) Tbk,525364845952100,false,460830014121474,true,23963,industri  barang  dari  batu  untuk  keperluan  rumah tangga dan pajangan,23963,industri  barang  dari  batu  untuk  keperluan  rumah tangga dan pajangan,2025-06-15,true,powdered milk,chil kid,Powdered milk,10,806962,134425,7935195,872871,0,8808066
Jawa Tengah,Solo,Banjarsari,Sragen,DKI Jakarta,Jakarta Pusat,Tanah Abang,Bendungan Hilir,Direktorat Keuangan,PT Samosir (Persero) Tbk,844489873536291,true,364158732066917,false,52101,pergudangan,52101,pergudangan,2025-05-07,true,hair shampoo,ellips,Shampoos,2,5165582,120031,10211133,1123224,0,11334357
Jawa Barat,Bandung,Coblong,Dago,Jawa Timur,Malang,Klojen,Kauman,Kementerian Perhubungan,PD Zulaika (Persero) Tbk,125037889762934,false,742159362664760,false,55212,restoran/rumah makan talam selaka,55212,restoran/rumah makan talam selaka,2025-05-25,false,insurance service,avrist,Insurance law service,10,1689564,1024162,15871478,1745862,0,17617340
Jawa Barat,Bandung,Coblong,Dago,Jawa Barat,Bandung,Coblong,Dago,Dinas Perhubungan,CV Winarno Tbk,986253505419238,true,341031571073843,false,02011,pengusahaan hutan jati,02011,pengusahaan hutan jati,2025-03-31,false,hair shampoo,zinc,Shampoos,1,5038206,300690,4737516,521126,0,5258642
Jawa Barat,Bandung,Coblong,Dago,Jawa Tengah,Solo,Banjarsari,Sragen,Dinas Keuangan,UD Anggraini,186315080078658,false,587411356718718,false,10214,industri pemindangan ikan,10214,industri pemindangan ikan,2024-11-15,true,feminine hygiene products,laureir,Feminine hygiene products,7,6799490,2107761,45488669,5003753,0,50492422
Bali,Badung,Kuta,Legian,Bali,Badung,Kuta,Legian,Direktorat Keuangan,Perum Prakasa,818242816059593,false,737394340826357,true,36992,industri pita mesin tulis/gambar,36992,industri pita mesin tulis/gambar,2024-12-12,true,facial care products,biore,Facial care products,6,7809239,1239363,45616071,5017767,0,50633838
Jawa Barat,Bandung,Coblong,Dago,Jawa Tengah,Solo,Banjarsari,Sragen,Badan Keuangan,PD Suartini Nasyidah,280803718024506,false,776928450574603,true,03125,penangkapan/pengambilan induk/benih ikan di perairan umum,03125,penangkapan/pengambilan induk/benih ikan di perairan umum,2025-06-28,false,tablet computers,realme,Tablet computers,4,1955196,157246,7663538,842989,0,8506527
DKI Jakarta,Jakarta Selatan,Cilandak,Cipete,Jawa Timur,Malang,Klojen,Kauman,Dinas Kesehatan,CV Mahendra Siregar (Persero) Tbk,253606381663106,true,989089404849060,false,31202,industri peralatan pengontrol arus listik,31202,industri peralatan pengontrol arus listik,2024-12-23,true,powdered milk,dnco,Powdered milk,1,8201075,20875,8180200,899822,0,9080022
DKI Jakarta,Jakarta Timur,Jatinegara,Bali Mester,Jawa Timur,Malang,Klojen,Kauman,Dinas Kesehatan,UD Kuswoyo Haryanti,742858300709234,true,847841947370171,false,15494,industri tempe,15494,industri tempe,2025-03-21,false,diesel power generator,general power,Diesel generators,2,4044266,628958,7459574,820553,0,8280127
Jawa Tengah,Solo,Banjarsari,Sragen,Jawa Timur,Malang,Klojen,Kauman,Dinas Kesehatan,UD Mayasari Wahyudin Tbk,409112962082729,false,386321453780219,true,03232,jasa produksi budidaya ikan laut,03232,jasa produksi budidaya ikan laut,2025-05-08,false,detergent and laundry products,gentlegen,Laundry products,9,6336506,947588,56080966,6168906,0,62249872
Bali,Badung,Kuta,Legian,Jawa Tengah,Solo,Banjarsari,Sragen,Badan Keuangan,CV Haryanti,826652722421376,true,932548664690088,true,07301,pertambangan emas dan perak,07301,pertambangan emas dan perak,2025-02-11,true,marketing and customer relationship management software,salesforce,Customer relationship management software maintenance,5,9323235,3227015,43389160,4772807,0,48161967
Jawa Tengah,Solo,Banjarsari,Sragen,Jawa Timur,Malang,Klojen,Kauman,Badan Pendidikan,CV Permadi Tbk,365105811242308,false,280401039947179,false,03232,jasa produksi budidaya ikan laut,03232,jasa produksi budidaya ikan laut,2024-07-30,false,detergent and laundry products,gentlegen,Laundry products,7,618440,143674,4185406,460394,0,4645800
Jawa Timur,Malang,Klojen,Kauman,Jawa Timur,Malang,Klojen,Kauman,Sekretariat Pendidikan,PT Wibowo (Persero) Tbk,573856663044583,false,882738261603910,true,63460,jasa konsultasi pariwisata,63460,jasa konsultasi pariwisata,2025-04-16,true,accounting software,accurate online,Accounting software,3,7489100,570812,21896488,2408613,0,24305101
Jawa Timur,Malang,Klojen,Kauman,Bali,Badung,Kuta,Legian,Dinas Pekerjaan Umum,PD Saefullah Gunarto,959245355512455,true,768803060098574,false,45227,bangunan dermaga,45227,bangunan dermaga,2024-11-13,false,fresh bread,jordan,Fresh bread,8,8075640,6167070,58438050,6428185,0,64866235
Jawa Tengah,Solo,Banjarsari,Sragen,Jawa Barat,Bandung,Coblong,Dago,Dinas Perhubungan,PT Mustofa Tbk,524827569248402,true,828579176124970,true,08992,penggalian batu bahan industri,08992,penggalian batu bahan industri,2024-08-27,true,soft drinks,lasegar,Soft drinks,8,3376354,1097998,25912834,2850411,0,28763245
Jawa Barat,Bandung,Coblong,Dago,Bali,Badung,Kuta,Legian,Badan Kesehatan,CV Namaga Nugroho (Persero) Tbk,738661410327783,true,909051640105168,false,92331,kebun raya dan kebun binatang,92331,kebun raya dan kebun binatang,2025-04-06,false,domestic refrigerator,panasonik,Domestic refrigerators,8,2038307,470776,15835680,1741924,0,17577604
Jawa Barat,Bandung,Coblong,Dago,Jawa Timur,Malang,Klojen,Kauman,Dinas Pekerjaan Umum,PD Suryatmi Waluyo (Persero) Tbk,418595623517533,true,303076440407413,false,45311,instalasi air (plumbing),45311,instalasi air (plumbing),2025-05-06,true,electric fan,maspion,Domestic electric fan,1,4918629,137258,4781371,525950,0,5307321
Bali,Badung,Kuta,Legian,Bali,Badung,Kuta,Legian,Direktorat Kesehatan,CV Haryanti,463942091615088,false,338936275652583,false,03125,penangkapan/pengambilan induk/benih ikan di perairan umum,03125,penangkapan/pengambilan induk/benih ikan di perairan umum,2024-10-02,false,tablet computers,realme,Tablet computers,10,4348752,612834,42874686,4716215,0,47590901
Bali,Badung,Kuta,Legian,Jawa Barat,Bandung,Coblong,Dago,Kementerian Keuangan,UD Riyanti Tbk,797672359586316,false,855774205385130,false,02011,pengusahaan hutan jati,02011,pengusahaan hutan jati,2025-04-12,true,hair shampoo,zinc,Shampoos,9,739962,608684,6050974,665607,0,6716581
Jawa Tengah,Solo,Banjarsari,Sragen,Jawa Timur,Malang,Klojen,Kauman,Sekretariat Perhubungan,UD Melani Hardiansyah,393187961534888,true,149719886901222,true,01223,pembibitan dan budidaya ayam buras,01223,pembibitan dan budidaya ayam buras,2024-08-17,false,water,prima,Water,5,6099733,1803911,28694754,3156422,0,31851176
Jawa Tengah,Solo,Banjarsari,Sragen,Jawa Barat,Bandung,Coblong,Dago,Sekretariat Perhubungan,Perum Siregar Pradipta,312704188954685,true,358797783751979,true,24202,industri pembuatan logam dasar bukan besi,24202,industri pembuatan logam dasar bukan besi,2024-11-04,true,taxicab service,blue bird,Taxicab services,8,4415833,685999,34640665,3810473,0,38451138
Jawa Timur,Malang,Klojen,Kauman,DKI Jakarta,Jakarta Pusat,Tanah Abang,Bendungan Hilir,Direktorat Perhubungan,PD Permadi Hidayat Tbk,239222000785689,false,329381720291421,false,67204,broker,67204,broker,2025-06-27,true,air conditioner,changhong,Air conditioners,3,8585203,1144170,24611439,2707258,0,27318697
Bali,Badung,Kuta,Legian,Jawa Timur,Malang,Klojen,Kauman,Kementerian Keuangan,PD Rahimah (Persero) Tbk,420069664339180,true,520590660374524,true,80122,jasa pendidikan sekolah dasar swasta,80122,jasa pendidikan sekolah dasar swasta,2025-02-09,false,edible vegetable oil,kunci mas,Edible vegetable or plant oils,3,534433,21250,1582049,174025,0,1756074
Jawa Timur,Malang,Klojen,Kauman,Jawa Tengah,Solo,Banjarsari,Sragen,Sekretariat Kesehatan,PT Adriansyah (Persero) Tbk,418577668643557,false,162529561910334,true,01217,pembibitan dan budidaya kambing perah,01217,pembibitan dan budidaya kambing perah,2024-11-19,false,air conditioner,aqua,Air conditioners,2,6741735,535117,12948353,1424318,0,14372671
Jawa Barat,Bandung,Coblong,Dago,Jawa Barat,Bandung,Coblong,Dago,Badan Kesehatan,Perum Mansur Oktaviani,436133248501150,false,586795034028747,false,01223,pembibitan dan budidaya ayam buras,01223,pembibitan dan budidaya ayam buras,2025-06-27,true,water,prima,Water,6,1662483,872470,9102428,1001267,0,10103695
Bali,Badung,Kuta,Legian,Jawa Timur,Malang,Klojen,Kauman,Kementerian Perhubungan,PT Hardiansyah Wasita,514596676277148,true,810088807518411,false,47895,"perdagangan eceran kaki lima dan los pasar pakaian, alas kaki, perlengkapan pakaian dan barang perlengkapan pribadi bekas",47895,"perdagangan eceran kaki lima dan los pasar pakaian, alas kaki, perlengkapan pakaian dan barang perlengkapan pribadi bekas",2024-08-08,true,ecommerce advertising,bliklan,Advertising,1,8662440,358345,8304095,913450,0,9217545
Jawa Barat,Bandung,Coblong,Dago,Jawa Tengah,Solo,Banjarsari,Sragen,Direktorat Keuangan,CV Lestari (Persero) Tbk,870466142147644,false,379962467633171,false,28222,industri mesin dan perkakas mesin untuk pengerjaan kayu,28222,industri mesin dan perkakas mesin untuk pengerjaan kayu,2025-01-06,false,feminine hygiene products,softex,Feminine hygiene products,10,850747,577759,7929711,872268,0,8801979
DKI Jakarta,Jakarta Barat,Grogol,Tanjung Duren,DKI Jakarta,Jakarta Pusat,Tanah Abang,Bendungan Hilir,Badan Pekerjaan Umum,PD Riyanti (Persero) Tbk,965419081472391,true,933743835816002,false,52101,pergudangan,52101,pergudangan,2025-06-29,true,hair shampoo,ellips,Shampoos,3,6642730,94914,19833276,2181660,0,22014936
Jawa Timur,Malang,Klojen,Kauman,Jawa Timur,Malang,Klojen,Kauman,Dinas Kesehatan,PD Namaga Prasetyo (Persero) Tbk,941079486562984,false,858194320324221,true,63460,jasa konsultasi pariwisata,63460,jasa konsultasi pariwisata,2024-11-18,false,accounting software,accurate online,Accounting software,9,350567,3065,3152038,346724,0,3498762
DKI Jakarta,Jakarta Barat,Grogol,Tanjung Duren,Jawa Timur,Malang,Klojen,Kauman,Sekretariat Pekerjaan Umum,PT Lazuardi Tbk,877613968193722,false,440761866202997,true,10794,"industri kerupuk, keripik, peyek dan sejenisnya",10794,"industri kerupuk, keripik, peyek dan sejenisnya",2025-05-09,true,water,eternal plus,Water,3,282799,25008,823389,90572,0,913961
DKI Jakarta,Jakarta Selatan,Cilandak,Cipete,Jawa Timur,Malang,Klojen,Kauman,Sekretariat Kesehatan,CV Anggraini Zulaika,438800274979347,false,633663207796495,false,92424,gelanggang permainan dan ketangkasan,92424,gelanggang permainan dan ketangkasan,2025-01-23,true,snack foods,wafello,Snack foods,2,2836787,159826,5513748,606512,0,6120260
Jawa Timur,Malang,Klojen,Kauman,Jawa Timur,Malang,Klojen,Kauman,Sekretariat Perhubungan,CV Suwarno,475878576585843,true,809778146338819,false,45227,bangunan dermaga,45227,bangunan dermaga,2024-08-23,false,fresh bread,jordan,Fresh bread,8,9758325,4998264,73068336,8037516,0,81105852
Bali,Badung,Kuta,Legian,Jawa Timur,Malang,Klojen,Kauman,Kementerian Pekerjaan Umum,UD Safitri Salahudin,575130838808824,false,171504991758905,false,01223,pembibitan dan budidaya ayam buras,01223,pembibitan dan budidaya ayam buras,2025-04-01,false,water,prima,Water,8,2011940,1037647,15057873,1656366,0,16714239
Jawa Tengah,Solo,Banjarsari,Sragen,Jawa Barat,Bandung,Coblong,Dago,Badan Perhubungan,UD Wulandari,671545179855885,true,481851304359478,false,36992,industri pita mesin tulis/gambar,36992,industri pita mesin tulis/gambar,2024-12-16,true,facial care products,biore,Facial care products,5,6599342,1748442,31248268,3437309,0,34685577
Jawa Tengah,Solo,Banjarsari,Sragen,Jawa Tengah,Solo,Banjarsari,Sragen,Dinas Kesehatan,CV Kurniawan,782011413197658,false,993379400749978,false,52405,perdagangan eceran bahan konstruksi dan sanitasi bekas di dalam bangunan,52405,perdagangan eceran bahan konstruksi dan sanitasi bekas di dalam bangunan,2024-08-20,false,insurance service,lippo,Insurance law service,5,3987929,439212,19500433,2145047,0,21645480
DKI Jakarta,Jakarta Barat,Grogol,Tanjung Duren,Jawa Tengah,Solo,Banjarsari,Sragen,Kementerian Keuangan,Perum Lailasari Tbk,228318292436116,true,732735100397872,true,55114,hotel bintang dua,55114,hotel bintang dua,2025-07-08,false,ecommerce advertising,goads,Advertising,5,5759692,1489988,27308472,3003931,0,30312403
DKI Jakarta,Jakarta Timur,Matraman,Pisangan Baru,DKI Jakarta,Jakarta Pusat,Tanah Abang,Bendungan Hilir,Kementerian Pekerjaan Umum,Perum Oktaviani Sihotang,980629827921874,true,733287875239603,true,15493,industri kecap,15493,industri kecap,2024-08-21,true,freezer,electrolux,Upright cabinet freezer,3,2030707,215363,5876758,646443,0,6523201
Jawa Barat,Bandung,Coblong,Dago,DKI Jakarta,Jakarta Selatan,Cilandak,Cipete,Dinas Pendidikan,CV Nugroho Anggriawan (Persero) Tbk,327310493861666,false,568095470279630,true,52101,pergudangan,52101,pergudangan,2025-06-15,true,hair shampoo,ellips,Shampoos,8,5776400,2405502,43805698,4818626,0,48624324
Jawa Barat,Bandung,Coblong,Dago,Jawa Timur,Malang,Klojen,Kauman,Sekretariat Perhubungan,PD Pratama Saputra Tbk,356911144843411,true,582813602215496,false,13101,pertambangan pasir besi,13101,pertambangan pasir besi,2025-04-25,false,water dispenser,changhong,Hot water dispenser,8,8709648,6665649,63011535,6931268,0,69942803
Jawa Tengah,Solo,Banjarsari,Sragen,DKI Jakarta,Jakarta Barat,Grogol,Tanjung Duren,Badan Perhubungan,Perum Mangunsong Susanti,969614835777052,true,169206672366698,false,63210,pergudangan,63210,pergudangan,2025-05-12,true,edible vegetable oil,barco,Edible vegetable or plant oils,3,9689471,242471,28825942,3170853,0,31996795
Bali,Badung,Kuta,Legian,Bali,Badung,Kuta,Legian,Kementerian Keuangan,CV Marbun Gunarto,694242656538846,true,554792799750553,false,13113,industri pemintalan benang jahit,13113,industri pemintalan benang jahit,2024-09-19,true,television,arashi,Televisions,9,7467942,5850810,61360668,6749673,0,68110341
Jawa Timur,Malang,Klojen,Kauman,DKI Jakarta,Jakarta Timur,Jatinegara,Bali Mester,Sekretariat Pekerjaan Umum,CV Hartati Sihotang,340643942088464,true,721256332077320,false,24202,industri pembuatan logam dasar bukan besi,24202,industri pembuatan logam dasar bukan besi,2025-03-11,false,taxicab service,blue bird,Taxicab services,3,442951,7311,1321542,145369,0,1466911
Bali,Badung,Kuta,Legian,Jawa Timur,Malang,Klojen,Kauman,Badan Pekerjaan Umum,CV Napitupulu (Persero) Tbk,239398981010426,true,832917943626122,true,45102,perdagangan besar mobil bekas,45102,perdagangan besar mobil bekas,2024-12-30,false,baby diapers,sweety,Infant diapers,5,9653870,43733,48225617,5304817,0,53530434
Jawa Tengah,Solo,Banjarsari,Sragen,Jawa Tengah,Solo,Banjarsari,Sragen,Sekretariat Kesehatan,PT Wastuti Maryadi,469122826266335,true,976571999457814,false,01217,pembibitan dan budidaya kambing perah,01217,pembibitan dan budidaya kambing perah,2024-09-27,false,air conditioner,aqua,Air conditioners,2,2508755,373104,4644406,510884,0,5155290
Jawa Timur,Malang,Klojen,Kauman,Jawa Timur,Malang,Klojen,Kauman,Direktorat Pendidikan,PD Saputra,862031863632090,false,729344084352108,false,23963,industri  barang  dari  batu  untuk  keperluan  rumah tangga dan pajangan,23963,industri  barang  dari  batu  untuk  keperluan  rumah tangga dan pajangan,2024-12-28,false,powdered milk,chil kid,Powdered milk,10,8418933,7103845,77085485,8479403,0,85564888
Jawa Timur,Malang,Klojen,Kauman,Bali,Badung,Kuta,Legian,Dinas Pekerjaan Umum,CV Maryadi Maryati,695762916319006,true,339413049742602,false,13113,industri pemintalan benang jahit,13113,industri pemintalan benang jahit,2024-11-12,false,television,arashi,Televisions,1,2681333,193636,2487697,273646,0,2761343
Bali,Badung,Kuta,Legian,Jawa Tengah,Solo,Banjarsari,Sragen,Kementerian Keuangan,CV Maryati,441438623422532,false,131501377183177,true,03232,jasa produksi budidaya ikan laut,03232,jasa produksi budidaya ikan laut,2025-06-24,true,detergent and laundry products,gentlegen,Laundry products,10,7125907,408114,70850956,7793605,0,78644561
Jawa Tengah,Solo,Banjarsari,Sragen,DKI Jakarta,Jakarta Barat,Grogol,Tanjung Duren,Kementerian Perhubungan,UD Purnawati,745209233711329,false,609329716668542,false,03232,jasa produksi budidaya ikan laut,03232,jasa produksi budidaya ikan laut,2024-08-17,false,detergent and laundry products,gentlegen,Laundry products,8,2278175,1597927,16627473,1829022,0,18456495
Bali,Badung,Kuta,Legian,Jawa Barat,Bandung,Coblong,Dago,Direktorat Kesehatan,PT Najmudin Jailani (Persero) Tbk,545177226750730,false,151589175745742,false,08992,penggalian batu bahan industri,08992,penggalian batu bahan industri,2024-11-26,false,soft drinks,lasegar,Soft drinks,2,2828554,26008,5631100,619421,0,6250521
Jawa Tengah,Solo,Banjarsari,Sragen,Bali,Badung,Kuta,Legian,Sekretariat Pendidikan,PT Nasyiah Namaga,841127188308160,true,121363005739773,false,26514,industri alat uji dalam proses industri,26514,industri alat uji dalam proses industri,2024-08-16,true,instant noodle or pasta,atom bulan,Plain pasta and noodles,4,9773281,1863233,37229891,4095288,0,41325179
Bali,Badung,Kuta,Legian,Jawa Timur,Malang,Klojen,Kauman,Dinas Perhubungan,PT Siregar Tbk,457339251380682,false,202483319220074,true,63460,jasa konsultasi pariwisata,63460,jasa konsultasi pariwisata,2025-03-19,true,accounting software,accurate online,Accounting software,9,2871189,1196851,24643850,2710823,0,27354673
Jawa Barat,Bandung,Coblong,Dago,Jawa Tengah,Solo,Banjarsari,Sragen,Sekretariat Keuangan,CV Simbolon,130589536437609,true,539032837001898,true,47895,"perdagangan eceran kaki lima dan los pasar pakaian, alas kaki, perlengkapan pakaian dan barang perlengkapan pribadi bekas",47895,"perdagangan eceran kaki lima dan los pasar pakaian, alas kaki, perlengkapan pakaian dan barang perlengkapan pribadi bekas",2025-05-15,false,ecommerce advertising,bliklan,Advertising,3,6976017,1872779,19055272,2096079,0,21151351
Jawa Tengah,Solo,Banjarsari,Sragen,Jawa Barat,Bandung,Coblong,Dago,Sekretariat Pekerjaan Umum,CV Waskita,403190825629953,true,623343132262218,false,36992,industri pita mesin tulis/gambar,36992,industri pita mesin tulis/gambar,2024-09-11,true,facial care products,biore,Facial care products,8,534969,213644,4066108,447271,0,4513379
Jawa Barat,Bandung,Coblong,Dago,Jawa Barat,Bandung,Coblong,Dago,Direktorat Pendidikan,Perum Zulaika (Persero) Tbk,815845833960018,true,520301816081014,true,45227,bangunan dermaga,45227,bangunan dermaga,2024-12-31,true,fresh bread,jordan,Fresh bread,9,7159386,4656954,59777520,6575527,0,66353047
DKI Jakarta,Jakarta Barat,Grogol,Tanjung Duren,Jawa Barat,Bandung,Coblong,Dago,Badan Pekerjaan Umum,CV Firgantoro (Persero) Tbk,528013591483892,false,811804253245315,true,49425,angkutan darat lainnya untuk wisata,49425,angkutan darat lainnya untuk wisata,2025-06-06,false,fresh bread,arnon,Fresh bread,1,2758116,36666,2721450,299359,0,3020809
DKI Jakarta,Jakarta Pusat,Tanah Abang,Bendungan Hilir,Bali,Badung,Kuta,Legian,Sekretariat Pekerjaan Umum,Perum Padmasari Tbk,815135001227690,false,947461384566198,false,92331,kebun raya dan kebun binatang,92331,kebun raya dan kebun binatang,2025-05-26,false,domestic refrigerator,panasonik,Domestic refrigerators,4,5446194,1432899,20351877,2238706,0,22590583
Jawa Timur,Malang,Klojen,Kauman,DKI Jakarta,Jakarta Pusat,Tanah Abang,Bendungan Hilir,Dinas Perhubungan,PD Sihombing,891844636928565,false,542243172330516,true,02119,pengusahaan hutan lainnya,02119,pengusahaan hutan lainnya,2024-10-17,true,laundry washing machine,toshiba,Laundry type washing machines,9,569213,467964,4654953,512044,0,5166997
Jawa Timur,Malang,Klojen,Kauman,Bali,Badung,Kuta,Legian,Kementerian Pendidikan,PT Prasetyo Tbk,517124916069525,true,110541759190898,true,10794,"industri kerupuk, keripik, peyek dan sejenisnya",10794,"industri kerupuk, keripik, peyek dan sejenisnya",2024-08-31,true,water,eternal plus,Water,5,6053240,803258,29462942,3240923,0,32703865
Bali,Badung,Kuta,Legian,Jawa Timur,Malang,Klojen,Kauman,Direktorat Pekerjaan Umum,PT Yulianti Nashiruddin,108032486862447,true,545953491373183,true,10802,industri konsentrat makanan hewan,10802,industri konsentrat makanan hewan,2025-05-07,false,motorcycle,viar,Motorcycles,10,8444071,8288134,76152576,8376783,0,84529359
Bali,Badung,Kuta,Legian,Bali,Badung,Kuta,Legian,Badan Pekerjaan Umum,PD Lestari,356666624895820,false,126030413710176,false,46413,perdagangan besar alas kaki,46413,perdagangan besar alas kaki,2024-11-20,false,laundry washing machine,brother,Laundry type washing machines,1,7215791,672101,6543690,719805,0,7263495
DKI Jakarta,Jakarta Timur,Jatinegara,Bali Mester,Jawa Tengah,Solo,Banjarsari,Sragen,Badan Pekerjaan Umum,Perum Winarno Melani,148940117344076,true,412922928963593,false,52405,perdagangan eceran bahan konstruksi dan sanitasi bekas di dalam bangunan,52405,perdagangan eceran bahan konstruksi dan sanitasi bekas di dalam bangunan,2024-11-30,false,insurance service,lippo,Insurance law service,6,136558,51361,767987,84478,0,852465
Jawa Tengah,Solo,Banjarsari,Sragen,Jawa Timur,Malang,Klojen,Kauman,Dinas Keuangan,Perum Pradana Farida Tbk,170756626135322,true,640392904895292,false,31202,industri peralatan pengontrol arus listik,31202,industri peralatan pengontrol arus listik,2025-06-04,true,powdered milk,dnco,Powdered milk,10,5658665,2100586,54486064,5993467,0,60479531
DKI Jakarta,Jakarta Pusat,Tanah Abang,Bendungan Hilir,DKI Jakarta,Jakarta Timur,Matraman,Pisangan Baru,Sekretariat Pekerjaan Umum,PT Yuniar Mandasari (Persero) Tbk,960296717760451,true,602664183339828,true,67123,manager investasi,67123,manager investasi,2025-01-19,true,laptop notebook computers,apple,Notebook computers,1,609414,24732,584682,64315,0,648997
DKI Jakarta,Jakarta Selatan,Cilandak,Cipete,DKI Jakarta,Jakarta Timur,Jatinegara,Bali Mester,Kementerian Pendidikan,PD Rahmawati (Persero) Tbk,158774734473515,false,529483200149434,false,07301,pertambangan emas dan perak,07301,pertambangan emas dan perak,2024-08-04,true,marketing and customer relationship management software,salesforce,Customer relationship management software maintenance,10,6947247,1955485,67516985,7426868,0,74943853
Bali,Badung,Kuta,Legian,Jawa Timur,Malang,Klojen,Kauman,Kementerian Perhubungan,PD Waluyo,469515437756512,true,215616688525805,true,80122,jasa pendidikan sekolah dasar swasta,80122,jasa pendidikan sekolah dasar swasta,2024-08-31,true,edible vegetable oil,kunci mas,Edible vegetable or plant oils,10,3298312,2404225,30578895,3363678,0,33942573
Bali,Badung,Kuta,Legian,Jawa Timur,Malang,Klojen,Kauman,Dinas Pendidikan,PD Salahudin (Persero) Tbk,243752815204781,false,590719703941337,false,16295,industri kayu bakar dan pelet kayu,16295,industri kayu bakar dan pelet kayu,2025-03-01,false,social media advertising,fb,Online and social media publicity service,10,9128884,2443176,88845664,9773023,0,98618687
Jawa Timur,Malang,Klojen,Kauman,Jawa Tengah,Solo,Banjarsari,Sragen,Dinas Pekerjaan Umum,PT Sirait,575195416165958,false,821198884033186,true,47895,"perdagangan eceran kaki lima dan los pasar pakaian, alas kaki, perlengkapan pakaian dan barang perlengkapan pribadi bekas",47895,"perdagangan eceran kaki lima dan los pasar pakaian, alas kaki, perlengkapan pakaian dan barang perlengkapan pribadi bekas",2024-12-06,true,ecommerce advertising,bliklan,Advertising,6,3226859,1400604,17960550,1975660,0,19936210
Jawa Timur,Malang,Klojen,Kauman,Jawa Timur,Malang,Klojen,Kauman,Direktorat Pendidikan,UD Wahyuni Wasita,347027174035473,true,351103711476945,true,47822,"perdagangan eceran kaki lima dan los pasar roti, kue kering, kue basah dan sejenisnya",47822,"perdagangan eceran kaki lima dan los pasar roti, kue kering, kue basah dan sejenisnya",2025-03-16,false,snack foods,dk,Snack foods,10,3625870,1002518,35256182,3878180,0,39134362
Jawa Tengah,Solo,Banjarsari,Sragen,Jawa Barat,Bandung,Coblong,Dago,Kementerian Keuangan,Perum Purwanti,724527028468618,true,427156860482739,false,24214,industri bahan amelioran (pembenah tanah),24214,industri bahan amelioran (pembenah tanah),2025-06-20,true,facial care products,nivea,Facial care products,10,6088275,368300,60514450,6656589,0,67171039
Jawa Barat,Bandung,Coblong,Dago,Jawa Barat,Bandung,Coblong,Dago,Sekretariat Kesehatan,CV Suryono (Persero) Tbk,320659006628904,true,123635639638589,true,10802,industri konsentrat makanan hewan,10802,industri konsentrat makanan hewan,2025-06-24,false,motorcycle,viar,Motorcycles,2,5727129,440899,11013359,1211469,0,12224828
Jawa Timur,Malang,Klojen,Kauman,Jawa Barat,Bandung,Coblong,Dago,Dinas Kesehatan,PD Purnawati,313519123247484,true,525809639997821,false,03232,jasa produksi budidaya ikan laut,03232,jasa produksi budidaya ikan laut,2025-02-02,false,detergent and laundry products,gentlegen,Laundry products,10,7256488,5336353,67228527,7395137,0,74623664
DKI Jakarta,Jakarta Selatan,Cilandak,Cipete,Jawa Tengah,Solo,Banjarsari,Sragen,Dinas Pekerjaan Umum,Perum Hasanah (Persero) Tbk,757619486771362,false,918862183454688,true,67123,manager investasi,67123,manager investasi,2024-10-06,false,laptop notebook computers,apple,Notebook computers,10,1138389,351133,11032757,1213603,0,12246360
Jawa Timur,Malang,Klojen,Kauman,Jawa Barat,Bandung,Coblong,Dago,Direktorat Perhubungan,CV Palastri,754356599906798,false,757507054149030,true,11050,industri air minum dan air mineral,11050,industri air minum dan air mineral,2025-05-09,true,domestic refrigerator,daikin,Domestic refrigerators,4,3455783,948080,12875052,1416255,0,14291307
Jawa Timur,Malang,Klojen,Kauman,Jawa Timur,Malang,Klojen,Kauman,Sekretariat Pendidikan,UD Wijaya,946250868177067,true,600468036420698,false,03125,penangkapan/pengambilan induk/benih ikan di perairan umum,03125,penangkapan/pengambilan induk/benih ikan di perairan umum,2024-12-21,true,tablet computers,realme,Tablet computers,10,740263,487853,6914777,760625,0,7675402
Bali,Badung,Kuta,Legian,Jawa Timur,Malang,Klojen,Kauman,Direktorat Keuangan,UD Kurniawan,530511514491550,true,597293559596290,true,11050,industri air minum dan air mineral,11050,industri air minum dan air mineral,2025-04-18,false,domestic refrigerator,daikin,Domestic refrigerators,2,6074579,172844,11976314,1317394,0,13293708
Bali,Badung,Kuta,Legian,DKI Jakarta,Jakarta Barat,Grogol,Tanjung Duren,Kementerian Pekerjaan Umum,PD Yulianti,475776138971931,true,470692936947055,false,26311,industri bata tahan api dan sejenisnya,26311,industri bata tahan api dan sejenisnya,2025-01-22,false,detergent and laundry products,vanish,Laundry products,5,3248449,1479839,14762406,1623864,0,16386270
Jawa Barat,Bandung,Coblong,Dago,Jawa Tengah,Solo,Banjarsari,Sragen,Sekretariat Pendidikan,Perum Saputra Tampubolon,836442889617647,true,547552194293767,true,50228,angkutan penyeberangan umum dalam kabupaten/kota untuk barang,50228,angkutan penyeberangan umum dalam kabupaten/kota untuk barang,2025-06-23,true,inkjet printer,toshiba,Inkjet printers,4,8009753,980306,31058706,3416457,0,34475163
Bali,Badung,Kuta,Legian,DKI Jakarta,Jakarta Timur,Matraman,Pisangan Baru,Direktorat Kesehatan,CV Siregar Kuswandari (Persero) Tbk,606623341453967,true,256441498114476,true,75124,pembinaan pelayanan kesejahteraan sosial,75124,pembinaan pelayanan kesejahteraan sosial,2025-02-08,false,bathing soap,kodomo,Soaps,1,8435256,690852,7744404,851884,0,8596288
Jawa Tengah,Solo,Banjarsari,Sragen,Jawa Timur,Malang,Klojen,Kauman,Sekretariat Pendidikan,UD Aryani,256654302766157,true,471832474019516,false,07301,pertambangan emas dan perak,07301,pertambangan emas dan perak,2025-05-28,false,marketing and customer relationship management software,salesforce,Customer relationship management software maintenance,4,6603787,267215,26147933,2876272,0,29024205
Jawa Timur,Malang,Klojen,Kauman,Jawa Tengah,Solo,Banjarsari,Sragen,Dinas Pendidikan,PT Sihotang Laksita Tbk,722519753460834,true,779329346611616,false,92429,jasa rekreasi lainnya,92429,jasa rekreasi lainnya,2025-01-31,true,television,panasonic,Televisions,3,3388644,72866,10093066,1110237,0,11203303
Jawa Tengah,Solo,Banjarsari,Sragen,Bali,Badung,Kuta,Legian,Badan Pekerjaan Umum,UD Megantara Rajata (Persero) Tbk,293458259360638,false,540343286657977,true,50228,angkutan penyeberangan umum dalam kabupaten/kota untuk barang,50228,angkutan penyeberangan umum dalam kabupaten/kota untuk barang,2025-01-25,true,inkjet printer,toshiba,Inkjet printers,3,9050188,1754952,25395612,2793517,0,28189129
DKI Jakarta,Jakarta Pusat,Tanah Abang,Bendungan Hilir,Jawa Barat,Bandung,Coblong,Dago,Dinas Pekerjaan Umum,PT Yulianti Tbk,761456361142411,true,907013628130275,false,24214,industri bahan amelioran (pembenah tanah),24214,industri bahan amelioran (pembenah tanah),2024-12-31,false,facial care products,nivea,Facial care products,4,174877,18702,680806,74888,0,755694
DKI Jakarta,Jakarta Pusat,Tanah Abang,Bendungan Hilir,Bali,Badung,Kuta,Legian,Sekretariat Pendidikan,CV Tampubolon Simbolon,202575575602563,false,613759344640624,false,49425,angkutan darat lainnya untuk wisata,49425,angkutan darat lainnya untuk wisata,2025-05-19,false,fresh bread,arnon,Fresh bread,7,2988131,870428,20046489,2205113,0,22251602
Jawa Barat,Bandung,Coblong,Dago,Jawa Barat,Bandung,Coblong,Dago,Dinas Kesehatan,UD Hasanah Tbk,705438467510158,false,885927762223161,true,67123,manager investasi,67123,manager investasi,2025-05-21,false,laptop notebook computers,apple,Notebook computers,7,9324845,1016956,64256959,7068265,0,71325224
DKI Jakarta,Jakarta Barat,Grogol,Tanjung Duren,Jawa Timur,Malang,Klojen,Kauman,Sekretariat Pendidikan,CV Hutapea Hidayat,130079640968141,true,881923014984543,false,47895,"perdagangan eceran kaki lima dan los pasar pakaian, alas kaki, perlengkapan pakaian dan barang perlengkapan pribadi bekas",47895,"perdagangan eceran kaki lima dan los pasar pakaian, alas kaki, perlengkapan pakaian dan barang perlengkapan pribadi bekas",2025-02-16,false,ecommerce advertising,bliklan,Advertising,6,6749844,3589372,36909692,4060066,0,40969758
Jawa Timur,Malang,Klojen,Kauman,DKI Jakarta,Jakarta Selatan,Cilandak,Cipete,Direktorat Perhubungan,CV Salahudin Situmorang Tbk,192939090394581,true,257914942580802,false,31202,industri peralatan pengontrol arus listik,31202,industri peralatan pengontrol arus listik,2025-03-31,false,powdered milk,dnco,Powdered milk,3,2912010,18943,8717087,958879,0,9675966
DKI Jakarta,Jakarta Selatan,Cilandak,Cipete,Bali,Badung,Kuta,Legian,Kementerian Keuangan,UD Dongoran Tbk,596133806459800,false,343950611692984,true,50228,angkutan penyeberangan umum dalam kabupaten/kota untuk barang,50228,angkutan penyeberangan umum dalam kabupaten/kota untuk barang,2025-02-28,true,inkjet printer,toshiba,Inkjet printers,8,851213,665625,6144079,675848,0,6819927
DKI Jakarta,Jakarta Pusat,Tanah Abang,Bendungan Hilir,DKI Jakarta,Jakarta Barat,Grogol,Tanjung Duren,Dinas Kesehatan,UD Purnawati (Persero) Tbk,325164685015701,true,574770048751736,true,75124,pembinaan pelayanan kesejahteraan sosial,75124,pembinaan pelayanan kesejahteraan sosial,2025-07-12,true,bathing soap,kodomo,Soaps,6,3273772,1425978,18216654,2003831,0,20220485
DKI Jakarta,Jakarta Selatan,Cilandak,Cipete,Jawa Barat,Bandung,Coblong,Dago,Badan Keuangan,PD Handayani,805699900475215,true,333197932287948,false,10794,"industri kerupuk, keripik, peyek dan sejenisnya",10794,"industri kerupuk, keripik, peyek dan sejenisnya",2024-12-02,false,water,eternal plus,Water,2,3949161,224164,7674158,844157,0,8518315
Jawa Tengah,Solo,Banjarsari,Sragen,Jawa Timur,Malang,Klojen,Kauman,Dinas Perhubungan,UD Rahayu Tbk,174325354363238,false,802461872622482,false,47895,"perdagangan eceran kaki lima dan los pasar pakaian, alas kaki, perlengkapan pakaian dan barang perlengkapan pribadi bekas",47895,"perdagangan eceran kaki lima dan los pasar pakaian, alas kaki, perlengkapan pakaian dan barang perlengkapan pribadi bekas",2024-11-07,true,ecommerce advertising,bliklan,Advertising,2,3716842,431066,7002618,770287,0,7772905
Bali,Badung,Kuta,Legian,Jawa Tengah,Solo,Banjarsari,Sragen,Dinas Keuangan,UD Sudiati Wijaya,815344736059081,false,642830893679453,true,92331,kebun raya dan kebun binatang,92331,kebun raya dan kebun binatang,2024-11-05,false,domestic refrigerator,panasonik,Domestic refrigerators,1,9865290,470717,9394573,1033403,0,10427976
Bali,Badung,Kuta,Legian,DKI Jakarta,Jakarta Barat,Grogol,Tanjung Duren,Direktorat Kesehatan,CV Wasita Wahyudin,189385226272739,true,521676184950283,false,28222,industri mesin dan perkakas mesin untuk pengerjaan kayu,28222,industri mesin dan perkakas mesin untuk pengerjaan kayu,2024-10-20,false,feminine hygiene products,softex,Feminine hygiene products,4,2594610,394000,9984440,1098288,0,11082728
DKI Jakarta,Jakarta Selatan,Cilandak,Cipete,Jawa Barat,Bandung,Coblong,Dago,Sekretariat Perhubungan,Perum Rahimah Saefullah,945044644327816,true,472978107650752,false,02119,pengusahaan hutan lainnya,02119,pengusahaan hutan lainnya,2024-11-02,true,laundry washing machine,toshiba,Laundry type washing machines,4,9098149,226802,36165794,3978237,0,40144031
Jawa Barat,Bandung,Coblong,Dago,Jawa Barat,Bandung,Coblong,Dago,Direktorat Pendidikan,PT Pertiwi,316698080928729,true,241369725666122,true,10794,"industri kerupuk, keripik, peyek dan sejenisnya",10794,"industri kerupuk, keripik, peyek dan sejenisnya",2025-04-09,true,water,eternal plus,Water,10,9258126,3428815,89152445,9806768,0,98959213
Bali,Badung,Kuta,Legian,Jawa Tengah,Solo,Banjarsari,Sragen,Direktorat Kesehatan,PD Gunawan (Persero) Tbk,380313642684690,false,748992258843413,false,03125,penangkapan/pengambilan induk/benih ikan di perairan umum,03125,penangkapan/pengambilan induk/benih ikan di perairan umum,2025-01-24,true,tablet computers,realme,Tablet computers,5,8122704,335611,40277909,4430569,0,44708478
Jawa Timur,Malang,Klojen,Kauman,Jawa Timur,Malang,Klojen,Kauman,Direktorat Pendidikan,PT Nugroho (Persero) Tbk,529439872519284,false,193711264547508,false,52101,pergudangan,52101,pergudangan,2025-05-30,true,hair shampoo,ellips,Shampoos,9,2997745,1079159,25900546,2849060,0,28749606
Jawa Timur,Malang,Klojen,Kauman,Jawa Timur,Malang,Klojen,Kauman,Dinas Perhubungan,PT Napitupulu Tbk,274204714118513,true,114448287939077,false,28222,industri mesin dan perkakas mesin untuk pengerjaan kayu,28222,industri mesin dan perkakas mesin untuk pengerjaan kayu,2025-05-25,false,feminine hygiene products,softex,Feminine hygiene products,7,7026304,3310561,45873567,5046092,0,50919659
Jawa Tengah,Solo,Banjarsari,Sragen,Bali,Badung,Kuta,Legian,Kementerian Perhubungan,PT Tarihoran Yolanda (Persero) Tbk,736818804443897,true,959002883338361,false,26412,industri kapur,26412,industri kapur,2024-08-16,false,baby diapers,mamy  poko,Infant diapers,6,8599809,4098857,47499997,5224999,0,52724996
Jawa Tengah,Solo,Banjarsari,Sragen,Jawa Barat,Bandung,Coblong,Dago,Badan Pendidikan,PT Winarsih,849483378703544,true,781659676922252,false,45227,bangunan dermaga,45227,bangunan dermaga,2024-08-06,true,fresh bread,jordan,Fresh bread,5,4200931,677075,20327580,2236033,0,22563613
DKI Jakarta,Jakarta Barat,Grogol,Tanjung Duren,Bali,Badung,Kuta,Legian,Dinas Perhubungan,PT Kurniawan Budiyanto,878936354876246,false,841390954783132,false,01123,pertanian hortikultura bunga-bungaan,01123,pertanian hortikultura bunga-bungaan,2024-07-30,false,insurance service,bumiputera,Insurance law service,7,1541048,229164,10558172,1161398,0,11719570
Bali,Badung,Kuta,Legian,Jawa Barat,Bandung,Coblong,Dago,Dinas Perhubungan,UD Uwais Suryatmi Tbk,209066406294590,true,883985178578967,false,45227,bangunan dermaga,45227,bangunan dermaga,2025-05-16,false,fresh bread,jordan,Fresh bread,5,7280134,715691,35684979,3925347,0,39610326
Jawa Tengah,Solo,Banjarsari,Sragen,Jawa Timur,Malang,Klojen,Kauman,Sekretariat Kesehatan,CV Kusumo Nuraini,326238199626141,true,305736449309263,true,01223,pembibitan dan budidaya ayam buras,01223,pembibitan dan budidaya ayam buras,2024-11-27,false,water,prima,Water,7,7444229,915997,51193606,5631296,0,56824902
Jawa Barat,Bandung,Coblong,Dago,Jawa Timur,Malang,Klojen,Kauman,Badan Pendidikan,CV Hutapea Yulianti (Persero) Tbk,364340572531756,false,857509760856692,true,45227,bangunan dermaga,45227,bangunan dermaga,2025-02-18,true,fresh bread,jordan,Fresh bread,1,4514094,394159,4119935,453192,0,4573127
Bali,Badung,Kuta,Legian,Bali,Badung,Kuta,Legian,Direktorat Perhubungan,PD Megantara Tbk,479463611512344,false,517467971676008,false,45227,bangunan dermaga,45227,bangunan dermaga,2024-11-16,false,fresh bread,jordan,Fresh bread,4,6110108,1671309,22769123,2504603,0,25273726
Bali,Badung,Kuta,Legian,DKI Jakarta,Jakarta Barat,Grogol,Tanjung Duren,Dinas Pendidikan,UD Fujiati,238369251588179,false,887305949875092,true,28222,industri mesin dan perkakas mesin untuk pengerjaan kayu,28222,industri mesin dan perkakas mesin untuk pengerjaan kayu,2025-05-17,false,feminine hygiene products,softex,Feminine hygiene products,8,8022523,4319411,59860773,6584685,0,66445458
Jawa Barat,Bandung,Coblong,Dago,Jawa Tengah,Solo,Banjarsari,Sragen,Dinas Pekerjaan Umum,Perum Adriansyah (Persero) Tbk,550544150417296,true,581789452511758,false,01223,pembibitan dan budidaya ayam buras,01223,pembibitan dan budidaya ayam buras,2025-01-14,true,water,prima,Water,7,4980202,2546671,32314743,3554621,0,35869364
Jawa Barat,Bandung,Coblong,Dago,DKI Jakarta,Jakarta Timur,Jatinegara,Bali Mester,Direktorat Pendidikan,PD Sitorus (Persero) Tbk,846067954984415,true,338285830788154,true,31202,industri peralatan pengontrol arus listik,31202,industri peralatan pengontrol arus listik,2024-10-11,true,powdered milk,dnco,Powdered milk,2,7346300,61282,14631318,1609444,0,16240762
Jawa Tengah,Solo,Banjarsari,Sragen,Jawa Tengah,Solo,Banjarsari,Sragen,Sekretariat Perhubungan,PT Hasanah Kuswandari,995698638155992,false,351985181245432,true,80122,jasa pendidikan sekolah dasar swasta,80122,jasa pendidikan sekolah dasar swasta,2025-07-22,false,edible vegetable oil,kunci mas,Edible vegetable or plant oils,7,6453032,3665505,41505719,4565629,0,46071348
Jawa Barat,Bandung,Coblong,Dago,DKI Jakarta,Jakarta Barat,Grogol,Tanjung Duren,Sekretariat Kesehatan,Perum Nurdiyanti (Persero) Tbk,744958557643568,false,749551011936105,true,02011,pengusahaan hutan jati,02011,pengusahaan hutan jati,2025-05-18,false,hair shampoo,zinc,Shampoos,1,9949560,561620,9387940,1032673,0,10420613
Jawa Timur,Malang,Klojen,Kauman,Jawa Barat,Bandung,Coblong,Dago,Kementerian Pekerjaan Umum,Perum Lazuardi,618595192055257,false,434195454983083,true,31202,industri peralatan pengontrol arus listik,31202,industri peralatan pengontrol arus listik,2024-10-08,false,powdered milk,dnco,Powdered milk,8,2523387,1261364,18925732,2081830,0,21007562
Jawa Barat,Bandung,Coblong,Dago,Bali,Badung,Kuta,Legian,Dinas Perhubungan,UD Mangunsong (Persero) Tbk,892792085261404,false,475087268753197,true,24202,industri pembuatan logam dasar bukan besi,24202,industri pembuatan logam dasar bukan besi,2024-09-13,true,taxicab service,blue bird,Taxicab services,4,931916,93858,3633806,399718,0,4033524
Jawa Timur,Malang,Klojen,Kauman,Bali,Badung,Kuta,Legian,Direktorat Keuangan,UD Wijaya Yuniar,540636834156176,false,694299228193184,false,52213,perdagangan eceran khusus sayuran di dalam bangunan,52213,perdagangan eceran khusus sayuran di dalam bangunan,2025-06-24,false,instant noodle or pasta,pop mie,Plain pasta and noodles,4,9244082,1651601,35324727,3885719,0,39210446
Jawa Barat,Bandung,Coblong,Dago,Jawa Timur,Malang,Klojen,Kauman,Direktorat Keuangan,UD Marbun,263057991947700,true,320287791922995,true,02011,pengusahaan hutan jati,02011,pengusahaan hutan jati,2025-01-25,false,hair shampoo,zinc,Shampoos,10,1760400,1422535,16181465,1779961,0,17961426
Jawa Timur,Malang,Klojen,Kauman,DKI Jakarta,Jakarta Timur,Jatinegara,Bali Mester,Kementerian Pendidikan,PT Saputra Tbk,680331601357548,false,588439114403927,true,47895,"perdagangan eceran kaki lima dan los pasar pakaian, alas kaki, perlengkapan pakaian dan barang perlengkapan pribadi bekas",47895,"perdagangan eceran kaki lima dan los pasar pakaian, alas kaki, perlengkapan pakaian dan barang perlengkapan pribadi bekas",2025-01-23,false,ecommerce advertising,bliklan,Advertising,4,620305,31143,2450077,269508,0,2719585
Jawa Timur,Malang,Klojen,Kauman,Jawa Timur,Malang,Klojen,Kauman,Badan Perhubungan,Perum Hassanah (Persero) Tbk,113062573187657,true,193038082477845,true,03125,penangkapan/pengambilan induk/benih ikan di perairan umum,03125,penangkapan/pengambilan induk/benih ikan di perairan umum,2025-02-15,false,tablet computers,realme,Tablet computers,9,3823783,96581,34317466,3774921,0,38092387
Bali,Badung,Kuta,Legian,Bali,Badung,Kuta,Legian,Direktorat Keuangan,UD Haryanto Mustofa,241001935603912,true,171491127489743,true,47822,"perdagangan eceran kaki lima dan los pasar roti, kue kering, kue basah dan sejenisnya",47822,"perdagangan eceran kaki lima dan los pasar roti, kue kering, kue basah dan sejenisnya",2024-10-02,false,snack foods,dk,Snack foods,1,6656809,583071,6073738,668111,0,6741849
Bali,Badung,Kuta,Legian,Jawa Barat,Bandung,Coblong,Dago,Kementerian Pekerjaan Umum,Perum Maheswara (Persero) Tbk,238535520023898,true,747484053001655,true,92429,jasa rekreasi lainnya,92429,jasa rekreasi lainnya,2025-05-27,true,television,panasonic,Televisions,2,9487120,538465,18435775,2027935,0,20463710
DKI Jakarta,Jakarta Barat,Grogol,Tanjung Duren,Jawa Tengah,Solo,Banjarsari,Sragen,Dinas Keuangan,PD Winarsih Sudiati,684841168918563,false,701345497140511,false,49425,angkutan darat lainnya untuk wisata,49425,angkutan darat lainnya untuk wisata,2024-08-09,true,fresh bread,arnon,Fresh bread,10,8278265,5830933,76951717,8464688,0,85416405
Bali,Badung,Kuta,Legian,DKI Jakarta,Jakarta Selatan,Cilandak,Cipete,Dinas Keuangan,CV Gunarto,777952574157997,true,504270633392538,false,07301,pertambangan emas dan perak,07301,pertambangan emas dan perak,2025-02-19,true,marketing and customer relationship management software,salesforce,Customer relationship management software maintenance,10,7130237,623774,70678596,7774645,0,78453241
Jawa Tengah,Solo,Banjarsari,Sragen,Jawa Timur,Malang,Klojen,Kauman,Direktorat Kesehatan,CV Siregar Firgantoro,329417979807383,true,924919892648366,false,23963,industri  barang  dari  batu  untuk  keperluan  rumah tangga dan pajangan,23963,industri  barang  dari  batu  untuk  keperluan  rumah tangga dan pajangan,2024-08-22,true,powdered milk,chil kid,Powdered milk,6,9506346,5513983,51524093,5667650,0,57191743
Bali,Badung,Kuta,Legian,Jawa Tengah,Solo,Banjarsari,Sragen,Sekretariat Kesehatan,Perum Budiman Saefullah (Persero) Tbk,404131262162662,true,223839074692573,false,11050,industri air minum dan air mineral,11050,industri air minum dan air mineral,2024-09-14,true,domestic refrigerator,daikin,Domestic refrigerators,6,1542738,380443,8875985,976358,0,9852343
Jawa Tengah,Solo,Banjarsari,Sragen,DKI Jakarta,Jakarta Barat,Grogol,Tanjung Duren,Direktorat Pendidikan,PT Susanti,297852493901005,false,651262517613318,true,24115,"industri kimia dasar organik, yang bersumber dari hasil pertanian",24115,"industri kimia dasar organik, yang bersumber dari hasil pertanian",2025-03-12,false,diesel power generator,lovol,Diesel generators,10,4781119,4626671,43184519,4750297,0,47934816
Bali,Badung,Kuta,Legian,Jawa Tengah,Solo,Banjarsari,Sragen,Sekretariat Pekerjaan Umum,PD Narpati Lazuardi (Persero) Tbk,553346037160513,false,243634840265462,false,36992,industri pita mesin tulis/gambar,36992,industri pita mesin tulis/gambar,2024-12-11,true,facial care products,biore,Facial care products,9,2658710,530027,23398363,2573819,0,25972182
Jawa Timur,Malang,Klojen,Kauman,Jawa Barat,Bandung,Coblong,Dago,Direktorat Keuangan,PT Prakasa Hariyah,627670226482494,false,686136024122165,true,47895,"perdagangan eceran kaki lima dan los pasar pakaian, alas kaki, perlengkapan pakaian dan barang perlengkapan pribadi bekas",47895,"perdagangan eceran kaki lima dan los pasar pakaian, alas kaki, perlengkapan pakaian dan barang perlengkapan pribadi bekas",2024-09-05,false,ecommerce advertising,bliklan,Advertising,2,5178149,426261,9930037,1092304,0,11022341
Jawa Tengah,Solo,Banjarsari,Sragen,Jawa Barat,Bandung,Coblong,Dago,Kementerian Keuangan,UD Rajasa (Persero) Tbk,112042548648078,false,672728206821863,true,15493,industri kecap,15493,industri kecap,2024-08-26,false,freezer,electrolux,Upright cabinet freezer,8,8690458,5747218,63776446,7015409,0,70791855
Bali,Badung,Kuta,Legian,Bali,Badung,Kuta,Legian,Sekretariat Keuangan,CV Purnawati Tarihoran Tbk,844415495585791,true,605138007299385,true,52405,perdagangan eceran bahan konstruksi dan sanitasi bekas di dalam bangunan,52405,perdagangan eceran bahan konstruksi dan sanitasi bekas di dalam bangunan,2025-03-22,true,insurance service,lippo,Insurance law service,3,1310344,192440,3738592,411245,0,4149837
Bali,Badung,Kuta,Legian,Jawa Timur,Malang,Klojen,Kauman,Kementerian Keuangan,CV Pradana,864559644089672,true,706994120312213,true,08992,penggalian batu bahan industri,08992,penggalian batu bahan industri,2024-09-25,false,soft drinks,lasegar,Soft drinks,5,8155487,1231217,39546218,4350083,0,43896301
Jawa Barat,Bandung,Coblong,Dago,Jawa Tengah,Solo,Banjarsari,Sragen,Kementerian Keuangan,UD Pratiwi Wijayanti (Persero) Tbk,793023063282765,false,435910803339420,false,92424,gelanggang permainan dan ketangkasan,92424,gelanggang permainan dan ketangkasan,2024-09-22,true,snack foods,wafello,Snack foods,1,5917356,195200,5722156,629437,0,6351593
Jawa Tengah,Solo,Banjarsari,Sragen,Jawa Timur,Malang,Klojen,Kauman,Direktorat Pendidikan,CV Kusmawati Rahmawati,648780483118286,true,966321341834446,false,10214,industri pemindangan ikan,10214,industri pemindangan ikan,2024-08-22,true,feminine hygiene products,laureir,Feminine hygiene products,8,6683020,3139935,50324225,5535664,0,55859889
Jawa Tengah,Solo,Banjarsari,Sragen,DKI Jakarta,Jakarta Pusat,Tanah Abang,Bendungan Hilir,Dinas Keuangan,PD Hassanah,588598688324760,true,898511173599883,true,92331,kebun raya dan kebun binatang,92331,kebun raya dan kebun binatang,2024-12-24,true,domestic refrigerator,panasonik,Domestic refrigerators,4,4829824,84423,19234873,2115836,0,21350709
Jawa Timur,Malang,Klojen,Kauman,Jawa Barat,Bandung,Coblong,Dago,Kementerian Perhubungan,PD Hastuti Damanik,719383629253794,false,867569925571152,true,08992,penggalian batu bahan industri,08992,penggalian batu bahan industri,2025-04-16,false,soft drinks,lasegar,Soft drinks,7,8469789,3261897,56026626,6162928,0,62189554
DKI Jakarta,Jakarta Barat,Grogol,Tanjung Duren,Jawa Barat,Bandung,Coblong,Dago,Kementerian Keuangan,PT Lestari Rahmawati Tbk,930275577360012,true,640648053679939,false,16295,industri kayu bakar dan pelet kayu,16295,industri kayu bakar dan pelet kayu,2024-12-13,false,social media advertising,fb,Online and social media publicity service,8,1436047,899577,10588799,1164767,0,11753566
Bali,Badung,Kuta,Legian,Jawa Tengah,Solo,Banjarsari,Sragen,Direktorat Kesehatan,CV Utama Tbk,895404208769605,true,922420529101889,true,67123,manager investasi,67123,manager investasi,2024-11-14,true,laptop notebook computers,apple,Notebook computers,10,2545209,962107,24489983,2693898,0,27183881
Jawa Barat,Bandung,Coblong,Dago,Jawa Barat,Bandung,Coblong,Dago,Sekretariat Kesehatan,UD Pranowo Agustina,528238523033888,false,445025567556334,true,03232,jasa produksi budidaya ikan laut,03232,jasa produksi budidaya ikan laut,2024-09-10,true,detergent and laundry products,gentlegen,Laundry products,6,7198366,4019781,39170415,4308745,0,43479160
Bali,Badung,Kuta,Legian,DKI Jakarta,Jakarta Timur,Jatinegara,Bali Mester,Badan Perhubungan,UD Hutasoit Tbk,460108298688045,true,146034240095825,true,15494,industri tempe,15494,industri tempe,2025-01-22,true,diesel power generator,general power,Diesel generators,6,3606393,1196706,20441652,2248581,0,22690233
Jawa Tengah,Solo,Banjarsari,Sragen,Jawa Tengah,Solo,Banjarsari,Sragen,Badan Pendidikan,CV Wibowo Kurniawan,853165881153993,true,721235592925388,true,47822,"perdagangan eceran kaki lima dan los pasar roti, kue kering, kue basah dan sejenisnya",47822,"perdagangan eceran kaki lima dan los pasar roti, kue kering, kue basah dan sejenisnya",2025-07-22,false,snack foods,dk,Snack foods,6,6113033,3116082,33562116,3691832,0,37253948
Bali,Badung,Kuta,Legian,Jawa Barat,Bandung,Coblong,Dago,Dinas Pekerjaan Umum,PT Marbun Namaga,146205775088364,true,893375777469044,false,26311,industri bata tahan api dan sejenisnya,26311,industri bata tahan api dan sejenisnya,2024-11-22,true,detergent and laundry products,vanish,Laundry products,2,9220074,1298158,17141990,1885618,0,19027608
Jawa Tengah,Solo,Banjarsari,Sragen,DKI Jakarta,Jakarta Selatan,Cilandak,Cipete,Sekretariat Keuangan,PD Hakim Tbk,604943697131214,true,591034638117217,true,55212,restoran/rumah makan talam selaka,55212,restoran/rumah makan talam selaka,2025-04-17,false,insurance service,avrist,Insurance law service,7,8837280,4226763,57634197,6339761,0,63973958
Jawa Barat,Bandung,Coblong,Dago,DKI Jakarta,Jakarta Barat,Grogol,Tanjung Duren,Direktorat Pekerjaan Umum,UD Prabowo Rahimah (Persero) Tbk,678136400532536,true,592856798045924,false,08992,penggalian batu bahan industri,08992,penggalian batu bahan industri,2024-09-14,false,soft drinks,lasegar,Soft drinks,7,4604916,867904,31366508,3450315,0,34816823
DKI Jakarta,Jakarta Selatan,Cilandak,Cipete,Bali,Badung,Kuta,Legian,Dinas Keuangan,PT Lailasari Sitompul,402321494928939,true,352119610150467,true,08992,penggalian batu bahan industri,08992,penggalian batu bahan industri,2025-02-10,true,soft drinks,lasegar,Soft drinks,5,705832,335342,3193818,351319,0,3545137
Jawa Tengah,Solo,Banjarsari,Sragen,Jawa Barat,Bandung,Coblong,Dago,Badan Pekerjaan Umum,UD Wastuti Safitri Tbk,515585211208170,false,397282815478404,true,47895,"perdagangan eceran kaki lima dan los pasar pakaian, alas kaki, perlengkapan pakaian dan barang perlengkapan pribadi bekas",47895,"perdagangan eceran kaki lima dan los pasar pakaian, alas kaki, perlengkapan pakaian dan barang perlengkapan pribadi bekas",2025-07-09,false,ecommerce advertising,bliklan,Advertising,10,4997522,2723236,47251984,5197718,0,52449702
DKI Jakarta,Jakarta Timur,Matraman,Pisangan Baru,Jawa Barat,Bandung,Coblong,Dago,Direktorat Keuangan,CV Yuniar Megantara,805074157978263,true,597858937414419,true,15494,industri tempe,15494,industri tempe,2024-09-12,false,diesel power generator,general power,Diesel generators,5,3471186,1219837,16136093,1774970,0,17911063
Jawa Timur,Malang,Klojen,Kauman,Jawa Timur,Malang,Klojen,Kauman,Kementerian Perhubungan,UD Widiastuti (Persero) Tbk,617226511182819,true,312635997279435,false,13113,industri pemintalan benang jahit,13113,industri pemintalan benang jahit,2024-08-24,true,television,arashi,Televisions,5,403115,81306,1934269,212769,0,2147038
Jawa Barat,Bandung,Coblong,Dago,Jawa Barat,Bandung,Coblong,Dago,Direktorat Perhubungan,CV Rahmawati,915494460927001,true,944926267768607,true,80122,jasa pendidikan sekolah dasar swasta,80122,jasa pendidikan sekolah dasar swasta,2024-08-28,true,edible vegetable oil,kunci mas,Edible vegetable or plant oils,7,6492292,173777,45272267,4979949,0,50252216
DKI Jakarta,Jakarta Barat,Grogol,Tanjung Duren,DKI Jakarta,Jakarta Timur,Matraman,Pisangan Baru,Kementerian Pendidikan,Perum Winarsih Situmorang Tbk,928810758505832,false,896526822285101,true,92424,gelanggang permainan dan ketangkasan,92424,gelanggang permainan dan ketangkasan,2025-01-06,true,snack foods,wafello,Snack foods,3,8110201,2360769,21969834,2416681,0,24386515
Jawa Barat,Bandung,Coblong,Dago,Jawa Barat,Bandung,Coblong,Dago,Sekretariat Pendidikan,UD Fujiati Prastuti Tbk,215758149798861,false,675942670009727,false,13113,industri pemintalan benang jahit,13113,industri pemintalan benang jahit,2025-03-24,true,television,arashi,Televisions,1,3813343,12583,3800760,418083,0,4218843
Jawa Timur,Malang,Klojen,Kauman,Jawa Tengah,Solo,Banjarsari,Sragen,Direktorat Kesehatan,PD Napitupulu Riyanti,224004256119200,true,417294814332483,false,02011,pengusahaan hutan jati,02011,pengusahaan hutan jati,2025-07-01,true,hair shampoo,zinc,Shampoos,10,5648972,992799,55496921,6104661,0,61601582
DKI Jakarta,Jakarta Barat,Grogol,Tanjung Duren,Jawa Timur,Malang,Klojen,Kauman,Dinas Keuangan,CV Haryanto Damanik Tbk,492247710921248,true,845041531168297,false,52101,pergudangan,52101,pergudangan,2025-02-20,false,hair shampoo,ellips,Shampoos,2,86553,4870,168236,18505,0,186741
Jawa Barat,Bandung,Coblong,Dago,Jawa Timur,Malang,Klojen,Kauman,Sekretariat Perhubungan,CV Simanjuntak Tbk,918203981210125,false,201834295931735,false,26311,industri bata tahan api dan sejenisnya,26311,industri bata tahan api dan sejenisnya,2025-01-30,true,detergent and laundry products,vanish,Laundry products,3,6509520,739474,18789086,2066799,0,20855885
Jawa Timur,Malang,Klojen,Kauman,Bali,Badung,Kuta,Legian,Direktorat Perhubungan,PT Pertiwi,659688137670517,false,703720069955229,true,07301,pertambangan emas dan perak,07301,pertambangan emas dan perak,2024-11-26,false,marketing and customer relationship management software,salesforce,Customer relationship management software maintenance,2,9796957,1499298,18094616,1990407,0,20085023
Bali,Badung,Kuta,Legian,Jawa Tengah,Solo,Banjarsari,Sragen,Badan Pekerjaan Umum,PD Purwanti Mandala,167074977379421,false,431799707018469,false,31102,industri mesin pembangkit listrik,31102,industri mesin pembangkit listrik,2025-07-28,true,television,denpoo,Televisions,9,7114499,2034215,61996276,6819590,0,68815866
Jawa Barat,Bandung,Coblong,Dago,Jawa Barat,Bandung,Coblong,Dago,Badan Pendidikan,Perum Sihotang,219355858686194,true,133986755561969,true,02119,pengusahaan hutan lainnya,02119,pengusahaan hutan lainnya,2024-10-28,false,laundry washing machine,toshiba,Laundry type washing machines,3,1375287,128474,3997387,439712,0,4437099
DKI Jakarta,Jakarta Pusat,Tanah Abang,Bendungan Hilir,Jawa Timur,Malang,Klojen,Kauman,Direktorat Keuangan,PD Nugroho Wacana (Persero) Tbk,979774417830281,true,225272542786209,true,52101,pergudangan,52101,pergudangan,2024-10-14,true,hair shampoo,ellips,Shampoos,1,2962192,263871,2698321,296815,0,2995136
DKI Jakarta,Jakarta Pusat,Tanah Abang,Bendungan Hilir,Bali,Badung,Kuta,Legian,Direktorat Kesehatan,PT Handayani,687156783965939,false,936694526442828,true,80122,jasa pendidikan sekolah dasar swasta,80122,jasa pendidikan sekolah dasar swasta,2024-09-04,false,edible vegetable oil,kunci mas,Edible vegetable or plant oils,10,989470,229540,9665160,1063167,0,10728327
Jawa Barat,Bandung,Coblong,Dago,Jawa Tengah,Solo,Banjarsari,Sragen,Kementerian Keuangan,UD Rahimah (Persero) Tbk,577633205414837,true,222046949978820,true,10794,"industri kerupuk, keripik, peyek dan sejenisnya",10794,"industri kerupuk, keripik, peyek dan sejenisnya",2025-05-10,true,water,eternal plus,Water,6,5678280,117645,33952035,3734723,0,37686758
Jawa Tengah,Solo,Banjarsari,Sragen,Jawa Barat,Bandung,Coblong,Dago,Sekretariat Kesehatan,PD Lazuardi Situmorang,370591668596897,false,735906716569844,true,03125,penangkapan/pengambilan induk/benih ikan di perairan umum,03125,penangkapan/pengambilan induk/benih ikan di perairan umum,2025-07-05,false,tablet computers,realme,Tablet computers,1,856126,41232,814894,89638,0,904532
Jawa Tengah,Solo,Banjarsari,Sragen,Jawa Timur,Malang,Klojen,Kauman,Badan Kesehatan,PT Palastri Firgantoro,859628113727771,true,558562196292821,true,10802,industri konsentrat makanan hewan,10802,industri konsentrat makanan hewan,2025-03-15,true,motorcycle,viar,Motorcycles,1,9901170,834739,9066431,997307,0,10063738
Jawa Timur,Malang,Klojen,Kauman,Jawa Barat,Bandung,Coblong,Dago,Dinas Kesehatan,CV Simanjuntak Tbk,867256425840604,true,909020521825040,true,28222,industri mesin dan perkakas mesin untuk pengerjaan kayu,28222,industri mesin dan perkakas mesin untuk pengerjaan kayu,2024-12-20,false,feminine hygiene products,softex,Feminine hygiene products,8,2251130,710977,17298063,1902786,0,19200849
Jawa Tengah,Solo,Banjarsari,Sragen,Jawa Barat,Bandung,Coblong,Dago,Sekretariat Perhubungan,CV Prastuti,260576006469895,false,997776880511770,true,26311,industri bata tahan api dan sejenisnya,26311,industri bata tahan api dan sejenisnya,2025-02-12,false,detergent and laundry products,vanish,Laundry products,2,7680409,657915,14702903,1617319,0,16320222
Jawa Tengah,Solo,Banjarsari,Sragen,Bali,Badung,Kuta,Legian,Kementerian Kesehatan,PT Widiastuti Prabowo Tbk,969128339291368,false,959226487058569,false,46413,perdagangan besar alas kaki,46413,perdagangan besar alas kaki,2024-08-31,true,laundry washing machine,brother,Laundry type washing machines,2,9591763,1023953,18159573,1997553,0,20157126
Jawa Tengah,Solo,Banjarsari,Sragen,Bali,Badung,Kuta,Legian,Sekretariat Pekerjaan Umum,PT Sitorus Andriani Tbk,453136300079090,false,868086540002036,false,15493,industri kecap,15493,industri kecap,2024-08-12,false,freezer,electrolux,Upright cabinet freezer,5,765977,325380,3504505,385495,0,3890000
DKI Jakarta,Jakarta Selatan,Cilandak,Cipete,DKI Jakarta,Jakarta Timur,Jatinegara,Bali Mester,Sekretariat Perhubungan,UD Yulianti Prakasa,182166391540959,true,853395083764604,true,11050,industri air minum dan air mineral,11050,industri air minum dan air mineral,2025-02-24,false,domestic refrigerator,daikin,Domestic refrigerators,8,7909936,5389550,57889938,6367893,0,64257831
Jawa Timur,Malang,Klojen,Kauman,DKI Jakarta,Jakarta Pusat,Tanah Abang,Bendungan Hilir,Direktorat Keuangan,CV Megantara,457229886780636,false,780460243342198,false,92429,jasa rekreasi lainnya,92429,jasa rekreasi lainnya,2024-09-23,true,television,panasonic,Televisions,8,1968079,583794,15160838,1667692,0,16828530
DKI Jakarta,Jakarta Selatan,Cilandak,Cipete,Jawa Barat,Bandung,Coblong,Dago,Kementerian Keuangan,PT Winarsih Nasyidah (Persero) Tbk,584260953754631,false,160886373023593,true,01217,pembibitan dan budidaya kambing perah,01217,pembibitan dan budidaya kambing perah,2025-07-12,true,air conditioner,aqua,Air conditioners,7,4577300,1057263,30983837,3408222,0,34392059
Jawa Barat,Bandung,Coblong,Dago,Jawa Tengah,Solo,Banjarsari,Sragen,Direktorat Perhubungan,Perum Latupono Tbk,341061588359423,false,204075878338035,false,45227,bangunan dermaga,45227,bangunan dermaga,2025-02-25,false,fresh bread,jordan,Fresh bread,5,2810410,416505,13635545,1499909,0,15135454
Jawa Timur,Malang,Klojen,Kauman,Jawa Timur,Malang,Klojen,Kauman,Sekretariat Pekerjaan Umum,PD Widiastuti Anggraini (Persero) Tbk,187605300745125,true,847669297308494,false,24202,industri pembuatan logam dasar bukan besi,24202,industri pembuatan logam dasar bukan besi,2024-11-07,true,taxicab service,blue bird,Taxicab services,3,7745022,618603,22616463,2487810,0,25104273
Jawa Tengah,Solo,Banjarsari,Sragen,Bali,Badung,Kuta,Legian,Direktorat Pekerjaan Umum,CV Maryadi (Persero) Tbk,141077485746585,true,573074273765658,true,30001,industri mesin kantor dan akuntansi manual,30001,industri mesin kantor dan akuntansi manual,2024-11-15,false,freezer,sanken,Upright cabinet freezer,4,5889906,879810,22679814,2494779,0,25174593
Bali,Badung,Kuta,Legian,DKI Jakarta,Jakarta Timur,Jatinegara,Bali Mester,Direktorat Perhubungan,PD Hartati Suryatmi,562054360050880,false,579462414032454,false,31202,industri peralatan pengontrol arus listik,31202,industri peralatan pengontrol arus listik,2025-05-18,true,powdered milk,dnco,Powdered milk,3,7747782,1796771,21446575,2359123,0,23805698
Jawa Barat,Bandung,Coblong,Dago,Jawa Tengah,Solo,Banjarsari,Sragen,Kementerian Pendidikan,Perum Januar Padmasari,831411840664345,true,216726092636110,false,47895,"perdagangan eceran kaki lima dan los pasar pakaian, alas kaki, perlengkapan pakaian dan barang perlengkapan pribadi bekas",47895,"perdagangan eceran kaki lima dan los pasar pakaian, alas kaki, perlengkapan pakaian dan barang perlengkapan pribadi bekas",2025-05-06,true,ecommerce advertising,bliklan,Advertising,8,8495004,4875740,63084292,6939272,0,70023564
Jawa Tengah,Solo,Banjarsari,Sragen,Jawa Timur,Malang,Klojen,Kauman,Direktorat Pendidikan,CV Hutapea,564923612495147,false,980676063193076,true,36992,industri pita mesin tulis/gambar,36992,industri pita mesin tulis/gambar,2024-08-18,false,facial care products,biore,Facial care products,5,4487558,1289315,21148475,2326332,0,23474807
Jawa Barat,Bandung,Coblong,Dago,DKI Jakarta,Jakarta Barat,Grogol,Tanjung Duren,Sekretariat Pekerjaan Umum,CV Pradana,477275585775352,true,744227739126881,false,31102,industri mesin pembangkit listrik,31102,industri mesin pembangkit listrik,2025-01-16,true,television,denpoo,Televisions,9,6615971,1616152,57927587,6372034,0,64299621
Jawa Timur,Malang,Klojen,Kauman,Jawa Timur,Malang,Klojen,Kauman,Sekretariat Kesehatan,PD Yuniar,360049263496439,true,667739384540787,true,28222,industri mesin dan perkakas mesin untuk pengerjaan kayu,28222,industri mesin dan perkakas mesin untuk pengerjaan kayu,2024-09-19,false,feminine hygiene products,softex,Feminine hygiene products,5,9326215,1334234,45296841,4982652,0,50279493
Jawa Barat,Bandung,Coblong,Dago,Jawa Timur,Malang,Klojen,Kauman,Sekretariat Pekerjaan Umum,PT Ardianto (Persero) Tbk,743781576257351,false,935796449453483,true,36992,industri pita mesin tulis/gambar,36992,industri pita mesin tulis/gambar,2025-06-10,false,facial care products,biore,Facial care products,6,3179876,502733,18576523,2043417,0,20619940
Jawa Barat,Bandung,Coblong,Dago,Jawa Timur,Malang,Klojen,Kauman,Kementerian Kesehatan,Perum Januar,126055966443264,true,616929855291934,true,26311,industri bata tahan api dan sejenisnya,26311,industri bata tahan api dan sejenisnya,2025-06-09,true,detergent and laundry products,vanish,Laundry products,3,4788943,549442,13817387,1519912,0,15337299
DKI Jakarta,Jakarta Barat,Grogol,Tanjung Duren,Jawa Barat,Bandung,Coblong,Dago,Kementerian Perhubungan,PT Hakim Putra Tbk,647767560036325,true,873872405574885,false,08992,penggalian batu bahan industri,08992,penggalian batu bahan industri,2024-11-12,false,soft drinks,lasegar,Soft drinks,6,7614486,1351435,44335481,4876902,0,49212383
Jawa Tengah,Solo,Banjarsari,Sragen,DKI Jakarta,Jakarta Timur,Jatinegara,Bali Mester,Sekretariat Pekerjaan Umum,PT Maryati (Persero) Tbk,105645934152600,true,935077027221558,false,08992,penggalian batu bahan industri,08992,penggalian batu bahan industri,2024-07-31,true,soft drinks,lasegar,Soft drinks,4,545854,140497,2042919,224721,0,2267640
Bali,Badung,Kuta,Legian,DKI Jakarta,Jakarta Selatan,Cilandak,Cipete,Dinas Kesehatan,CV Prakasa Pertiwi (Persero) Tbk,919364154343737,true,408122103107629,false,08992,penggalian batu bahan industri,08992,penggalian batu bahan industri,2025-03-24,true,soft drinks,lasegar,Soft drinks,2,5897755,1156573,10638937,1170283,0,11809220
Jawa Tengah,Solo,Banjarsari,Sragen,Bali,Badung,Kuta,Legian,Dinas Kesehatan,PT Siregar,907719655641503,false,542282683478677,true,26311,industri bata tahan api dan sejenisnya,26311,industri bata tahan api dan sejenisnya,2025-06-20,false,detergent and laundry products,vanish,Laundry products,3,3503284,1023057,9486795,1043547,0,10530342
Jawa Timur,Malang,Klojen,Kauman,Bali,Badung,Kuta,Legian,Dinas Pekerjaan Umum,PT Rahimah,521041454754746,true,288306181331388,true,10291,industri penggaraman/pengeringan biota air lainnya,10291,industri penggaraman/pengeringan biota air lainnya,2025-01-15,false,snack foods,cheetos,Snack foods,10,6925441,2461834,66792576,7347183,0,74139759
Bali,Badung,Kuta,Legian,DKI Jakarta,Jakarta Selatan,Cilandak,Cipete,Dinas Keuangan,PD Suartini Mangunsong,181785820883852,true,518452895313249,false,50228,angkutan penyeberangan umum dalam kabupaten/kota untuk barang,50228,angkutan penyeberangan umum dalam kabupaten/kota untuk barang,2025-02-24,true,inkjet printer,toshiba,Inkjet printers,6,2101914,20201,12591283,1385041,0,13976324
DKI Jakarta,Jakarta Timur,Matraman,Pisangan Baru,Bali,Badung,Kuta,Legian,Direktorat Keuangan,Perum Zulkarnain,338888665723064,true,731579677882948,false,07301,pertambangan emas dan perak,07301,pertambangan emas dan perak,2025-03-11,true,marketing and customer relationship management software,salesforce,Customer relationship management software maintenance,10,7125793,5722137,65535793,7208937,0,72744730
Jawa Timur,Malang,Klojen,Kauman,Jawa Barat,Bandung,Coblong,Dago,Kementerian Keuangan,Perum Uyainah Zulkarnain Tbk,234275371775043,true,292687062497691,false,49425,angkutan darat lainnya untuk wisata,49425,angkutan darat lainnya untuk wisata,2025-02-01,false,fresh bread,arnon,Fresh bread,4,9720619,89207,38793269,4267259,0,43060528
DKI Jakarta,Jakarta Barat,Grogol,Tanjung Duren,Jawa Barat,Bandung,Coblong,Dago,Badan Pendidikan,Perum Lestari,629050074857138,true,914310402202581,false,24202,industri pembuatan logam dasar bukan besi,24202,industri pembuatan logam dasar bukan besi,2024-09-16,false,taxicab service,blue bird,Taxicab services,6,5851971,1679165,33432661,3677592,0,37110253
Bali,Badung,Kuta,Legian,Jawa Timur,Malang,Klojen,Kauman,Kementerian Keuangan,PD Pangestu Andriani Tbk,795780139424357,true,352217785282102,true,63460,jasa konsultasi pariwisata,63460,jasa konsultasi pariwisata,2024-09-09,true,accounting software,accurate online,Accounting software,3,1813884,338542,5103110,561342,0,5664452
Jawa Timur,Malang,Klojen,Kauman,Jawa Barat,Bandung,Coblong,Dago,Badan Pendidikan,UD Budiyanto Mulyani (Persero) Tbk,154044049383401,false,396928591345347,false,31402,industri akumulator listrik (batu baterai sekunder),31402,industri akumulator listrik (batu baterai sekunder),2024-09-01,false,motorcycle,yamaha,Motorcycles,5,2907807,288910,14250125,1567513,0,15817638
Jawa Timur,Malang,Klojen,Kauman,Jawa Barat,Bandung,Coblong,Dago,Sekretariat Pekerjaan Umum,CV Prakasa,750641333744075,false,651807353416806,false,52213,perdagangan eceran khusus sayuran di dalam bangunan,52213,perdagangan eceran khusus sayuran di dalam bangunan,2025-02-15,false,instant noodle or pasta,pop mie,Plain pasta and noodles,8,3838807,385034,30325422,3335796,0,33661218
Jawa Tengah,Solo,Banjarsari,Sragen,Jawa Barat,Bandung,Coblong,Dago,Kementerian Kesehatan,CV Siregar,854913573100803,true,311576037789326,false,92424,gelanggang permainan dan ketangkasan,92424,gelanggang permainan dan ketangkasan,2024-08-05,true,snack foods,wafello,Snack foods,6,3550758,1314323,19990225,2198924,0,22189149
Jawa Tengah,Solo,Banjarsari,Sragen,Jawa Barat,Bandung,Coblong,Dago,Direktorat Pekerjaan Umum,UD Palastri (Persero) Tbk,328580364804387,false,177280153810967,false,10291,industri penggaraman/pengeringan biota air lainnya,10291,industri penggaraman/pengeringan biota air lainnya,2025-04-12,false,snack foods,cheetos,Snack foods,3,5203067,1210564,14398637,1583850,0,15982487
DKI Jakarta,Jakarta Selatan,Cilandak,Cipete,DKI Jakarta,Jakarta Selatan,Cilandak,Cipete,Dinas Keuangan,PT Permadi Pertiwi,636196724911530,false,399012839823275,true,11050,industri air minum dan air mineral,11050,industri air minum dan air mineral,2024-12-29,true,domestic refrigerator,daikin,Domestic refrigerators,6,7288926,1778938,41954618,4615007,0,46569625
Jawa Timur,Malang,Klojen,Kauman,Jawa Timur,Malang,Klojen,Kauman,Kementerian Perhubungan,PT Budiyanto,318349362397310,false,553390446347638,true,55212,restoran/rumah makan talam selaka,55212,restoran/rumah makan talam selaka,2025-01-11,false,insurance service,avrist,Insurance law service,9,8331506,4350486,70633068,7769637,0,78402705
DKI Jakarta,Jakarta Barat,Grogol,Tanjung Duren,Jawa Barat,Bandung,Coblong,Dago,Sekretariat Keuangan,PD Yuniar,174136455993280,true,354976211583806,false,10291,industri penggaraman/pengeringan biota air lainnya,10291,industri penggaraman/pengeringan biota air lainnya,2024-09-03,false,snack foods,cheetos,Snack foods,7,1749603,461139,11786082,1296469,0,13082551
Jawa Tengah,Solo,Banjarsari,Sragen,Jawa Barat,Bandung,Coblong,Dago,Kementerian Pendidikan,PD Usamah Tarihoran (Persero) Tbk,666597175563104,false,443763766807850,true,01223,pembibitan dan budidaya ayam buras,01223,pembibitan dan budidaya ayam buras,2025-01-25,true,water,prima,Water,6,1215255,174740,7116790,782846,0,7899636
Jawa Tengah,Solo,Banjarsari,Sragen,Jawa Timur,Malang,Klojen,Kauman,Dinas Keuangan,Perum Prasetyo Kuswandari,186671930038262,true,955977014345324,true,08992,penggalian batu bahan industri,08992,penggalian batu bahan industri,2025-01-07,false,soft drinks,lasegar,Soft drinks,8,9833782,8442,78661814,8652799,0,87314613
Jawa Barat,Bandung,Coblong,Dago,DKI Jakarta,Jakarta Timur,Matraman,Pisangan Baru,Dinas Pendidikan,UD Winarno,442949273082681,false,652437817453142,false,52213,perdagangan eceran khusus sayuran di dalam bangunan,52213,perdagangan eceran khusus sayuran di dalam bangunan,2025-01-10,false,instant noodle or pasta,pop mie,Plain pasta and noodles,8,4303642,1527940,32901196,3619131,0,36520327
DKI Jakarta,Jakarta Timur,Jatinegara,Bali Mester,Bali,Badung,Kuta,Legian,Sekretariat Pendidikan,UD Firgantoro Rahmawati Tbk,842381748136911,true,660507651168189,true,01217,pembibitan dan budidaya kambing perah,01217,pembibitan dan budidaya kambing perah,2024-08-09,true,air conditioner,aqua,Air conditioners,10,7276291,3015032,69747878,7672266,0,77420144
DKI Jakarta,Jakarta Selatan,Cilandak,Cipete,Jawa Tengah,Solo,Banjarsari,Sragen,Badan Keuangan,PD Mangunsong,763320723606388,false,448267199603143,true,02119,pengusahaan hutan lainnya,02119,pengusahaan hutan lainnya,2024-09-24,true,laundry washing machine,toshiba,Laundry type washing machines,10,8775456,5759189,81995371,9019490,0,91014861
DKI Jakarta,Jakarta Pusat,Tanah Abang,Bendungan Hilir,Jawa Tengah,Solo,Banjarsari,Sragen,Dinas Perhubungan,PT Laksita,269143031626094,false,728412229159331,true,28222,industri mesin dan perkakas mesin untuk pengerjaan kayu,28222,industri mesin dan perkakas mesin untuk pengerjaan kayu,2024-10-13,false,feminine hygiene products,softex,Feminine hygiene products,8,4886199,271021,38818571,4270042,0,43088613
DKI Jakarta,Jakarta Pusat,Tanah Abang,Bendungan Hilir,Jawa Tengah,Solo,Banjarsari,Sragen,Badan Pendidikan,PD Winarno,496603423302425,true,383085803774307,true,26311,industri bata tahan api dan sejenisnya,26311,industri bata tahan api dan sejenisnya,2024-10-16,false,detergent and laundry products,vanish,Laundry products,5,8472048,1300544,41059696,4516566,0,45576262
Jawa Tengah,Solo,Banjarsari,Sragen,Bali,Badung,Kuta,Legian,Kementerian Perhubungan,UD Purnawati Mandala,499281346629637,true,863923549399741,false,10802,industri konsentrat makanan hewan,10802,industri konsentrat makanan hewan,2024-09-30,false,motorcycle,viar,Motorcycles,7,1696494,547903,11327555,1246031,0,12573586
Bali,Badung,Kuta,Legian,Jawa Tengah,Solo,Banjarsari,Sragen,Dinas Perhubungan,CV Marbun,324642055113352,false,196371786135927,false,92331,kebun raya dan kebun binatang,92331,kebun raya dan kebun binatang,2025-01-19,false,domestic refrigerator,panasonik,Domestic refrigerators,9,3126474,1576915,26561351,2921748,0,29483099
DKI Jakarta,Jakarta Selatan,Cilandak,Cipete,Bali,Badung,Kuta,Legian,Direktorat Perhubungan,UD Siregar Padmasari (Persero) Tbk,619357797414280,true,729276757814161,true,10291,industri penggaraman/pengeringan biota air lainnya,10291,industri penggaraman/pengeringan biota air lainnya,2024-12-25,false,snack foods,cheetos,Snack foods,2,2408634,322546,4494722,494419,0,4989141
Jawa Barat,Bandung,Coblong,Dago,DKI Jakarta,Jakarta Pusat,Tanah Abang,Bendungan Hilir,Kementerian Perhubungan,Perum Prayoga (Persero) Tbk,959057056846730,false,161189708426962,true,92331,kebun raya dan kebun binatang,92331,kebun raya dan kebun binatang,2024-12-13,true,domestic refrigerator,panasonik,Domestic refrigerators,5,1845982,349682,8880228,976825,0,9857053
DKI Jakarta,Jakarta Timur,Jatinegara,Bali Mester,DKI Jakarta,Jakarta Barat,Grogol,Tanjung Duren,Sekretariat Kesehatan,UD Dabukke,933642681234865,false,351685669390975,true,80122,jasa pendidikan sekolah dasar swasta,80122,jasa pendidikan sekolah dasar swasta,2025-01-11,false,edible vegetable oil,kunci mas,Edible vegetable or plant oils,5,158226,63564,727566,80032,0,807598
Jawa Barat,Bandung,Coblong,Dago,Jawa Barat,Bandung,Coblong,Dago,Dinas Pendidikan,PD Sihombing Prabowo,127760408342180,false,162660955984738,true,36992,industri pita mesin tulis/gambar,36992,industri pita mesin tulis/gambar,2024-11-13,false,facial care products,biore,Facial care products,7,8165466,1543872,55614390,6117582,0,61731972
Bali,Badung,Kuta,Legian,Jawa Timur,Malang,Klojen,Kauman,Dinas Kesehatan,PT Utami Marbun (Persero) Tbk,675912898195782,true,640957470983248,false,03125,penangkapan/pengambilan induk/benih ikan di perairan umum,03125,penangkapan/pengambilan induk/benih ikan di perairan umum,2025-03-21,false,tablet computers,realme,Tablet computers,2,9927817,1033820,18821814,2070399,0,20892213
Jawa Tengah,Solo,Banjarsari,Sragen,Jawa Timur,Malang,Klojen,Kauman,Kementerian Keuangan,Perum Mayasari,235250483304489,false,753625350303463,false,47895,"perdagangan eceran kaki lima dan los pasar pakaian, alas kaki, perlengkapan pakaian dan barang perlengkapan pribadi bekas",47895,"perdagangan eceran kaki lima dan los pasar pakaian, alas kaki, perlengkapan pakaian dan barang perlengkapan pribadi bekas",2024-08-11,true,ecommerce advertising,bliklan,Advertising,10,7507126,357621,74713639,8218500,0,82932139
Jawa Barat,Bandung,Coblong,Dago,DKI Jakarta,Jakarta Selatan,Cilandak,Cipete,Badan Pekerjaan Umum,PT Sinaga (Persero) Tbk,677636124325045,true,838498901169111,true,07301,pertambangan emas dan perak,07301,pertambangan emas dan perak,2024-08-16,false,marketing and customer relationship management software,salesforce,Customer relationship management software maintenance,10,5742359,3854412,53569178,5892609,0,59461787
Jawa Barat,Bandung,Coblong,Dago,DKI Jakarta,Jakarta Pusat,Tanah Abang,Bendungan Hilir,Sekretariat Kesehatan,PD Rahmawati Saragih,897702454987254,false,885614498810959,false,45311,instalasi air (plumbing),45311,instalasi air (plumbing),2025-06-19,false,electric fan,maspion,Domestic electric fan,10,6824201,566818,67675192,7444271,0,75119463
DKI Jakarta,Jakarta Selatan,Cilandak,Cipete,DKI Jakarta,Jakarta Pusat,Tanah Abang,Bendungan Hilir,Dinas Kesehatan,PD Permadi Narpati,295905831120845,false,169720480582604,false,15493,industri kecap,15493,industri kecap,2025-05-26,true,freezer,electrolux,Upright cabinet freezer,1,1272751,57872,1214879,133636,0,1348515
Jawa Tengah,Solo,Banjarsari,Sragen,DKI Jakarta,Jakarta Pusat,Tanah Abang,Bendungan Hilir,Sekretariat Pekerjaan Umum,PD Palastri Maheswara (Persero) Tbk,320358449941424,false,592596203416945,false,10291,industri penggaraman/pengeringan biota air lainnya,10291,industri penggaraman/pengeringan biota air lainnya,2025-06-29,true,snack foods,cheetos,Snack foods,4,2769411,910296,10167348,1118408,0,11285756
Jawa Barat,Bandung,Coblong,Dago,Jawa Barat,Bandung,Coblong,Dago,Badan Perhubungan,PT Melani,715393944914022,true,308633794714450,false,36930,industri alat-alat olahraga,36930,industri alat-alat olahraga,2025-06-09,true,powdered milk,nutrilon,Powdered milk,4,9619221,3471104,35005780,3850635,0,38856415
Bali,Badung,Kuta,Legian,DKI Jakarta,Jakarta Pusat,Tanah Abang,Bendungan Hilir,Kementerian Pekerjaan Umum,Perum Hidayanto,243203135208345,false,232770757439298,false,47822,"perdagangan eceran kaki lima dan los pasar roti, kue kering, kue basah dan sejenisnya",47822,"perdagangan eceran kaki lima dan los pasar roti, kue kering, kue basah dan sejenisnya",2025-03-22,true,snack foods,dk,Snack foods,1,9118723,346994,8771729,964890,0,9736619
Jawa Barat,Bandung,Coblong,Dago,Jawa Tengah,Solo,Banjarsari,Sragen,Kementerian Pekerjaan Umum,PD Nugroho Palastri,371792296592857,false,796533740896894,true,08992,penggalian batu bahan industri,08992,penggalian batu bahan industri,2025-03-23,true,soft drinks,lasegar,Soft drinks,10,7951711,7859512,71657598,7882335,0,79539933
DKI Jakarta,Jakarta Barat,Grogol,Tanjung Duren,Jawa Tengah,Solo,Banjarsari,Sragen,Dinas Kesehatan,PT Suryono Natsir,471109801169996,true,655692470659248,true,92424,gelanggang permainan dan ketangkasan,92424,gelanggang permainan dan ketangkasan,2025-04-13,true,snack foods,wafello,Snack foods,6,1237207,436459,6986783,768546,0,7755329
Bali,Badung,Kuta,Legian,Jawa Tengah,Solo,Banjarsari,Sragen,Direktorat Pekerjaan Umum,UD Prakasa Prasetyo Tbk,832211287009449,false,637723168869843,false,80122,jasa pendidikan sekolah dasar swasta,80122,jasa pendidikan sekolah dasar swasta,2024-10-08,true,edible vegetable oil,kunci mas,Edible vegetable or plant oils,1,978728,3454,975274,107280,0,1082554
Jawa Barat,Bandung,Coblong,Dago,DKI Jakarta,Jakarta Pusat,Tanah Abang,Bendungan Hilir,Direktorat Perhubungan,Perum Prakasa Tbk,255115104172524,true,232849514425776,false,26311,industri bata tahan api dan sejenisnya,26311,industri bata tahan api dan sejenisnya,2024-11-16,false,detergent and laundry products,vanish,Laundry products,4,5806692,1830917,21395851,2353543,0,23749394
Jawa Barat,Bandung,Coblong,Dago,Jawa Barat,Bandung,Coblong,Dago,Dinas Pendidikan,PD Hartati Tbk,163784888357552,true,303329930343125,false,15494,industri tempe,15494,industri tempe,2025-01-05,true,diesel power generator,general power,Diesel generators,6,5916446,2526715,32971961,3626915,0,36598876
Jawa Barat,Bandung,Coblong,Dago,Jawa Timur,Malang,Klojen,Kauman,Badan Pekerjaan Umum,UD Permadi Tbk,657238531083723,false,348020869821620,false,26311,industri bata tahan api dan sejenisnya,26311,industri bata tahan api dan sejenisnya,2025-01-10,false,detergent and laundry products,vanish,Laundry products,6,9301054,2455206,53351118,5868622,0,59219740
Jawa Barat,Bandung,Coblong,Dago,DKI Jakarta,Jakarta Timur,Jatinegara,Bali Mester,Badan Pendidikan,PD Saptono,686589350074745,true,935312319233750,true,26311,industri bata tahan api dan sejenisnya,26311,industri bata tahan api dan sejenisnya,2025-03-19,true,detergent and laundry products,vanish,Laundry products,6,2431714,75219,14515065,1596657,0,16111722
Jawa Timur,Malang,Klojen,Kauman,Jawa Timur,Malang,Klojen,Kauman,Sekretariat Perhubungan,Perum Gunarto Gunarto,195133375696907,true,532273897319753,false,03125,penangkapan/pengambilan induk/benih ikan di perairan umum,03125,penangkapan/pengambilan induk/benih ikan di perairan umum,2024-10-11,true,tablet computers,realme,Tablet computers,7,6503578,3724707,41800339,4598037,0,46398376
Jawa Barat,Bandung,Coblong,Dago,Jawa Timur,Malang,Klojen,Kauman,Sekretariat Keuangan,Perum Firgantoro Budiman Tbk,129265637533627,false,395587841744288,true,15493,industri kecap,15493,industri kecap,2025-02-25,true,freezer,electrolux,Upright cabinet freezer,6,7332586,3586542,40408974,4444987,0,44853961
DKI Jakarta,Jakarta Barat,Grogol,Tanjung Duren,Bali,Badung,Kuta,Legian,Dinas Perhubungan,PD Andriani Novitasari (Persero) Tbk,939509199755718,true,416036643753848,false,01223,pembibitan dan budidaya ayam buras,01223,pembibitan dan budidaya ayam buras,2025-06-05,true,water,prima,Water,4,9156749,1240779,35386217,3892483,0,39278700
Bali,Badung,Kuta,Legian,Jawa Tengah,Solo,Banjarsari,Sragen,Kementerian Keuangan,UD Saputra Tbk,843968086514365,false,397820917863740,true,55212,restoran/rumah makan talam selaka,55212,restoran/rumah makan talam selaka,2024-10-18,false,insurance service,avrist,Insurance law service,8,339686,230639,2486849,273553,0,2760402
Jawa Timur,Malang,Klojen,Kauman,Bali,Badung,Kuta,Legian,Sekretariat Pendidikan,CV Kuswoyo Tbk,720874503716217,false,172108005328761,false,01123,pertanian hortikultura bunga-bungaan,01123,pertanian hortikultura bunga-bungaan,2024-10-17,true,insurance service,bumiputera,Insurance law service,5,4682933,1088593,22326072,2455867,0,24781939
Jawa Barat,Bandung,Coblong,Dago,Bali,Badung,Kuta,Legian,Kementerian Kesehatan,CV Santoso Sirait (Persero) Tbk,670516330482937,false,457287935064013,true,30001,industri mesin kantor dan akuntansi manual,30001,industri mesin kantor dan akuntansi manual,2025-07-01,true,freezer,sanken,Upright cabinet freezer,1,4396217,134975,4261242,468736,0,4729978
Jawa Tengah,Solo,Banjarsari,Sragen,DKI Jakarta,Jakarta Barat,Grogol,Tanjung Duren,Sekretariat Pendidikan,PD Latupono Ramadan,329730228544286,false,518113221001154,false,08992,penggalian batu bahan industri,08992,penggalian batu bahan industri,2025-07-22,true,soft drinks,lasegar,Soft drinks,7,4799368,600118,32995458,3629500,0,36624958
Jawa Tengah,Solo,Banjarsari,Sragen,Jawa Tengah,Solo,Banjarsari,Sragen,Dinas Keuangan,Perum Siregar Padmasari,427491447920964,true,765663717801118,true,10802,industri konsentrat makanan hewan,10802,industri konsentrat makanan hewan,2025-02-20,true,motorcycle,viar,Motorcycles,10,3598039,3389141,32591249,3585037,0,36176286
Bali,Badung,Kuta,Legian,Bali,Badung,Kuta,Legian,Kementerian Pendidikan,UD Yuliarti (Persero) Tbk,352857576629568,false,925336115348542,true,07301,pertambangan emas dan perak,07301,pertambangan emas dan perak,2025-04-26,true,marketing and customer relationship management software,salesforce,Customer relationship management software maintenance,10,7974368,5529751,74213929,8163532,0,82377461
Bali,Badung,Kuta,Legian,Jawa Barat,Bandung,Coblong,Dago,Dinas Keuangan,UD Budiman Puspita (Persero) Tbk,613206633867043,false,880327333918363,true,36930,industri alat-alat olahraga,36930,industri alat-alat olahraga,2025-06-22,false,powdered milk,nutrilon,Powdered milk,7,6121358,668488,42181018,4639911,0,46820929
Bali,Badung,Kuta,Legian,Bali,Badung,Kuta,Legian,Dinas Pekerjaan Umum,CV Pangestu Marbun,241055259005338,true,858974011514308,true,07301,pertambangan emas dan perak,07301,pertambangan emas dan perak,2024-08-13,false,marketing and customer relationship management software,salesforce,Customer relationship management software maintenance,5,5780623,1316358,27586757,3034543,0,30621300
DKI Jakarta,Jakarta Pusat,Tanah Abang,Bendungan Hilir,Bali,Badung,Kuta,Legian,Direktorat Pendidikan,UD Prastuti Kurniawan,235996560736312,false,961885103382040,false,03232,jasa produksi budidaya ikan laut,03232,jasa produksi budidaya ikan laut,2025-02-08,true,detergent and laundry products,gentlegen,Laundry products,3,621694,113094,1751988,192718,0,1944706
Jawa Barat,Bandung,Coblong,Dago,Jawa Timur,Malang,Klojen,Kauman,Sekretariat Kesehatan,PT Wijayanti Mandasari,430328992681252,true,765944715039263,true,10802,industri konsentrat makanan hewan,10802,industri konsentrat makanan hewan,2025-07-06,true,motorcycle,viar,Motorcycles,2,6005200,941401,11068999,1217589,0,12286588
Jawa Timur,Malang,Klojen,Kauman,Jawa Barat,Bandung,Coblong,Dago,Kementerian Pekerjaan Umum,PD Nainggolan (Persero) Tbk,516442576143104,false,460778882265436,false,01223,pembibitan dan budidaya ayam buras,01223,pembibitan dan budidaya ayam buras,2025-01-19,true,water,prima,Water,9,9916359,4685869,84561362,9301749,0,93863111
DKI Jakarta,Jakarta Selatan,Cilandak,Cipete,Jawa Tengah,Solo,Banjarsari,Sragen,Badan Perhubungan,Perum Yuniar,952642570852605,true,261228577667277,true,15493,industri kecap,15493,industri kecap,2025-07-14,true,freezer,electrolux,Upright cabinet freezer,7,8759639,2334182,58983291,6488162,0,65471453
Bali,Badung,Kuta,Legian,Jawa Tengah,Solo,Banjarsari,Sragen,Badan Perhubungan,UD Haryanto Safitri (Persero) Tbk,351790047893790,true,392091782360791,true,26514,industri alat uji dalam proses industri,26514,industri alat uji dalam proses industri,2025-02-19,true,instant noodle or pasta,atom bulan,Plain pasta and noodles,5,2415639,201276,11876919,1306461,0,13183380
Bali,Badung,Kuta,Legian,Bali,Badung,Kuta,Legian,Kementerian Keuangan,UD Firmansyah Namaga (Persero) Tbk,417321646246752,false,600830690752071,true,02119,pengusahaan hutan lainnya,02119,pengusahaan hutan lainnya,2025-01-08,false,laundry washing machine,toshiba,Laundry type washing machines,5,1889032,751043,8694117,956352,0,9650469
DKI Jakarta,Jakarta Pusat,Tanah Abang,Bendungan Hilir,Jawa Tengah,Solo,Banjarsari,Sragen,Kementerian Keuangan,Perum Prasasta Rajata,189020943789087,true,183712036593282,false,67204,broker,67204,broker,2025-04-21,true,air conditioner,changhong,Air conditioners,9,5676024,2316162,48768054,5364485,0,54132539
Bali,Badung,Kuta,Legian,Jawa Timur,Malang,Klojen,Kauman,Sekretariat Pendidikan,UD Rajata Sihotang (Persero) Tbk,814381692084357,true,254104482771935,false,01217,pembibitan dan budidaya kambing perah,01217,pembibitan dan budidaya kambing perah,2024-09-23,true,air conditioner,aqua,Air conditioners,4,4500761,985903,17017141,1871885,0,18889026
Jawa Timur,Malang,Klojen,Kauman,Jawa Barat,Bandung,Coblong,Dago,Kementerian Perhubungan,Perum Marpaung Haryanto (Persero) Tbk,652466227136731,true,300539367403559,true,55212,restoran/rumah makan talam selaka,55212,restoran/rumah makan talam selaka,2024-12-25,false,insurance service,avrist,Insurance law service,5,6430211,2646716,29504339,3245477,0,32749816
Jawa Barat,Bandung,Coblong,Dago,Jawa Tengah,Solo,Banjarsari,Sragen,Direktorat Perhubungan,CV Palastri Tbk,502088816029226,false,208685416232586,true,52213,perdagangan eceran khusus sayuran di dalam bangunan,52213,perdagangan eceran khusus sayuran di dalam bangunan,2024-08-17,true,instant noodle or pasta,pop mie,Plain pasta and noodles,5,7089619,1875579,33572516,3692976,0,37265492
Jawa Barat,Bandung,Coblong,Dago,Jawa Timur,Malang,Klojen,Kauman,Direktorat Kesehatan,Perum Lestari,776730033047590,false,364431203108547,true,36992,industri pita mesin tulis/gambar,36992,industri pita mesin tulis/gambar,2024-11-28,false,facial care products,biore,Facial care products,5,8564225,1804441,41016684,4511835,0,45528519
DKI Jakarta,Jakarta Timur,Jatinegara,Bali Mester,Jawa Timur,Malang,Klojen,Kauman,Direktorat Keuangan,CV Waluyo Suwarno,161512145239881,false,919864097395919,true,01223,pembibitan dan budidaya ayam buras,01223,pembibitan dan budidaya ayam buras,2024-08-05,false,water,prima,Water,1,5225949,234690,4991259,549038,0,5540297
Jawa Barat,Bandung,Coblong,Dago,Bali,Badung,Kuta,Legian,Kementerian Perhubungan,PT Simanjuntak Tbk,978686271884597,false,497108004245426,true,01223,pembibitan dan budidaya ayam buras,01223,pembibitan dan budidaya ayam buras,2024-08-14,true,water,prima,Water,9,3580989,1518748,30710153,3378116,0,34088269
Jawa Barat,Bandung,Coblong,Dago,Jawa Tengah,Solo,Banjarsari,Sragen,Direktorat Kesehatan,CV Jailani Tbk,925662592922923,true,115358545411722,true,92429,jasa rekreasi lainnya,92429,jasa rekreasi lainnya,2024-10-31,true,television,panasonic,Televisions,9,1770012,1051720,14878388,1636622,0,16515010
Jawa Timur,Malang,Klojen,Kauman,Jawa Tengah,Solo,Banjarsari,Sragen,Kementerian Keuangan,PD Tampubolon Prakasa (Persero) Tbk,239211700860062,false,551206308702809,true,10794,"industri kerupuk, keripik, peyek dan sejenisnya",10794,"industri kerupuk, keripik, peyek dan sejenisnya",2025-03-10,false,water,eternal plus,Water,2,1333911,38739,2629083,289199,0,2918282
Jawa Timur,Malang,Klojen,Kauman,DKI Jakarta,Jakarta Pusat,Tanah Abang,Bendungan Hilir,Badan Perhubungan,PD Permadi Maryati,937087031573786,true,408551748286094,false,13101,pertambangan pasir besi,13101,pertambangan pasir besi,2024-12-24,true,water dispenser,changhong,Hot water dispenser,2,4483714,687919,8279509,910745,0,9190254
Jawa Timur,Malang,Klojen,Kauman,DKI Jakarta,Jakarta Selatan,Cilandak,Cipete,Direktorat Keuangan,Perum Mangunsong,891373097519203,true,119380534870878,false,26514,industri alat uji dalam proses industri,26514,industri alat uji dalam proses industri,2025-03-29,false,instant noodle or pasta,atom bulan,Plain pasta and noodles,6,9220114,908522,54412162,5985337,0,60397499
Jawa Barat,Bandung,Coblong,Dago,Jawa Timur,Malang,Klojen,Kauman,Badan Keuangan,PT Ramadan Prasetyo (Persero) Tbk,207396016444125,true,651482142033508,true,49425,angkutan darat lainnya untuk wisata,49425,angkutan darat lainnya untuk wisata,2024-11-13,true,fresh bread,arnon,Fresh bread,3,6814490,1292870,19150600,2106566,0,21257166
Bali,Badung,Kuta,Legian,Jawa Tengah,Solo,Banjarsari,Sragen,Dinas Pendidikan,CV Anggraini Pertiwi (Persero) Tbk,875741193721426,false,106274395006567,false,47822,"perdagangan eceran kaki lima dan los pasar roti, kue kering, kue basah dan sejenisnya",47822,"perdagangan eceran kaki lima dan los pasar roti, kue kering, kue basah dan sejenisnya",2024-08-09,true,snack foods,dk,Snack foods,9,8249476,4576730,69668554,7663540,0,77332094
Jawa Tengah,Solo,Banjarsari,Sragen,Jawa Timur,Malang,Klojen,Kauman,Kementerian Perhubungan,UD Saragih Andriani Tbk,952177892775332,true,685396148694831,true,30001,industri mesin kantor dan akuntansi manual,30001,industri mesin kantor dan akuntansi manual,2025-01-11,true,freezer,sanken,Upright cabinet freezer,4,7391730,476743,29090177,3199919,0,32290096
Jawa Timur,Malang,Klojen,Kauman,Jawa Barat,Bandung,Coblong,Dago,Badan Pendidikan,PD Latupono,910581851520450,false,462974225187201,false,36992,industri pita mesin tulis/gambar,36992,industri pita mesin tulis/gambar,2025-05-15,true,facial care products,biore,Facial care products,3,4918694,1097337,13658745,1502461,0,15161206
Jawa Barat,Bandung,Coblong,Dago,Jawa Timur,Malang,Klojen,Kauman,Dinas Pekerjaan Umum,CV Jailani (Persero) Tbk,111057281077878,false,301787941508219,true,63210,pergudangan,63210,pergudangan,2025-01-16,false,edible vegetable oil,barco,Edible vegetable or plant oils,2,143993,10218,277768,30554,0,308322
Jawa Barat,Bandung,Coblong,Dago,Jawa Tengah,Solo,Banjarsari,Sragen,Sekretariat Kesehatan,CV Simanjuntak,494574637299776,true,807988185620874,true,92331,kebun raya dan kebun binatang,92331,kebun raya dan kebun binatang,2025-03-16,true,domestic refrigerator,panasonik,Domestic refrigerators,5,4817876,1787468,22301912,2453210,0,24755122
Jawa Tengah,Solo,Banjarsari,Sragen,Bali,Badung,Kuta,Legian,Kementerian Kesehatan,UD Kurniawan Simbolon Tbk,300773743747549,false,215206328680865,true,52213,perdagangan eceran khusus sayuran di dalam bangunan,52213,perdagangan eceran khusus sayuran di dalam bangunan,2024-11-14,false,instant noodle or pasta,pop mie,Plain pasta and noodles,6,9707900,4967481,53279919,5860791,0,59140710
Jawa Tengah,Solo,Banjarsari,Sragen,DKI Jakarta,Jakarta Selatan,Cilandak,Cipete,Sekretariat Kesehatan,CV Yolanda Winarsih (Persero) Tbk,285568972602949,false,100278634345865,false,50228,angkutan penyeberangan umum dalam kabupaten/kota untuk barang,50228,angkutan penyeberangan umum dalam kabupaten/kota untuk barang,2024-11-06,true,inkjet printer,toshiba,Inkjet printers,1,2348057,134140,2213917,243530,0,2457447
Jawa Timur,Malang,Klojen,Kauman,Bali,Badung,Kuta,Legian,Direktorat Perhubungan,UD Riyanti,634215360541204,false,456879664470774,true,13113,industri pemintalan benang jahit,13113,industri pemintalan benang jahit,2024-10-08,true,television,arashi,Televisions,3,4709649,299649,13829298,1521222,0,15350520
Bali,Badung,Kuta,Legian,DKI Jakarta,Jakarta Pusat,Tanah Abang,Bendungan Hilir,Kementerian Keuangan,PD Firmansyah,624754188086811,false,577470348176209,true,10291,industri penggaraman/pengeringan biota air lainnya,10291,industri penggaraman/pengeringan biota air lainnya,2024-08-14,true,snack foods,cheetos,Snack foods,7,6328132,1501607,42795317,4707484,0,47502801
DKI Jakarta,Jakarta Selatan,Cilandak,Cipete,Bali,Badung,Kuta,Legian,Badan Pendidikan,CV Yuliarti (Persero) Tbk,515310070544272,false,783166143847322,false,26412,industri kapur,26412,industri kapur,2025-06-21,true,baby diapers,mamy  poko,Infant diapers,5,8081838,1670566,38738624,4261248,0,42999872
Jawa Tengah,Solo,Banjarsari,Sragen,Jawa Timur,Malang,Klojen,Kauman,Direktorat Pekerjaan Umum,UD Setiawan Andriani (Persero) Tbk,216968312260367,true,132467244926312,true,15493,industri kecap,15493,industri kecap,2025-07-23,true,freezer,electrolux,Upright cabinet freezer,3,1439566,219976,4098722,450859,0,4549581
DKI Jakarta,Jakarta Pusat,Tanah Abang,Bendungan Hilir,DKI Jakarta,Jakarta Timur,Matraman,Pisangan Baru,Badan Keuangan,CV Nurdiyanti Prasetyo,898614369734318,true,913052714525468,false,03232,jasa produksi budidaya ikan laut,03232,jasa produksi budidaya ikan laut,2024-10-01,true,detergent and laundry products,gentlegen,Laundry products,7,7035675,515760,48733965,5360736,0,54094701
Jawa Barat,Bandung,Coblong,Dago,Jawa Barat,Bandung,Coblong,Dago,Sekretariat Kesehatan,CV Mardhiyah Tbk,669103304604905,false,815284596368671,true,10802,industri konsentrat makanan hewan,10802,industri konsentrat makanan hewan,2025-04-20,false,motorcycle,viar,Motorcycles,5,9454625,2941757,44331368,4876450,0,49207818
Jawa Tengah,Solo,Banjarsari,Sragen,DKI Jakarta,Jakarta Barat,Grogol,Tanjung Duren,Kementerian Kesehatan,PD Winarno Prayoga Tbk,765575265649594,true,290656891317823,true,03232,jasa produksi budidaya ikan laut,03232,jasa produksi budidaya ikan laut,2025-06-22,true,detergent and laundry products,gentlegen,Laundry products,6,7773376,681783,45958473,5055432,0,51013905
Jawa Barat,Bandung,Coblong,Dago,Jawa Tengah,Solo,Banjarsari,Sragen,Dinas Keuangan,CV Budiyanto Tbk,736175453976207,false,354409870853734,true,47743,perdagangan eceran barang perlengkapan pribadi bekas,47743,perdagangan eceran barang perlengkapan pribadi bekas,2024-11-12,false,water,aqua,Water,4,3021447,618517,11467271,1261399,0,12728670
Jawa Timur,Malang,Klojen,Kauman,Jawa Tengah,Solo,Banjarsari,Sragen,Dinas Pendidikan,UD Hardiansyah Pratama,534236592041072,true,740313214829293,true,92424,gelanggang permainan dan ketangkasan,92424,gelanggang permainan dan ketangkasan,2025-03-08,false,snack foods,wafello,Snack foods,6,4893397,870095,28490287,3133931,0,31624218
Bali,Badung,Kuta,Legian,Jawa Tengah,Solo,Banjarsari,Sragen,Kementerian Pendidikan,PT Astuti Utami Tbk,841214791667946,true,257416887376350,false,55212,restoran/rumah makan talam selaka,55212,restoran/rumah makan talam selaka,2025-01-01,false,insurance service,avrist,Insurance law service,6,9508481,3170140,53880746,5926882,0,59807628
Bali,Badung,Kuta,Legian,Jawa Tengah,Solo,Banjarsari,Sragen,Direktorat Keuangan,Perum Najmudin Tbk,829450101612577,true,444835871879027,true,22121,industri pengasapan karet,22121,industri pengasapan karet,2025-05-17,false,air conditioner,modena,Air conditioners,9,3173258,91225,28468097,3131490,0,31599587
Bali,Badung,Kuta,Legian,Jawa Timur,Malang,Klojen,Kauman,Sekretariat Keuangan,PD Laksmiwati Nababan,863986560214255,false,145180050221127,true,13113,industri pemintalan benang jahit,13113,industri pemintalan benang jahit,2025-02-28,true,television,arashi,Televisions,7,7195319,2259563,48107670,5291843,0,53399513
Jawa Timur,Malang,Klojen,Kauman,Jawa Tengah,Solo,Banjarsari,Sragen,Badan Pendidikan,UD Sihombing Januar Tbk,201782007528027,false,962239564831012,true,26514,industri alat uji dalam proses industri,26514,industri alat uji dalam proses industri,2024-10-09,false,instant noodle or pasta,atom bulan,Plain pasta and noodles,8,6693674,1386989,52162403,5737864,0,57900267
DKI Jakarta,Jakarta Selatan,Cilandak,Cipete,Jawa Tengah,Solo,Banjarsari,Sragen,Dinas Kesehatan,PD Dongoran (Persero) Tbk,201517721971435,true,870917226878334,false,01217,pembibitan dan budidaya kambing perah,01217,pembibitan dan budidaya kambing perah,2025-06-01,true,air conditioner,aqua,Air conditioners,8,2723110,1445826,20339054,2237295,0,22576349
Jawa Timur,Malang,Klojen,Kauman,Jawa Timur,Malang,Klojen,Kauman,Direktorat Kesehatan,UD Kuswoyo Lestari,959110790648598,true,970613063222493,false,02011,pengusahaan hutan jati,02011,pengusahaan hutan jati,2024-10-01,false,hair shampoo,zinc,Shampoos,7,6657712,4480482,42123502,4633585,0,46757087
Jawa Tengah,Solo,Banjarsari,Sragen,Bali,Badung,Kuta,Legian,Badan Keuangan,PD Samosir Zulkarnain,787435292364188,false,186998490697469,true,52101,pergudangan,52101,pergudangan,2024-11-04,true,hair shampoo,ellips,Shampoos,8,3203622,185589,25443387,2798772,0,28242159
Jawa Tengah,Solo,Banjarsari,Sragen,Jawa Timur,Malang,Klojen,Kauman,Badan Keuangan,Perum Sitorus,860288182163301,false,393878991840881,false,52349,perdagangan eceran khusus bahan konstruksi lainnya di dalam bangunan,52349,perdagangan eceran khusus bahan konstruksi lainnya di dalam bangunan,2025-06-24,true,instant noodle or pasta,burung dara,Plain pasta and noodles,3,6730958,1430970,18761904,2063809,0,20825713
DKI Jakarta,Jakarta Pusat,Tanah Abang,Bendungan Hilir,DKI Jakarta,Jakarta Pusat,Tanah Abang,Bendungan Hilir,Badan Kesehatan,PT Wibowo,670799326912393,false,611937279509685,true,75124,pembinaan pelayanan kesejahteraan sosial,75124,pembinaan pelayanan kesejahteraan sosial,2025-07-03,false,bathing soap,kodomo,Soaps,7,7137653,457273,49506298,5445692,0,54951990
Jawa Timur,Malang,Klojen,Kauman,Bali,Badung,Kuta,Legian,Sekretariat Keuangan,PD Sitompul Sihotang,984385785482139,true,577458546649782,false,92331,kebun raya dan kebun binatang,92331,kebun raya dan kebun binatang,2025-05-08,true,domestic refrigerator,panasonik,Domestic refrigerators,3,166714,22093,478049,52585,0,530634
Bali,Badung,Kuta,Legian,Jawa Timur,Malang,Klojen,Kauman,Kementerian Pendidikan,Perum Riyanti Wastuti,651267074996924,false,156377317427507,false,67204,broker,67204,broker,2025-01-04,false,air conditioner,changhong,Air conditioners,7,5711668,2831139,37150537,4086559,0,41237096
DKI Jakarta,Jakarta Timur,Matraman,Pisangan Baru,Jawa Tengah,Solo,Banjarsari,Sragen,Badan Keuangan,UD Nasyidah Natsir (Persero) Tbk,140100546200365,true,924051139633117,true,26311,industri bata tahan api dan sejenisnya,26311,industri bata tahan api dan sejenisnya,2024-08-05,false,detergent and laundry products,vanish,Laundry products,4,2989932,176259,11783469,1296181,0,13079650
DKI Jakarta,Jakarta Selatan,Cilandak,Cipete,Jawa Timur,Malang,Klojen,Kauman,Sekretariat Kesehatan,PT Safitri Tbk,924934077628758,false,186170103411346,false,92429,jasa rekreasi lainnya,92429,jasa rekreasi lainnya,2025-02-14,false,television,panasonic,Televisions,1,2512063,159738,2352325,258755,0,2611080
DKI Jakarta,Jakarta Pusat,Tanah Abang,Bendungan Hilir,Jawa Tengah,Solo,Banjarsari,Sragen,Dinas Keuangan,Perum Mardhiyah,835095341867448,true,993564151008908,true,47743,perdagangan eceran barang perlengkapan pribadi bekas,47743,perdagangan eceran barang perlengkapan pribadi bekas,2025-04-15,false,water,aqua,Water,5,8674152,2044743,41326017,4545861,0,45871878
DKI Jakarta,Jakarta Timur,Jatinegara,Bali Mester,Jawa Timur,Malang,Klojen,Kauman,Sekretariat Pendidikan,CV Simanjuntak Tbk,548865333971828,true,420785430285907,false,31402,industri akumulator listrik (batu baterai sekunder),31402,industri akumulator listrik (batu baterai sekunder),2024-12-14,true,motorcycle,yamaha,Motorcycles,7,3525171,78512,24597685,2705745,0,27303430
Jawa Barat,Bandung,Coblong,Dago,Bali,Badung,Kuta,Legian,Dinas Pendidikan,UD Waluyo (Persero) Tbk,465478992254176,true,788358977183077,false,31102,industri mesin pembangkit listrik,31102,industri mesin pembangkit listrik,2025-01-02,false,television,denpoo,Televisions,10,7109261,5324859,65767751,7234452,0,73002203
Jawa Tengah,Solo,Banjarsari,Sragen,Jawa Tengah,Solo,Banjarsari,Sragen,Direktorat Kesehatan,CV Prastuti Mustofa Tbk,661797796537514,true,885568984262538,true,80122,jasa pendidikan sekolah dasar swasta,80122,jasa pendidikan sekolah dasar swasta,2025-05-30,false,edible vegetable oil,kunci mas,Edible vegetable or plant oils,5,6810181,135335,33915570,3730712,0,37646282
Bali,Badung,Kuta,Legian,DKI Jakarta,Jakarta Selatan,Cilandak,Cipete,Badan Keuangan,Perum Pratama Hakim,859420876583755,false,275526850431797,true,22121,industri pengasapan karet,22121,industri pengasapan karet,2024-12-30,false,air conditioner,modena,Air conditioners,10,7289885,3484568,69414282,7635571,0,77049853
DKI Jakarta,Jakarta Timur,Jatinegara,Bali Mester,Jawa Timur,Malang,Klojen,Kauman,Kementerian Perhubungan,UD Winarsih,337907766074502,true,425780015700085,true,10291,industri penggaraman/pengeringan biota air lainnya,10291,industri penggaraman/pengeringan biota air lainnya,2025-03-18,true,snack foods,cheetos,Snack foods,7,9278649,3426882,61523661,6767602,0,68291263
Jawa Barat,Bandung,Coblong,Dago,Jawa Tengah,Solo,Banjarsari,Sragen,Dinas Perhubungan,Perum Siregar Wacana (Persero) Tbk,952110751916988,false,606045607662750,true,07301,pertambangan emas dan perak,07301,pertambangan emas dan perak,2025-03-07,true,marketing and customer relationship management software,salesforce,Customer relationship management software maintenance,7,4888680,13997,34206763,3762743,0,37969506
Jawa Tengah,Solo,Banjarsari,Sragen,Jawa Timur,Malang,Klojen,Kauman,Dinas Pendidikan,PD Putra,352417886037975,true,797969164005982,true,92429,jasa rekreasi lainnya,92429,jasa rekreasi lainnya,2024-11-06,false,television,panasonic,Televisions,1,5502935,262081,5240854,576493,0,5817347
Bali,Badung,Kuta,Legian,DKI Jakarta,Jakarta Pusat,Tanah Abang,Bendungan Hilir,Direktorat Keuangan,PT Wacana (Persero) Tbk,297268875756798,false,902535844116246,true,46413,perdagangan besar alas kaki,46413,perdagangan besar alas kaki,2025-07-12,false,laundry washing machine,brother,Laundry type washing machines,3,4965420,135922,14760338,1623637,0,16383975
Jawa Barat,Bandung,Coblong,Dago,Bali,Badung,Kuta,Legian,Direktorat Pekerjaan Umum,PD Siregar Nugroho (Persero) Tbk,225153806741100,false,279318788211992,true,10802,industri konsentrat makanan hewan,10802,industri konsentrat makanan hewan,2025-03-02,false,motorcycle,viar,Motorcycles,2,165482,2118,328846,36173,0,365019
Jawa Timur,Malang,Klojen,Kauman,Jawa Timur,Malang,Klojen,Kauman,Direktorat Perhubungan,CV Prayoga,917438910819545,true,916446750017796,true,63210,pergudangan,63210,pergudangan,2024-08-27,false,edible vegetable oil,barco,Edible vegetable or plant oils,7,8632547,5278684,55149145,6066405,0,61215550
Jawa Timur,Malang,Klojen,Kauman,Jawa Barat,Bandung,Coblong,Dago,Badan Perhubungan,PD Pertiwi Usada (Persero) Tbk,482619981369115,true,373670647362538,false,26311,industri bata tahan api dan sejenisnya,26311,industri bata tahan api dan sejenisnya,2025-01-06,true,detergent and laundry products,vanish,Laundry products,5,1679498,346057,8051433,885657,0,8937090
DKI Jakarta,Jakarta Pusat,Tanah Abang,Bendungan Hilir,Jawa Tengah,Solo,Banjarsari,Sragen,Badan Perhubungan,Perum Wibowo,390394333411667,false,140246396612905,true,11050,industri air minum dan air mineral,11050,industri air minum dan air mineral,2025-03-11,true,domestic refrigerator,daikin,Domestic refrigerators,9,4889059,217604,43783927,4816231,0,48600158
Jawa Tengah,Solo,Banjarsari,Sragen,Jawa Barat,Bandung,Coblong,Dago,Badan Kesehatan,PD Wasita Tbk,244739088264603,true,429138837769764,false,92331,kebun raya dan kebun binatang,92331,kebun raya dan kebun binatang,2025-02-01,false,domestic refrigerator,panasonik,Domestic refrigerators,4,519840,55485,2023875,222626,0,2246501
Jawa Tengah,Solo,Banjarsari,Sragen,Jawa Tengah,Solo,Banjarsari,Sragen,Badan Kesehatan,PT Thamrin Zulaika,453864507705313,false,646340997413576,true,52213,perdagangan eceran khusus sayuran di dalam bangunan,52213,perdagangan eceran khusus sayuran di dalam bangunan,2025-02-24,false,instant noodle or pasta,pop mie,Plain pasta and noodles,3,8170146,1593300,22917138,2520885,0,25438023
DKI Jakarta,Jakarta Timur,Matraman,Pisangan Baru,Jawa Barat,Bandung,Coblong,Dago,Sekretariat Pendidikan,CV Sirait Anggriawan Tbk,321739068305011,false,617150564464566,true,01123,pertanian hortikultura bunga-bungaan,01123,pertanian hortikultura bunga-bungaan,2025-03-25,true,insurance service,bumiputera,Insurance law service,4,6149530,137743,24460377,2690641,0,27151018
DKI Jakarta,Jakarta Timur,Matraman,Pisangan Baru,Bali,Badung,Kuta,Legian,Sekretariat Pekerjaan Umum,Perum Usada,375497447266028,false,932531294970028,true,10214,industri pemindangan ikan,10214,industri pemindangan ikan,2024-12-21,true,feminine hygiene products,laureir,Feminine hygiene products,4,7701518,744198,30061874,3306806,0,33368680
Bali,Badung,Kuta,Legian,Jawa Barat,Bandung,Coblong,Dago,Kementerian Kesehatan,UD Firgantoro Yuniar,374651251152801,false,210640351574979,true,15493,industri kecap,15493,industri kecap,2025-01-01,false,freezer,electrolux,Upright cabinet freezer,2,3345478,501532,6189424,680836,0,6870260
Jawa Timur,Malang,Klojen,Kauman,DKI Jakarta,Jakarta Selatan,Cilandak,Cipete,Sekretariat Pendidikan,CV Yuliarti,583860629106141,true,975268991416655,true,92424,gelanggang permainan dan ketangkasan,92424,gelanggang permainan dan ketangkasan,2025-06-27,false,snack foods,wafello,Snack foods,1,4273626,395606,3878020,426582,0,4304602
Bali,Badung,Kuta,Legian,Jawa Tengah,Solo,Banjarsari,Sragen,Badan Pekerjaan Umum,PT Mansur Januar (Persero) Tbk,484091404888043,false,731930039506657,false,01223,pembibitan dan budidaya ayam buras,01223,pembibitan dan budidaya ayam buras,2025-04-21,false,water,prima,Water,2,3106477,511265,5701689,627185,0,6328874
Jawa Tengah,Solo,Banjarsari,Sragen,Jawa Barat,Bandung,Coblong,Dago,Kementerian Perhubungan,UD Hutapea,818193017068263,true,976839879801216,true,45227,bangunan dermaga,45227,bangunan dermaga,2024-10-11,true,fresh bread,jordan,Fresh bread,4,5203966,1052308,19763556,2173991,0,21937547
Jawa Tengah,Solo,Banjarsari,Sragen,Bali,Badung,Kuta,Legian,Dinas Kesehatan,Perum Mangunsong Sitompul,546125839654520,true,277828191802963,true,03232,jasa produksi budidaya ikan laut,03232,jasa produksi budidaya ikan laut,2025-02-04,false,detergent and laundry products,gentlegen,Laundry products,9,7998628,5481876,66505776,7315635,0,73821411
Jawa Timur,Malang,Klojen,Kauman,Jawa Timur,Malang,Klojen,Kauman,Badan Keuangan,Perum Purwanti Hutagalung,498494481884292,false,446794770828848,false,80122,jasa pendidikan sekolah dasar swasta,80122,jasa pendidikan sekolah dasar swasta,2025-06-25,false,edible vegetable oil,kunci mas,Edible vegetable or plant oils,7,145169,99906,916277,100790,0,1017067
DKI Jakarta,Jakarta Pusat,Tanah Abang,Bendungan Hilir,Jawa Timur,Malang,Klojen,Kauman,Dinas Keuangan,CV Suwarno,126660466070000,false,990494585440283,false,10214,industri pemindangan ikan,10214,industri pemindangan ikan,2025-05-27,false,feminine hygiene products,laureir,Feminine hygiene products,9,9444775,3346251,81656724,8982239,0,90638963
Bali,Badung,Kuta,Legian,DKI Jakarta,Jakarta Selatan,Cilandak,Cipete,Direktorat Pekerjaan Umum,CV Saefullah Nainggolan,979583729985307,false,895436141827927,false,52349,perdagangan eceran khusus bahan konstruksi lainnya di dalam bangunan,52349,perdagangan eceran khusus bahan konstruksi lainnya di dalam bangunan,2025-03-06,true,instant noodle or pasta,burung dara,Plain pasta and noodles,5,9883367,3145887,46270948,5089804,0,51360752
DKI Jakarta,Jakarta Barat,Grogol,Tanjung Duren,Bali,Badung,Kuta,Legian,Kementerian Perhubungan,Perum Mulyani Tbk,183304111184968,false,972848925680406,false,15494,industri tempe,15494,industri tempe,2025-02-28,true,diesel power generator,general power,Diesel generators,3,9945341,1253491,28582532,3144078,0,31726610
Jawa Barat,Bandung,Coblong,Dago,Jawa Tengah,Solo,Banjarsari,Sragen,Dinas Pendidikan,UD Usamah (Persero) Tbk,984848607091415,false,601973326486758,true,26514,industri alat uji dalam proses industri,26514,industri alat uji dalam proses industri,2025-03-06,true,instant noodle or pasta,atom bulan,Plain pasta and noodles,6,7907213,1909937,45533341,5008667,0,50542008
Jawa Tengah,Solo,Banjarsari,Sragen,Jawa Tengah,Solo,Banjarsari,Sragen,Direktorat Perhubungan,PT Anggraini Wacana,998577966689626,true,694925261987280,true,01217,pembibitan dan budidaya kambing perah,01217,pembibitan dan budidaya kambing perah,2025-01-30,false,air conditioner,aqua,Air conditioners,1,9541115,458444,9082671,999093,0,10081764
Bali,Badung,Kuta,Legian,Bali,Badung,Kuta,Legian,Sekretariat Pendidikan,PT Wibowo Tbk,728581237979586,true,278144642438465,true,36992,industri pita mesin tulis/gambar,36992,industri pita mesin tulis/gambar,2025-04-13,false,facial care products,biore,Facial care products,10,3252560,3153728,29371872,3230905,0,32602777
Jawa Timur,Malang,Klojen,Kauman,Jawa Barat,Bandung,Coblong,Dago,Sekretariat Keuangan,Perum Latupono,694154840944102,false,124188780774721,false,52101,pergudangan,52101,pergudangan,2024-09-03,false,hair shampoo,ellips,Shampoos,1,6592233,19788,6572445,722968,0,7295413
Jawa Barat,Bandung,Coblong,Dago,Jawa Tengah,Solo,Banjarsari,Sragen,Dinas Pekerjaan Umum,CV Mandala Kuswoyo,499298493950629,true,970311509118240,true,01123,pertanian hortikultura bunga-bungaan,01123,pertanian hortikultura bunga-bungaan,2024-11-17,true,insurance service,bumiputera,Insurance law service,5,3096519,211595,15271000,1679810,0,16950810
Bali,Badung,Kuta,Legian,DKI Jakarta,Jakarta Timur,Jatinegara,Bali Mester,Dinas Kesehatan,Perum Wijayanti Palastri (Persero) Tbk,283847376177606,false,405208927349221,true,10802,industri konsentrat makanan hewan,10802,industri konsentrat makanan hewan,2025-03-27,true,motorcycle,viar,Motorcycles,6,507958,71991,2975757,327333,0,3303090
DKI Jakarta,Jakarta Pusat,Tanah Abang,Bendungan Hilir,Jawa Barat,Bandung,Coblong,Dago,Direktorat Perhubungan,CV Ramadan Pradipta,331521065233470,false,204540039349389,true,13113,industri pemintalan benang jahit,13113,industri pemintalan benang jahit,2025-05-29,true,television,arashi,Televisions,3,3567141,252409,10449014,1149391,0,11598405
Bali,Badung,Kuta,Legian,Jawa Barat,Bandung,Coblong,Dago,Direktorat Keuangan,PT Iswahyudi,226093834877258,false,108169097141234,false,52213,perdagangan eceran khusus sayuran di dalam bangunan,52213,perdagangan eceran khusus sayuran di dalam bangunan,2025-01-07,false,instant noodle or pasta,pop mie,Plain pasta and noodles,7,1728829,743820,11357983,1249378,0,12607361
Jawa Tengah,Solo,Banjarsari,Sragen,Jawa Barat,Bandung,Coblong,Dago,Kementerian Keuangan,PT Samosir (Persero) Tbk,828863378831663,false,258454423311821,true,52101,pergudangan,52101,pergudangan,2024-08-21,true,hair shampoo,ellips,Shampoos,10,205591,33540,2022370,222460,0,2244830
Jawa Barat,Bandung,Coblong,Dago,DKI Jakarta,Jakarta Selatan,Cilandak,Cipete,Sekretariat Perhubungan,PD Hassanah,277312670715620,false,296624343349113,true,75124,pembinaan pelayanan kesejahteraan sosial,75124,pembinaan pelayanan kesejahteraan sosial,2024-08-23,true,bathing soap,kodomo,Soaps,6,1885286,340522,10971194,1206831,0,12178025
Jawa Timur,Malang,Klojen,Kauman,Jawa Tengah,Solo,Banjarsari,Sragen,Kementerian Keuangan,UD Pratama (Persero) Tbk,138532172404543,true,558981308902797,true,10802,industri konsentrat makanan hewan,10802,industri konsentrat makanan hewan,2025-07-28,false,motorcycle,viar,Motorcycles,10,8861471,2847768,85766942,9434363,0,95201305
DKI Jakarta,Jakarta Barat,Grogol,Tanjung Duren,DKI Jakarta,Jakarta Pusat,Tanah Abang,Bendungan Hilir,Direktorat Perhubungan,Perum Astuti Oktaviani (Persero) Tbk,567335320047261,false,100814484091370,false,80122,jasa pendidikan sekolah dasar swasta,80122,jasa pendidikan sekolah dasar swasta,2025-03-06,false,edible vegetable oil,kunci mas,Edible vegetable or plant oils,8,4359422,537703,34337673,3777144,0,38114817
Bali,Badung,Kuta,Legian,Jawa Timur,Malang,Klojen,Kauman,Sekretariat Kesehatan,UD Sudiati,353949143753748,true,206724539327327,false,36992,industri pita mesin tulis/gambar,36992,industri pita mesin tulis/gambar,2024-08-23,false,facial care products,biore,Facial care products,10,1815436,523824,17630536,1939358,0,19569894
Jawa Tengah,Solo,Banjarsari,Sragen,Jawa Timur,Malang,Klojen,Kauman,Direktorat Keuangan,Perum Januar Tbk,263503654864352,true,533507369079134,true,92331,kebun raya dan kebun binatang,92331,kebun raya dan kebun binatang,2025-01-03,true,domestic refrigerator,panasonik,Domestic refrigerators,3,290278,18737,852097,93730,0,945827
DKI Jakarta,Jakarta Selatan,Cilandak,Cipete,Jawa Tengah,Solo,Banjarsari,Sragen,Badan Kesehatan,UD Sudiati Nasyidah,556729301318141,false,341888231784957,false,45227,bangunan dermaga,45227,bangunan dermaga,2024-10-29,false,fresh bread,jordan,Fresh bread,9,7429676,988338,65878746,7246662,0,73125408
Jawa Tengah,Solo,Banjarsari,Sragen,Jawa Tengah,Solo,Banjarsari,Sragen,Kementerian Keuangan,CV Hutasoit Susanti Tbk,684423773150801,false,980399847292024,false,26412,industri kapur,26412,industri kapur,2025-06-16,false,baby diapers,mamy  poko,Infant diapers,1,9165376,132359,9033017,993631,0,10026648
Jawa Barat,Bandung,Coblong,Dago,Bali,Badung,Kuta,Legian,Badan Perhubungan,CV Zulaika Kusmawati,722956814824297,true,668271296266561,true,02011,pengusahaan hutan jati,02011,pengusahaan hutan jati,2025-06-26,false,hair shampoo,zinc,Shampoos,9,3319510,594368,29281222,3220934,0,32502156
Jawa Barat,Bandung,Coblong,Dago,Bali,Badung,Kuta,Legian,Sekretariat Kesehatan,Perum Novitasari Ramadan Tbk,697709111613907,true,278736672368571,true,63210,pergudangan,63210,pergudangan,2025-03-05,true,edible vegetable oil,barco,Edible vegetable or plant oils,10,3845970,3536799,34922901,3841519,0,38764420
Jawa Barat,Bandung,Coblong,Dago,DKI Jakarta,Jakarta Pusat,Tanah Abang,Bendungan Hilir,Sekretariat Perhubungan,PD Siregar Siregar (Persero) Tbk,636544038121573,false,253258700664555,false,49425,angkutan darat lainnya untuk wisata,49425,angkutan darat lainnya untuk wisata,2024-10-08,true,fresh bread,arnon,Fresh bread,2,4266604,742749,7790459,856950,0,8647409
Jawa Tengah,Solo,Banjarsari,Sragen,Jawa Timur,Malang,Klojen,Kauman,Dinas Kesehatan,PD Saragih Januar Tbk,985310404178163,true,571761982704961,false,55114,hotel bintang dua,55114,hotel bintang dua,2024-12-17,true,ecommerce advertising,goads,Advertising,4,5928859,295831,23419605,2576156,0,25995761
Jawa Tengah,Solo,Banjarsari,Sragen,Bali,Badung,Kuta,Legian,Dinas Keuangan,PT Suwarno Tbk,468700439243803,true,232060094298913,false,92331,kebun raya dan kebun binatang,92331,kebun raya dan kebun binatang,2025-06-06,true,domestic refrigerator,panasonik,Domestic refrigerators,10,7953903,1947676,77591354,8535048,0,86126402
Jawa Timur,Malang,Klojen,Kauman,Jawa Barat,Bandung,Coblong,Dago,Kementerian Perhubungan,CV Yuliarti Hasanah,227041934807969,false,758626474178996,true,22121,industri pengasapan karet,22121,industri pengasapan karet,2025-01-20,false,air conditioner,modena,Air conditioners,5,3818723,1096473,17997142,1979685,0,19976827
DKI Jakarta,Jakarta Timur,Matraman,Pisangan Baru,Jawa Timur,Malang,Klojen,Kauman,Badan Keuangan,CV Nasyidah (Persero) Tbk,383355763210621,false,850951064264922,false,47895,"perdagangan eceran kaki lima dan los pasar pakaian, alas kaki, perlengkapan pakaian dan barang perlengkapan pribadi bekas",47895,"perdagangan eceran kaki lima dan los pasar pakaian, alas kaki, perlengkapan pakaian dan barang perlengkapan pribadi bekas",2024-10-26,false,ecommerce advertising,bliklan,Advertising,2,266864,6627,527101,57981,0,585082
Jawa Timur,Malang,Klojen,Kauman,Bali,Badung,Kuta,Legian,Direktorat Pekerjaan Umum,PD Purwanti (Persero) Tbk,523138312354370,false,777411012683115,true,45311,instalasi air (plumbing),45311,instalasi air (plumbing),2025-04-16,true,electric fan,maspion,Domestic electric fan,10,1642385,246359,16177491,1779524,0,17957015
Jawa Barat,Bandung,Coblong,Dago,DKI Jakarta,Jakarta Timur,Jatinegara,Bali Mester,Sekretariat Pekerjaan Umum,CV Simanjuntak,807199888453583,false,343236992999785,true,10291,industri penggaraman/pengeringan biota air lainnya,10291,industri penggaraman/pengeringan biota air lainnya,2024-09-12,true,snack foods,cheetos,Snack foods,6,1707659,306474,9939480,1093342,0,11032822
DKI Jakarta,Jakarta Pusat,Tanah Abang,Bendungan Hilir,Jawa Tengah,Solo,Banjarsari,Sragen,Direktorat Pendidikan,PT Jailani,615891390529185,false,993562657157901,true,01223,pembibitan dan budidaya ayam buras,01223,pembibitan dan budidaya ayam buras,2024-11-27,true,water,prima,Water,9,9231796,5438224,77647940,8541273,0,86189213
Jawa Timur,Malang,Klojen,Kauman,DKI Jakarta,Jakarta Timur,Jatinegara,Bali Mester,Badan Keuangan,CV Astuti Tbk,201819595430543,false,800085308215108,false,36992,industri pita mesin tulis/gambar,36992,industri pita mesin tulis/gambar,2025-06-28,true,facial care products,biore,Facial care products,7,3441499,1110150,22980343,2527837,0,25508180
Jawa Timur,Malang,Klojen,Kauman,Jawa Tengah,Solo,Banjarsari,Sragen,Kementerian Pendidikan,PT Winarno (Persero) Tbk,755099291897787,false,669842984360634,false,67204,broker,67204,broker,2025-01-09,true,air conditioner,changhong,Air conditioners,7,1323983,208267,9059614,996557,0,10056171
DKI Jakarta,Jakarta Pusat,Tanah Abang,Bendungan Hilir,Jawa Tengah,Solo,Banjarsari,Sragen,Direktorat Pendidikan,UD Laksmiwati,430917774731466,true,598251531689782,true,10802,industri konsentrat makanan hewan,10802,industri konsentrat makanan hewan,2024-09-28,true,motorcycle,viar,Motorcycles,9,2650666,1148351,22707643,2497840,0,25205483
Jawa Timur,Malang,Klojen,Kauman,Jawa Barat,Bandung,Coblong,Dago,Kementerian Keuangan,PT Usamah Waluyo,644119151295430,false,726362630954394,true,10802,industri konsentrat makanan hewan,10802,industri konsentrat makanan hewan,2025-01-30,false,motorcycle,viar,Motorcycles,3,8750184,2436452,23814100,2619551,0,26433651
Bali,Badung,Kuta,Legian,Jawa Tengah,Solo,Banjarsari,Sragen,Dinas Keuangan,PT Wibisono Utami Tbk,502028439642443,true,880472687097130,true,10214,industri pemindangan ikan,10214,industri pemindangan ikan,2025-01-01,false,feminine hygiene products,laureir,Feminine hygiene products,4,9080763,2428327,33894725,3728419,0,37623144
DKI Jakarta,Jakarta Pusat,Tanah Abang,Bendungan Hilir,Bali,Badung,Kuta,Legian,Direktorat Keuangan,UD Pangestu Pudjiastuti (Persero) Tbk,618179442826312,false,765477252913885,false,16295,industri kayu bakar dan pelet kayu,16295,industri kayu bakar dan pelet kayu,2024-12-11,true,social media advertising,fb,Online and social media publicity service,3,421031,73394,1189699,130866,0,1320565
Bali,Badung,Kuta,Legian,Jawa Barat,Bandung,Coblong,Dago,Badan Pekerjaan Umum,UD Melani,919389121358754,true,772994375453151,false,49425,angkutan darat lainnya untuk wisata,49425,angkutan darat lainnya untuk wisata,2025-02-09,false,fresh bread,arnon,Fresh bread,3,6697905,451315,19642400,2160664,0,21803064
Jawa Timur,Malang,Klojen,Kauman,Jawa Barat,Bandung,Coblong,Dago,Kementerian Pekerjaan Umum,PD Sinaga Saputra (Persero) Tbk,901767542456461,false,234752827013251,true,22121,industri pengasapan karet,22121,industri pengasapan karet,2024-11-29,true,air conditioner,modena,Air conditioners,9,6990926,6126874,56791460,6247060,0,63038520
Jawa Barat,Bandung,Coblong,Dago,DKI Jakarta,Jakarta Pusat,Tanah Abang,Bendungan Hilir,Kementerian Pendidikan,Perum Prasetya Hardiansyah Tbk,554364358947566,false,558890647885621,false,80122,jasa pendidikan sekolah dasar swasta,80122,jasa pendidikan sekolah dasar swasta,2025-06-17,false,edible vegetable oil,kunci mas,Edible vegetable or plant oils,3,5809540,383757,17044863,1874934,0,18919797
Jawa Tengah,Solo,Banjarsari,Sragen,Jawa Tengah,Solo,Banjarsari,Sragen,Badan Perhubungan,Perum Lailasari Tbk,355173458591717,false,828714154517608,true,02011,pengusahaan hutan jati,02011,pengusahaan hutan jati,2025-01-29,false,hair shampoo,zinc,Shampoos,8,1627526,1098629,11921579,1311373,0,13232952
DKI Jakarta,Jakarta Barat,Grogol,Tanjung Duren,DKI Jakarta,Jakarta Selatan,Cilandak,Cipete,Kementerian Keuangan,PD Pudjiastuti Marbun,444823101863147,true,734291800087106,false,10612,"industri pengupasan, pembersihan dan sortasi kopi",10612,"industri pengupasan, pembersihan dan sortasi kopi",2025-04-12,true,social media advertising,ig,Online and social media publicity service,3,3212204,667399,8969213,986613,0,9955826
Jawa Timur,Malang,Klojen,Kauman,DKI Jakarta,Jakarta Selatan,Cilandak,Cipete,Direktorat Kesehatan,PT Prasasta (Persero) Tbk,267591802850218,false,800401922111674,true,36992,industri pita mesin tulis/gambar,36992,industri pita mesin tulis/gambar,2025-03-09,true,facial care products,biore,Facial care products,5,4939399,452040,24244955,2666945,0,26911900
Jawa Barat,Bandung,Coblong,Dago,Jawa Barat,Bandung,Coblong,Dago,Sekretariat Perhubungan,UD Maryadi (Persero) Tbk,604331312321659,true,724267778605444,true,24202,industri pembuatan logam dasar bukan besi,24202,industri pembuatan logam dasar bukan besi,2024-12-03,false,taxicab service,blue bird,Taxicab services,4,6185319,592996,24148280,2656310,0,26804590
Jawa Timur,Malang,Klojen,Kauman,Jawa Tengah,Solo,Banjarsari,Sragen,Sekretariat Pendidikan,PD Hutasoit,837242576057896,false,693731605503488,false,03125,penangkapan/pengambilan induk/benih ikan di perairan umum,03125,penangkapan/pengambilan induk/benih ikan di perairan umum,2024-11-25,true,tablet computers,realme,Tablet computers,5,5424017,568226,26551859,2920704,0,29472563
Jawa Barat,Bandung,Coblong,Dago,Jawa Timur,Malang,Klojen,Kauman,Kementerian Perhubungan,PT Nababan Januar (Persero) Tbk,461993176653317,false,537758570193865,false,49425,angkutan darat lainnya untuk wisata,49425,angkutan darat lainnya untuk wisata,2024-11-22,false,fresh bread,arnon,Fresh bread,5,974685,276588,4596837,505652,0,5102489
Jawa Barat,Bandung,Coblong,Dago,Jawa Tengah,Solo,Banjarsari,Sragen,Badan Perhubungan,CV Oktaviani,496052627746438,true,931520416581755,true,15493,industri kecap,15493,industri kecap,2025-07-06,false,freezer,electrolux,Upright cabinet freezer,1,3648598,51721,3596877,395656,0,3992533
Jawa Barat,Bandung,Coblong,Dago,Jawa Barat,Bandung,Coblong,Dago,Kementerian Perhubungan,Perum Farida (Persero) Tbk,230977988596973,false,842635237672705,false,01217,pembibitan dan budidaya kambing perah,01217,pembibitan dan budidaya kambing perah,2025-03-15,true,air conditioner,aqua,Air conditioners,7,3881443,1559374,25610727,2817179,0,28427906
DKI Jakarta,Jakarta Selatan,Cilandak,Cipete,Bali,Badung,Kuta,Legian,Dinas Keuangan,CV Sitompul (Persero) Tbk,877188974628345,true,524610833386790,false,10214,industri pemindangan ikan,10214,industri pemindangan ikan,2024-09-02,true,feminine hygiene products,laureir,Feminine hygiene products,8,4301774,2517126,31897066,3508677,0,35405743
Jawa Timur,Malang,Klojen,Kauman,Jawa Barat,Bandung,Coblong,Dago,Dinas Perhubungan,PT Uyainah (Persero) Tbk,306442183666229,false,388792484690735,false,01123,pertanian hortikultura bunga-bungaan,01123,pertanian hortikultura bunga-bungaan,2025-04-15,false,insurance service,bumiputera,Insurance law service,9,4855648,2388277,41312555,4544381,0,45856936
Jawa Tengah,Solo,Banjarsari,Sragen,Jawa Barat,Bandung,Coblong,Dago,Dinas Pekerjaan Umum,UD Yolanda Najmudin,140192284879717,false,223108704120590,true,80122,jasa pendidikan sekolah dasar swasta,80122,jasa pendidikan sekolah dasar swasta,2024-11-28,true,edible vegetable oil,kunci mas,Edible vegetable or plant oils,1,6560631,193439,6367192,700391,0,7067583
DKI Jakarta,Jakarta Selatan,Cilandak,Cipete,Jawa Timur,Malang,Klojen,Kauman,Sekretariat Kesehatan,Perum Tamba,336926581842980,false,740409876543392,true,63460,jasa konsultasi pariwisata,63460,jasa konsultasi pariwisata,2025-01-17,true,accounting software,accurate online,Accounting software,6,4257762,736222,24810350,2729138,0,27539488
Jawa Timur,Malang,Klojen,Kauman,Jawa Timur,Malang,Klojen,Kauman,Dinas Kesehatan,UD Tampubolon Pradana Tbk,318805507789467,false,911979278351636,false,24202,industri pembuatan logam dasar bukan besi,24202,industri pembuatan logam dasar bukan besi,2025-06-02,true,taxicab service,blue bird,Taxicab services,8,1214051,884392,8828016,971081,0,9799097
Bali,Badung,Kuta,Legian,Bali,Badung,Kuta,Legian,Kementerian Perhubungan,UD Nasyidah Tbk,701538164604837,true,911193130003135,true,67123,manager investasi,67123,manager investasi,2025-07-13,false,laptop notebook computers,apple,Notebook computers,6,694748,75228,4093260,450258,0,4543518
Jawa Barat,Bandung,Coblong,Dago,Bali,Badung,Kuta,Legian,Dinas Pendidikan,PT Narpati Tarihoran,714272938451252,true,830552547224959,false,47895,"perdagangan eceran kaki lima dan los pasar pakaian, alas kaki, perlengkapan pakaian dan barang perlengkapan pribadi bekas",47895,"perdagangan eceran kaki lima dan los pasar pakaian, alas kaki, perlengkapan pakaian dan barang perlengkapan pribadi bekas",2025-01-03,false,ecommerce advertising,bliklan,Advertising,5,6538875,1886057,30808318,3388914,0,34197232
Jawa Barat,Bandung,Coblong,Dago,Jawa Timur,Malang,Klojen,Kauman,Sekretariat Keuangan,UD Melani,262586948374870,false,923008664521317,true,26412,industri kapur,26412,industri kapur,2025-07-01,false,baby diapers,mamy  poko,Infant diapers,5,2739667,771915,12926420,1421906,0,14348326
DKI Jakarta,Jakarta Pusat,Tanah Abang,Bendungan Hilir,DKI Jakarta,Jakarta Pusat,Tanah Abang,Bendungan Hilir,Direktorat Kesehatan,PD Suwarno Wijaya,805378972277806,false,574161837376014,false,45227,bangunan dermaga,45227,bangunan dermaga,2025-04-02,false,fresh bread,jordan,Fresh bread,8,7497286,3258494,56719794,6239177,0,62958971
Jawa Tengah,Solo,Banjarsari,Sragen,Jawa Barat,Bandung,Coblong,Dago,Dinas Pekerjaan Umum,PD Tampubolon Wahyuni,921128484660954,false,621717839404800,false,28222,industri mesin dan perkakas mesin untuk pengerjaan kayu,28222,industri mesin dan perkakas mesin untuk pengerjaan kayu,2025-07-15,false,feminine hygiene products,softex,Feminine hygiene products,5,3632165,823823,17337002,1907070,0,19244072
Jawa Timur,Malang,Klojen,Kauman,Bali,Badung,Kuta,Legian,Dinas Keuangan,PD Mustofa,842699302830681,false,682654993316317,false,47895,"perdagangan eceran kaki lima dan los pasar pakaian, alas kaki, perlengkapan pakaian dan barang perlengkapan pribadi bekas",47895,"perdagangan eceran kaki lima dan los pasar pakaian, alas kaki, perlengkapan pakaian dan barang perlengkapan pribadi bekas",2024-09-15,true,ecommerce advertising,bliklan,Advertising,8,449891,108240,3490888,383997,0,3874885
Bali,Badung,Kuta,Legian,Jawa Timur,Malang,Klojen,Kauman,Badan Perhubungan,Perum Usamah,246994132424278,false,787200420458671,true,50228,angkutan penyeberangan umum dalam kabupaten/kota untuk barang,50228,angkutan penyeberangan umum dalam kabupaten/kota untuk barang,2025-03-08,true,inkjet printer,toshiba,Inkjet printers,2,1488647,11254,2966040,326264,0,3292304
DKI Jakarta,Jakarta Timur,Matraman,Pisangan Baru,Jawa Tengah,Solo,Banjarsari,Sragen,Badan Pendidikan,Perum Saptono Narpati,801696135766995,false,602845443439825,false,01123,pertanian hortikultura bunga-bungaan,01123,pertanian hortikultura bunga-bungaan,2025-01-05,false,insurance service,bumiputera,Insurance law service,3,4911048,635941,14097203,1550692,0,15647895
Bali,Badung,Kuta,Legian,Jawa Timur,Malang,Klojen,Kauman,Sekretariat Pekerjaan Umum,PD Laksita Riyanti Tbk,628687404504571,false,380791663097429,true,02011,pengusahaan hutan jati,02011,pengusahaan hutan jati,2025-05-10,true,hair shampoo,zinc,Shampoos,8,1678546,82582,13345786,1468036,0,14813822
Jawa Timur,Malang,Klojen,Kauman,Jawa Barat,Bandung,Coblong,Dago,Sekretariat Pekerjaan Umum,Perum Melani Tbk,603650120935103,true,653681286421857,false,08992,penggalian batu bahan industri,08992,penggalian batu bahan industri,2024-09-03,false,soft drinks,lasegar,Soft drinks,2,6257035,144472,12369598,1360655,0,13730253
Jawa Barat,Bandung,Coblong,Dago,DKI Jakarta,Jakarta Selatan,Cilandak,Cipete,Kementerian Keuangan,Perum Pudjiastuti Hidayat (Persero) Tbk,657039216497966,true,570331519099917,true,01223,pembibitan dan budidaya ayam buras,01223,pembibitan dan budidaya ayam buras,2024-12-05,false,water,prima,Water,5,3271613,1076725,15281340,1680947,0,16962287
Bali,Badung,Kuta,Legian,Jawa Barat,Bandung,Coblong,Dago,Badan Perhubungan,CV Natsir (Persero) Tbk,587461591708073,false,407184824700594,false,01702,penangkaran satwa liar,01702,penangkaran satwa liar,2025-04-04,true,bathing soap,lifebuoy,Soaps,6,9298844,263182,55529882,6108287,0,61638169
Bali,Badung,Kuta,Legian,Jawa Timur,Malang,Klojen,Kauman,Direktorat Pendidikan,UD Pudjiastuti Wahyuni,856497050921400,false,522374371830078,false,16295,industri kayu bakar dan pelet kayu,16295,industri kayu bakar dan pelet kayu,2024-10-27,false,social media advertising,fb,Online and social media publicity service,9,7172166,3415799,61133695,6724706,0,67858401
Jawa Tengah,Solo,Banjarsari,Sragen,Bali,Badung,Kuta,Legian,Badan Pendidikan,PD Kusmawati Mangunsong (Persero) Tbk,606513711024532,true,850102317866720,false,67204,broker,67204,broker,2024-09-20,true,air conditioner,changhong,Air conditioners,1,2206305,211347,1994958,219445,0,2214403
DKI Jakarta,Jakarta Selatan,Cilandak,Cipete,Jawa Tengah,Solo,Banjarsari,Sragen,Kementerian Pendidikan,UD Gunawan Rajasa,914145452121152,true,795200195177291,true,10291,industri penggaraman/pengeringan biota air lainnya,10291,industri penggaraman/pengeringan biota air lainnya,2024-08-13,true,snack foods,cheetos,Snack foods,10,7780320,5293236,72509964,7976096,0,80486060
DKI Jakarta,Jakarta Barat,Grogol,Tanjung Duren,Jawa Barat,Bandung,Coblong,Dago,Kementerian Pendidikan,CV Nuraini Zulaika,991254818149535,true,156290744265283,true,24115,"industri kimia dasar organik, yang bersumber dari hasil pertanian",24115,"industri kimia dasar organik, yang bersumber dari hasil pertanian",2024-10-21,false,diesel power generator,lovol,Diesel generators,6,8930742,1615969,51968483,5716533,0,57685016
Jawa Barat,Bandung,Coblong,Dago,Jawa Tengah,Solo,Banjarsari,Sragen,Sekretariat Pendidikan,PT Zulkarnain (Persero) Tbk,297989744111303,true,262007297105080,true,47822,"perdagangan eceran kaki lima dan los pasar roti, kue kering, kue basah dan sejenisnya",47822,"perdagangan eceran kaki lima dan los pasar roti, kue kering, kue basah dan sejenisnya",2025-07-11,true,snack foods,dk,Snack foods,2,3207447,196134,6218760,684063,0,6902823
Jawa Barat,Bandung,Coblong,Dago,Bali,Badung,Kuta,Legian,Direktorat Keuangan,PD Prasetya Widodo Tbk,488165505408847,true,107862068850225,false,36992,industri pita mesin tulis/gambar,36992,industri pita mesin tulis/gambar,2025-04-22,false,facial care products,biore,Facial care products,3,1134703,32306,3371803,370898,0,3742701
Jawa Timur,Malang,Klojen,Kauman,DKI Jakarta,Jakarta Pusat,Tanah Abang,Bendungan Hilir,Badan Pekerjaan Umum,Perum Siregar,506990733649039,true,395479014795868,false,10802,industri konsentrat makanan hewan,10802,industri konsentrat makanan hewan,2025-04-16,false,motorcycle,viar,Motorcycles,6,8110593,3107504,45556054,5011165,0,50567219
Jawa Tengah,Solo,Banjarsari,Sragen,Jawa Barat,Bandung,Coblong,Dago,Direktorat Perhubungan,Perum Nuraini (Persero) Tbk,619763541755103,false,996501079799134,false,30001,industri mesin kantor dan akuntansi manual,30001,industri mesin kantor dan akuntansi manual,2024-10-24,false,freezer,sanken,Upright cabinet freezer,8,7636261,1280813,59809275,6579020,0,66388295
Jawa Timur,Malang,Klojen,Kauman,Jawa Tengah,Solo,Banjarsari,Sragen,Badan Pendidikan,PT Mandala Setiawan Tbk,991010011077726,true,767584595392521,true,47895,"perdagangan eceran kaki lima dan los pasar pakaian, alas kaki, perlengkapan pakaian dan barang perlengkapan pribadi bekas",47895,"perdagangan eceran kaki lima dan los pasar pakaian, alas kaki, perlengkapan pakaian dan barang perlengkapan pribadi bekas",2025-04-11,true,ecommerce advertising,bliklan,Advertising,2,324967,25643,624291,68672,0,692963
Jawa Barat,Bandung,Coblong,Dago,DKI Jakarta,Jakarta Pusat,Tanah Abang,Bendungan Hilir,Badan Pekerjaan Umum,CV Putra,356410740153043,true,783224012262127,false,47822,"perdagangan eceran kaki lima dan los pasar roti, kue kering, kue basah dan sejenisnya",47822,"perdagangan eceran kaki lima dan los pasar roti, kue kering, kue basah dan sejenisnya",2025-07-02,false,snack foods,dk,Snack foods,7,2731345,1022030,18097385,1990712,0,20088097
DKI Jakarta,Jakarta Timur,Matraman,Pisangan Baru,Jawa Tengah,Solo,Banjarsari,Sragen,Dinas Pekerjaan Umum,PT Sinaga,656455719508285,true,652261568011490,true,10794,"industri kerupuk, keripik, peyek dan sejenisnya",10794,"industri kerupuk, keripik, peyek dan sejenisnya",2024-11-18,false,water,eternal plus,Water,3,5730438,1322168,15869146,1745606,0,17614752
Bali,Badung,Kuta,Legian,Bali,Badung,Kuta,Legian,Dinas Keuangan,CV Rajasa,171070857612927,true,516592273061807,false,03232,jasa produksi budidaya ikan laut,03232,jasa produksi budidaya ikan laut,2024-12-25,true,detergent and laundry products,gentlegen,Laundry products,4,5522738,979111,21111841,2322302,0,23434143
Jawa Timur,Malang,Klojen,Kauman,Jawa Barat,Bandung,Coblong,Dago,Sekretariat Pekerjaan Umum,PT Situmorang Iswahyudi (Persero) Tbk,380460589861459,false,628893282110598,true,07301,pertambangan emas dan perak,07301,pertambangan emas dan perak,2024-09-08,false,marketing and customer relationship management software,salesforce,Customer relationship management software maintenance,9,1653610,805606,14076884,1548457,0,15625341
Jawa Barat,Bandung,Coblong,Dago,Jawa Timur,Malang,Klojen,Kauman,Direktorat Kesehatan,UD Marbun Tbk,966882417683959,false,261098690958326,false,49425,angkutan darat lainnya untuk wisata,49425,angkutan darat lainnya untuk wisata,2024-12-01,true,fresh bread,arnon,Fresh bread,8,4187020,936727,32559433,3581537,0,36140970
DKI Jakarta,Jakarta Timur,Jatinegara,Bali Mester,Bali,Badung,Kuta,Legian,Direktorat Keuangan,UD Sihombing Waluyo Tbk,325247568306064,true,781261689174357,true,45227,bangunan dermaga,45227,bangunan dermaga,2025-05-05,false,fresh bread,jordan,Fresh bread,1,3320602,274465,3046137,335075,0,3381212
Jawa Tengah,Solo,Banjarsari,Sragen,DKI Jakarta,Jakarta Timur,Jatinegara,Bali Mester,Dinas Keuangan,PT Anggraini Rahayu,132448586513939,false,515040207737135,false,13101,pertambangan pasir besi,13101,pertambangan pasir besi,2025-02-03,true,water dispenser,changhong,Hot water dispenser,8,6459222,4657895,47015881,5171746,0,52187627
Bali,Badung,Kuta,Legian,Jawa Tengah,Solo,Banjarsari,Sragen,Sekretariat Perhubungan,Perum Simbolon Napitupulu,283409211487925,true,239513495502389,true,80122,jasa pendidikan sekolah dasar swasta,80122,jasa pendidikan sekolah dasar swasta,2024-10-30,false,edible vegetable oil,kunci mas,Edible vegetable or plant oils,9,8054435,3093903,69396012,7633561,0,77029573
Jawa Tengah,Solo,Banjarsari,Sragen,Jawa Tengah,Solo,Banjarsari,Sragen,Sekretariat Pendidikan,CV Nugroho Tbk,418526128937001,false,951733098808495,true,47895,"perdagangan eceran kaki lima dan los pasar pakaian, alas kaki, perlengkapan pakaian dan barang perlengkapan pribadi bekas",47895,"perdagangan eceran kaki lima dan los pasar pakaian, alas kaki, perlengkapan pakaian dan barang perlengkapan pribadi bekas",2024-12-25,true,ecommerce advertising,bliklan,Advertising,3,8382850,267923,24880627,2736868,0,27617495
Jawa Barat,Bandung,Coblong,Dago,Jawa Barat,Bandung,Coblong,Dago,Badan Pendidikan,PT Astuti Waluyo (Persero) Tbk,486828001797222,true,550990861030315,true,10802,industri konsentrat makanan hewan,10802,industri konsentrat makanan hewan,2025-03-31,false,motorcycle,viar,Motorcycles,7,2650200,1149443,17401957,1914215,0,19316172
Jawa Barat,Bandung,Coblong,Dago,Jawa Tengah,Solo,Banjarsari,Sragen,Sekretariat Pendidikan,Perum Firmansyah (Persero) Tbk,823843948709978,true,147732027532239,true,10802,industri konsentrat makanan hewan,10802,industri konsentrat makanan hewan,2024-10-04,true,motorcycle,viar,Motorcycles,4,2610718,1000782,9442090,1038629,0,10480719
Bali,Badung,Kuta,Legian,Jawa Timur,Malang,Klojen,Kauman,Kementerian Perhubungan,CV Agustina Tbk,176517204743763,true,763908314208861,true,08992,penggalian batu bahan industri,08992,penggalian batu bahan industri,2025-03-24,true,soft drinks,lasegar,Soft drinks,4,9826741,2061353,37245611,4097017,0,41342628
Jawa Tengah,Solo,Banjarsari,Sragen,Jawa Timur,Malang,Klojen,Kauman,Sekretariat Keuangan,PD Maryadi Maryati,726293272046703,false,537320059257311,true,45227,bangunan dermaga,45227,bangunan dermaga,2025-05-20,true,fresh bread,jordan,Fresh bread,10,4349635,2805869,40690481,4475952,0,45166433
Jawa Tengah,Solo,Banjarsari,Sragen,Jawa Tengah,Solo,Banjarsari,Sragen,Sekretariat Pekerjaan Umum,UD Hutasoit Sihotang (Persero) Tbk,556768784158703,true,226878422738703,true,45328,instalasi jaringan pipa,45328,instalasi jaringan pipa,2025-06-17,false,domestic refrigerator,hisense,Domestic refrigerators,2,3499113,209864,6788362,746719,0,7535081
Bali,Badung,Kuta,Legian,Jawa Tengah,Solo,Banjarsari,Sragen,Sekretariat Keuangan,CV Marpaung (Persero) Tbk,675444944460298,true,113917025056142,true,10291,industri penggaraman/pengeringan biota air lainnya,10291,industri penggaraman/pengeringan biota air lainnya,2024-09-01,true,snack foods,cheetos,Snack foods,6,3512023,2095443,18976695,2087436,0,21064131
Jawa Timur,Malang,Klojen,Kauman,Bali,Badung,Kuta,Legian,Sekretariat Pekerjaan Umum,UD Lestari Tbk,995093884859458,true,793968264393610,true,47743,perdagangan eceran barang perlengkapan pribadi bekas,47743,perdagangan eceran barang perlengkapan pribadi bekas,2025-01-12,true,water,aqua,Water,1,889331,1469,887862,97664,0,985526
DKI Jakarta,Jakarta Timur,Jatinegara,Bali Mester,Bali,Badung,Kuta,Legian,Badan Kesehatan,UD Rahimah Tbk,314806972944972,false,185681903841761,false,01702,penangkaran satwa liar,01702,penangkaran satwa liar,2025-06-23,false,bathing soap,lifebuoy,Soaps,1,5040717,403934,4636783,510046,0,5146829
DKI Jakarta,Jakarta Timur,Matraman,Pisangan Baru,Jawa Timur,Malang,Klojen,Kauman,Direktorat Kesehatan,CV Maulana Napitupulu,226757431414043,true,364366940034471,false,36992,industri pita mesin tulis/gambar,36992,industri pita mesin tulis/gambar,2024-08-28,false,facial care products,biore,Facial care products,5,428476,184254,1958126,215393,0,2173519
Jawa Timur,Malang,Klojen,Kauman,DKI Jakarta,Jakarta Pusat,Tanah Abang,Bendungan Hilir,Kementerian Perhubungan,PD Waskita Tbk,564348094412828,true,114942074859744,true,80122,jasa pendidikan sekolah dasar swasta,80122,jasa pendidikan sekolah dasar swasta,2025-01-12,true,edible vegetable oil,kunci mas,Edible vegetable or plant oils,5,4773937,2009789,21859896,2404588,0,24264484
Jawa Tengah,Solo,Banjarsari,Sragen,Jawa Barat,Bandung,Coblong,Dago,Sekretariat Perhubungan,Perum Hartati,650033710929031,true,153247898693257,false,45328,instalasi jaringan pipa,45328,instalasi jaringan pipa,2024-10-05,false,domestic refrigerator,hisense,Domestic refrigerators,2,6212223,956841,11467605,1261436,0,12729041
Bali,Badung,Kuta,Legian,Bali,Badung,Kuta,Legian,Direktorat Kesehatan,PD Lailasari Wijayanti Tbk,552365627474565,false,963916983952281,false,47822,"perdagangan eceran kaki lima dan los pasar roti, kue kering, kue basah dan sejenisnya",47822,"perdagangan eceran kaki lima dan los pasar roti, kue kering, kue basah dan sejenisnya",2024-12-21,true,snack foods,dk,Snack foods,8,9147757,3421090,69760966,7673706,0,77434672
Jawa Timur,Malang,Klojen,Kauman,Jawa Tengah,Solo,Banjarsari,Sragen,Sekretariat Kesehatan,UD Prasetya Tbk,148141814861689,false,263314521087445,false,52101,pergudangan,52101,pergudangan,2025-02-12,true,hair shampoo,ellips,Shampoos,10,2390778,863241,23044539,2534899,0,25579438
Jawa Timur,Malang,Klojen,Kauman,Bali,Badung,Kuta,Legian,Badan Pekerjaan Umum,PT Salahudin Anggriawan Tbk,932837815756626,true,899111667995414,false,31402,industri akumulator listrik (batu baterai sekunder),31402,industri akumulator listrik (batu baterai sekunder),2025-04-15,false,motorcycle,yamaha,Motorcycles,2,5510770,782913,10238627,1126248,0,11364875
Jawa Timur,Malang,Klojen,Kauman,Jawa Timur,Malang,Klojen,Kauman,Dinas Kesehatan,UD Wahyudin,100673090961872,true,262527984328277,true,23963,industri  barang  dari  batu  untuk  keperluan  rumah tangga dan pajangan,23963,industri  barang  dari  batu  untuk  keperluan  rumah tangga dan pajangan,2025-02-20,false,powdered milk,chil kid,Powdered milk,4,6863560,1270276,26183964,2880236,0,29064200
Bali,Badung,Kuta,Legian,DKI Jakarta,Jakarta Barat,Grogol,Tanjung Duren,Dinas Kesehatan,UD Saptono Hasanah Tbk,973775996423555,true,385340735133700,false,02119,pengusahaan hutan lainnya,02119,pengusahaan hutan lainnya,2025-01-13,true,laundry washing machine,toshiba,Laundry type washing machines,7,6048094,3380615,38956043,4285164,0,43241207
Bali,Badung,Kuta,Legian,Jawa Tengah,Solo,Banjarsari,Sragen,Sekretariat Pekerjaan Umum,PD Haryanto,638678747725942,true,653194704511926,true,01123,pertanian hortikultura bunga-bungaan,01123,pertanian hortikultura bunga-bungaan,2024-08-08,false,insurance service,bumiputera,Insurance law service,6,5947140,130192,35552648,3910791,0,39463439
Jawa Timur,Malang,Klojen,Kauman,Bali,Badung,Kuta,Legian,Direktorat Pendidikan,Perum Maulana,648819351108358,true,383903672791706,true,10612,"industri pengupasan, pembersihan dan sortasi kopi",10612,"industri pengupasan, pembersihan dan sortasi kopi",2025-07-05,true,social media advertising,ig,Online and social media publicity service,4,1627152,476773,6031835,663501,0,6695336
Jawa Tengah,Solo,Banjarsari,Sragen,Jawa Tengah,Solo,Banjarsari,Sragen,Sekretariat Perhubungan,PT Anggriawan (Persero) Tbk,111588229587931,true,979144050930811,true,28222,industri mesin dan perkakas mesin untuk pengerjaan kayu,28222,industri mesin dan perkakas mesin untuk pengerjaan kayu,2024-11-24,false,feminine hygiene products,softex,Feminine hygiene products,2,8473380,380073,16566687,1822335,0,18389022
Jawa Tengah,Solo,Banjarsari,Sragen,Bali,Badung,Kuta,Legian,Direktorat Keuangan,PD Rahayu Tbk,283235560773024,true,776802193275366,false,28222,industri mesin dan perkakas mesin untuk pengerjaan kayu,28222,industri mesin dan perkakas mesin untuk pengerjaan kayu,2025-03-30,false,feminine hygiene products,softex,Feminine hygiene products,2,2647049,80552,5213546,573490,0,5787036
Jawa Timur,Malang,Klojen,Kauman,Jawa Timur,Malang,Klojen,Kauman,Badan Kesehatan,UD Zulaika Haryanto (Persero) Tbk,482884409129479,false,903696737662717,false,45328,instalasi jaringan pipa,45328,instalasi jaringan pipa,2025-01-03,true,domestic refrigerator,hisense,Domestic refrigerators,2,2808732,145967,5471497,601864,0,6073361
Bali,Badung,Kuta,Legian,Jawa Tengah,Solo,Banjarsari,Sragen,Sekretariat Pendidikan,Perum Maryadi Rahimah,633290707254074,true,591220902486686,false,16295,industri kayu bakar dan pelet kayu,16295,industri kayu bakar dan pelet kayu,2025-02-01,true,social media advertising,fb,Online and social media publicity service,2,1513693,137770,2889616,317857,0,3207473
Jawa Tengah,Solo,Banjarsari,Sragen,Jawa Barat,Bandung,Coblong,Dago,Kementerian Pekerjaan Umum,UD Kusumo Tbk,848317249209405,true,842936768921484,false,10794,"industri kerupuk, keripik, peyek dan sejenisnya",10794,"industri kerupuk, keripik, peyek dan sejenisnya",2025-04-08,false,water,eternal plus,Water,8,1171034,828373,8539899,939388,0,9479287
Jawa Barat,Bandung,Coblong,Dago,Jawa Barat,Bandung,Coblong,Dago,Dinas Perhubungan,PD Rajasa,518673460090306,true,987308074890487,true,22121,industri pengasapan karet,22121,industri pengasapan karet,2025-04-04,true,air conditioner,modena,Air conditioners,9,4510852,2456070,38141598,4195575,0,42337173
DKI Jakarta,Jakarta Timur,Matraman,Pisangan Baru,Jawa Barat,Bandung,Coblong,Dago,Direktorat Perhubungan,UD Marbun Hidayanto (Persero) Tbk,341078570472873,true,536687245383046,true,36930,industri alat-alat olahraga,36930,industri alat-alat olahraga,2025-02-10,true,powdered milk,nutrilon,Powdered milk,3,8604163,609862,25202627,2772288,0,27974915
DKI Jakarta,Jakarta Pusat,Tanah Abang,Bendungan Hilir,Jawa Barat,Bandung,Coblong,Dago,Badan Perhubungan,UD Hutapea Purnawati Tbk,947092361116433,false,978910599035216,false,10291,industri penggaraman/pengeringan biota air lainnya,10291,industri penggaraman/pengeringan biota air lainnya,2025-07-04,true,snack foods,cheetos,Snack foods,4,6319347,1639034,23638354,2600218,0,26238572
Bali,Badung,Kuta,Legian,Bali,Badung,Kuta,Legian,Sekretariat Pekerjaan Umum,UD Simanjuntak (Persero) Tbk,659721373366177,true,775338221266459,true,49425,angkutan darat lainnya untuk wisata,49425,angkutan darat lainnya untuk wisata,2025-01-07,false,fresh bread,arnon,Fresh bread,2,9473538,177927,18769149,2064606,0,20833755
Jawa Barat,Bandung,Coblong,Dago,Jawa Timur,Malang,Klojen,Kauman,Badan Pekerjaan Umum,PD Prasasta (Persero) Tbk,468270275554186,false,675828283630903,false,67204,broker,67204,broker,2024-11-28,false,air conditioner,changhong,Air conditioners,10,9448389,2302963,92180927,10139901,0,102320828
Jawa Tengah,Solo,Banjarsari,Sragen,Bali,Badung,Kuta,Legian,Badan Keuangan,PD Pranowo Latupono Tbk,678169575624845,true,464977326340036,true,47822,"perdagangan eceran kaki lima dan los pasar roti, kue kering, kue basah dan sejenisnya",47822,"perdagangan eceran kaki lima dan los pasar roti, kue kering, kue basah dan sejenisnya",2025-01-03,true,snack foods,dk,Snack foods,6,5189660,804662,30333298,3336662,0,33669960
Bali,Badung,Kuta,Legian,Bali,Badung,Kuta,Legian,Badan Kesehatan,CV Aryani,872345445089733,false,711112482395403,false,24115,"industri kimia dasar organik, yang bersumber dari hasil pertanian",24115,"industri kimia dasar organik, yang bersumber dari hasil pertanian",2025-01-26,true,diesel power generator,lovol,Diesel generators,8,9810129,4363021,74118011,8152981,0,82270992
DKI Jakarta,Jakarta Timur,Matraman,Pisangan Baru,Bali,Badung,Kuta,Legian,Badan Kesehatan,Perum Waskita Gunawan (Persero) Tbk,645320794710302,false,739726498825235,false,01223,pembibitan dan budidaya ayam buras,01223,pembibitan dan budidaya ayam buras,2024-08-18,false,water,prima,Water,3,4323588,1270840,11699924,1286991,0,12986915
Jawa Tengah,Solo,Banjarsari,Sragen,DKI Jakarta,Jakarta Barat,Grogol,Tanjung Duren,Direktorat Perhubungan,CV Samosir Hariyah (Persero) Tbk,757055051875440,false,738895760386037,false,52101,pergudangan,52101,pergudangan,2025-02-23,true,hair shampoo,ellips,Shampoos,5,905521,224241,4303364,473370,0,4776734
Jawa Timur,Malang,Klojen,Kauman,Jawa Timur,Malang,Klojen,Kauman,Dinas Pendidikan,Perum Sitompul Rajata,955825325257248,true,412274489040483,true,13113,industri pemintalan benang jahit,13113,industri pemintalan benang jahit,2025-05-21,false,television,arashi,Televisions,3,1658777,485358,4490973,494007,0,4984980
Jawa Timur,Malang,Klojen,Kauman,DKI Jakarta,Jakarta Barat,Grogol,Tanjung Duren,Badan Perhubungan,CV Hakim Haryanti,359507252705507,true,779664050352215,false,26412,industri kapur,26412,industri kapur,2025-02-02,false,baby diapers,mamy  poko,Infant diapers,4,2595152,24069,10356539,1139219,0,11495758
Bali,Badung,Kuta,Legian,Jawa Timur,Malang,Klojen,Kauman,Kementerian Pekerjaan Umum,PD Mayasari Wijaya,791454260185100,false,647478663246039,true,23963,industri  barang  dari  batu  untuk  keperluan  rumah tangga dan pajangan,23963,industri  barang  dari  batu  untuk  keperluan  rumah tangga dan pajangan,2024-11-24,true,powdered milk,chil kid,Powdered milk,4,6868297,926829,26546359,2920099,0,29466458
Jawa Timur,Malang,Klojen,Kauman,Jawa Tengah,Solo,Banjarsari,Sragen,Badan Perhubungan,PD Nababan Damanik (Persero) Tbk,602336740850862,true,213001586766414,true,03125,penangkapan/pengambilan induk/benih ikan di perairan umum,03125,penangkapan/pengambilan induk/benih ikan di perairan umum,2025-07-16,false,tablet computers,realme,Tablet computers,8,7474380,1261525,58533515,6438686,0,64972201
Jawa Timur,Malang,Klojen,Kauman,Jawa Barat,Bandung,Coblong,Dago,Badan Pendidikan,CV Adriansyah Rahimah (Persero) Tbk,671460426961454,false,597863324173434,true,45227,bangunan dermaga,45227,bangunan dermaga,2025-07-01,false,fresh bread,jordan,Fresh bread,3,1347834,315072,3728430,410127,0,4138557
Jawa Timur,Malang,Klojen,Kauman,Jawa Barat,Bandung,Coblong,Dago,Badan Kesehatan,UD Rahimah (Persero) Tbk,427275283605138,true,776029482090218,false,92331,kebun raya dan kebun binatang,92331,kebun raya dan kebun binatang,2025-02-19,true,domestic refrigerator,panasonik,Domestic refrigerators,10,4144863,2707327,38741303,4261543,0,43002846
DKI Jakarta,Jakarta Pusat,Tanah Abang,Bendungan Hilir,Bali,Badung,Kuta,Legian,Kementerian Perhubungan,PD Pratama Saefullah Tbk,915354170364567,false,577539843738626,true,92331,kebun raya dan kebun binatang,92331,kebun raya dan kebun binatang,2025-04-14,false,domestic refrigerator,panasonik,Domestic refrigerators,5,5892330,958636,28503014,3135331,0,31638345
Jawa Tengah,Solo,Banjarsari,Sragen,Jawa Barat,Bandung,Coblong,Dago,Direktorat Keuangan,PT Gunarto Hidayanto,956481109398039,true,896128409317379,true,36992,industri pita mesin tulis/gambar,36992,industri pita mesin tulis/gambar,2024-11-08,true,facial care products,biore,Facial care products,10,9324848,839952,92408528,10164938,0,102573466
DKI Jakarta,Jakarta Timur,Jatinegara,Bali Mester,Jawa Tengah,Solo,Banjarsari,Sragen,Dinas Kesehatan,CV Pranowo Irawan Tbk,450827572275266,true,175185638081200,true,10612,"industri pengupasan, pembersihan dan sortasi kopi",10612,"industri pengupasan, pembersihan dan sortasi kopi",2025-05-24,true,social media advertising,ig,Online and social media publicity service,10,924873,600424,8648306,951313,0,9599619
Jawa Barat,Bandung,Coblong,Dago,Jawa Barat,Bandung,Coblong,Dago,Sekretariat Pendidikan,UD Hartati Samosir (Persero) Tbk,970134893769743,true,301235466295605,true,26311,industri bata tahan api dan sejenisnya,26311,industri bata tahan api dan sejenisnya,2024-10-16,false,detergent and laundry products,vanish,Laundry products,9,6239628,1500923,54655729,6012130,0,60667859
Bali,Badung,Kuta,Legian,Jawa Tengah,Solo,Banjarsari,Sragen,Sekretariat Pekerjaan Umum,Perum Kurniawan (Persero) Tbk,164007445945745,false,288025657886297,true,55212,restoran/rumah makan talam selaka,55212,restoran/rumah makan talam selaka,2025-01-13,false,insurance service,avrist,Insurance law service,3,2269474,253677,6554745,721021,0,7275766
Jawa Tengah,Solo,Banjarsari,Sragen,Jawa Timur,Malang,Klojen,Kauman,Dinas Pekerjaan Umum,CV Wasita Aryani Tbk,147595773218301,true,524943990634610,true,50228,angkutan penyeberangan umum dalam kabupaten/kota untuk barang,50228,angkutan penyeberangan umum dalam kabupaten/kota untuk barang,2025-07-10,true,inkjet printer,toshiba,Inkjet printers,5,7780483,2218338,36684077,4035248,0,40719325
Jawa Timur,Malang,Klojen,Kauman,Bali,Badung,Kuta,Legian,Dinas Pekerjaan Umum,PD Utama Wahyuni Tbk,662644400543694,true,141003214563626,true,52213,perdagangan eceran khusus sayuran di dalam bangunan,52213,perdagangan eceran khusus sayuran di dalam bangunan,2024-10-19,true,instant noodle or pasta,pop mie,Plain pasta and noodles,10,6215648,2503514,59652966,6561826,0,66214792
Bali,Badung,Kuta,Legian,Jawa Tengah,Solo,Banjarsari,Sragen,Direktorat Kesehatan,PT Namaga,118063560042500,true,972653325820756,true,92424,gelanggang permainan dan ketangkasan,92424,gelanggang permainan dan ketangkasan,2025-05-28,false,snack foods,wafello,Snack foods,10,2396211,1266562,22695548,2496510,0,25192058
Jawa Barat,Bandung,Coblong,Dago,Jawa Timur,Malang,Klojen,Kauman,Direktorat Perhubungan,PT Zulkarnain Nugroho Tbk,621628952213753,true,376256811976496,true,10794,"industri kerupuk, keripik, peyek dan sejenisnya",10794,"industri kerupuk, keripik, peyek dan sejenisnya",2024-10-21,true,water,eternal plus,Water,5,6325276,222798,31403582,3454394,0,34857976
Jawa Timur,Malang,Klojen,Kauman,Bali,Badung,Kuta,Legian,Kementerian Perhubungan,Perum Siregar,496859564126022,false,449413600386057,true,24202,industri pembuatan logam dasar bukan besi,24202,industri pembuatan logam dasar bukan besi,2024-10-11,true,taxicab service,blue bird,Taxicab services,2,2498450,390247,4606653,506731,0,5113384
Bali,Badung,Kuta,Legian,Bali,Badung,Kuta,Legian,Direktorat Perhubungan,CV Nainggolan Suryatmi,999041168962779,false,800051094511659,false,45311,instalasi air (plumbing),45311,instalasi air (plumbing),2025-03-07,false,electric fan,maspion,Domestic electric fan,6,904234,542111,4883293,537162,0,5420455
DKI Jakarta,Jakarta Pusat,Tanah Abang,Bendungan Hilir,Bali,Badung,Kuta,Legian,Direktorat Keuangan,CV Wahyudin Santoso (Persero) Tbk,904196808795553,false,913512897088456,false,52213,perdagangan eceran khusus sayuran di dalam bangunan,52213,perdagangan eceran khusus sayuran di dalam bangunan,2025-05-16,true,instant noodle or pasta,pop mie,Plain pasta and noodles,3,3343942,97716,9934110,1092752,0,11026862
Jawa Timur,Malang,Klojen,Kauman,DKI Jakarta,Jakarta Barat,Grogol,Tanjung Duren,Dinas Kesehatan,UD Palastri Habibi,740969831263850,true,580659031346502,false,28222,industri mesin dan perkakas mesin untuk pengerjaan kayu,28222,industri mesin dan perkakas mesin untuk pengerjaan kayu,2024-11-13,true,feminine hygiene products,softex,Feminine hygiene products,1,1161125,21416,1139709,125367,0,1265076
Jawa Tengah,Solo,Banjarsari,Sragen,Jawa Timur,Malang,Klojen,Kauman,Kementerian Perhubungan,CV Megantara Adriansyah,794450439167718,false,627966803100795,false,36992,industri pita mesin tulis/gambar,36992,industri pita mesin tulis/gambar,2024-10-30,false,facial care products,biore,Facial care products,6,8886713,1305253,52015025,5721652,0,57736677
Bali,Badung,Kuta,Legian,DKI Jakarta,Jakarta Pusat,Tanah Abang,Bendungan Hilir,Badan Pekerjaan Umum,PT Sirait Tbk,661679934035492,false,438153906450093,false,10794,"industri kerupuk, keripik, peyek dan sejenisnya",10794,"industri kerupuk, keripik, peyek dan sejenisnya",2025-02-22,true,water,eternal plus,Water,3,9361591,937952,27146821,2986150,0,30132971
Jawa Barat,Bandung,Coblong,Dago,Bali,Badung,Kuta,Legian,Direktorat Pekerjaan Umum,UD Nuraini,436739743457879,true,282897928837477,false,92331,kebun raya dan kebun binatang,92331,kebun raya dan kebun binatang,2024-11-01,true,domestic refrigerator,panasonik,Domestic refrigerators,6,1004674,456784,5571260,612838,0,6184098
Jawa Timur,Malang,Klojen,Kauman,DKI Jakarta,Jakarta Timur,Jatinegara,Bali Mester,Badan Kesehatan,UD Hariyah,653788778723654,false,340975962367901,false,10214,industri pemindangan ikan,10214,industri pemindangan ikan,2025-04-17,false,feminine hygiene products,laureir,Feminine hygiene products,4,4856128,510102,18914410,2080585,0,20994995
Jawa Barat,Bandung,Coblong,Dago,Bali,Badung,Kuta,Legian,Kementerian Pendidikan,UD Uyainah,930272137552805,true,708399941791315,false,28222,industri mesin dan perkakas mesin untuk pengerjaan kayu,28222,industri mesin dan perkakas mesin untuk pengerjaan kayu,2025-04-18,false,feminine hygiene products,softex,Feminine hygiene products,2,2598252,26926,5169578,568653,0,5738231
Jawa Timur,Malang,Klojen,Kauman,Jawa Tengah,Solo,Banjarsari,Sragen,Kementerian Kesehatan,UD Rahmawati Tamba (Persero) Tbk,448768064226325,false,143843455531089,true,45227,bangunan dermaga,45227,bangunan dermaga,2025-01-23,true,fresh bread,jordan,Fresh bread,10,53575,12599,523151,57546,0,580697
Jawa Timur,Malang,Klojen,Kauman,Bali,Badung,Kuta,Legian,Dinas Pendidikan,Perum Pudjiastuti,782485173956713,false,824475759491544,true,46413,perdagangan besar alas kaki,46413,perdagangan besar alas kaki,2025-04-03,false,laundry washing machine,brother,Laundry type washing machines,10,3804605,2890009,35156041,3867164,0,39023205
DKI Jakarta,Jakarta Pusat,Tanah Abang,Bendungan Hilir,Jawa Timur,Malang,Klojen,Kauman,Badan Perhubungan,CV Namaga Sihombing Tbk,364728600710871,false,467729371493924,true,24202,industri pembuatan logam dasar bukan besi,24202,industri pembuatan logam dasar bukan besi,2024-09-29,true,taxicab service,blue bird,Taxicab services,8,2545122,1474789,18886187,2077480,0,20963667
DKI Jakarta,Jakarta Barat,Grogol,Tanjung Duren,Jawa Barat,Bandung,Coblong,Dago,Dinas Pendidikan,Perum Budiman Aryani Tbk,967356973747307,false,460234745777255,true,55212,restoran/rumah makan talam selaka,55212,restoran/rumah makan talam selaka,2025-07-20,false,insurance service,avrist,Insurance law service,7,6926654,1028598,47457980,5220377,0,52678357
Bali,Badung,Kuta,Legian,DKI Jakarta,Jakarta Timur,Matraman,Pisangan Baru,Dinas Keuangan,CV Sinaga,155070354374911,true,383930854589985,false,11050,industri air minum dan air mineral,11050,industri air minum dan air mineral,2024-09-09,true,domestic refrigerator,daikin,Domestic refrigerators,8,7826305,5522467,57087973,6279677,0,63367650
Jawa Tengah,Solo,Banjarsari,Sragen,Jawa Timur,Malang,Klojen,Kauman,Dinas Keuangan,Perum Budiyanto (Persero) Tbk,204953606696922,false,266822261652183,true,10794,"industri kerupuk, keripik, peyek dan sejenisnya",10794,"industri kerupuk, keripik, peyek dan sejenisnya",2025-02-08,true,water,eternal plus,Water,4,8653094,2533031,32079345,3528727,0,35608072
Jawa Tengah,Solo,Banjarsari,Sragen,DKI Jakarta,Jakarta Barat,Grogol,Tanjung Duren,Sekretariat Keuangan,PT Puspita (Persero) Tbk,103080939727542,true,968706453859438,true,30001,industri mesin kantor dan akuntansi manual,30001,industri mesin kantor dan akuntansi manual,2025-04-29,true,freezer,sanken,Upright cabinet freezer,3,5628724,1426809,15459363,1700529,0,17159892
Bali,Badung,Kuta,Legian,Jawa Timur,Malang,Klojen,Kauman,Sekretariat Perhubungan,UD Permata Utami (Persero) Tbk,420301672251231,false,558616684810799,true,22121,industri pengasapan karet,22121,industri pengasapan karet,2025-03-14,false,air conditioner,modena,Air conditioners,7,7826962,5106652,49682082,5465029,0,55147111
Jawa Barat,Bandung,Coblong,Dago,Jawa Tengah,Solo,Banjarsari,Sragen,Sekretariat Keuangan,PT Saefullah Pratiwi Tbk,398776800686051,true,358078274405098,true,26514,industri alat uji dalam proses industri,26514,industri alat uji dalam proses industri,2025-06-13,true,instant noodle or pasta,atom bulan,Plain pasta and noodles,8,4059418,1665055,30810289,3389131,0,34199420
Jawa Timur,Malang,Klojen,Kauman,Bali,Badung,Kuta,Legian,Sekretariat Pendidikan,PT Fujiati Waluyo (Persero) Tbk,340284437212732,false,230462980293784,true,45227,bangunan dermaga,45227,bangunan dermaga,2024-09-11,false,fresh bread,jordan,Fresh bread,9,5562781,1486769,48578260,5343608,0,53921868
Jawa Barat,Bandung,Coblong,Dago,Jawa Tengah,Solo,Banjarsari,Sragen,Kementerian Kesehatan,PT Tampubolon Lailasari (Persero) Tbk,943763209167737,false,840229749477665,false,45102,perdagangan besar mobil bekas,45102,perdagangan besar mobil bekas,2025-05-05,false,baby diapers,sweety,Infant diapers,7,2765584,1899924,17459164,1920508,0,19379672
Jawa Barat,Bandung,Coblong,Dago,Jawa Tengah,Solo,Banjarsari,Sragen,Dinas Pendidikan,CV Pangestu Sihombing,174286783217134,false,301506830919672,true,23963,industri  barang  dari  batu  untuk  keperluan  rumah tangga dan pajangan,23963,industri  barang  dari  batu  untuk  keperluan  rumah tangga dan pajangan,2024-09-26,false,powdered milk,chil kid,Powdered milk,6,2087409,1049547,11474907,1262239,0,12737146
Bali,Badung,Kuta,Legian,Bali,Badung,Kuta,Legian,Kementerian Keuangan,PD Hasanah Tbk,536713032283242,true,916633271686422,true,15493,industri kecap,15493,industri kecap,2024-12-03,true,freezer,electrolux,Upright cabinet freezer,2,2772810,152895,5392725,593199,0,5985924
Jawa Barat,Bandung,Coblong,Dago,DKI Jakarta,Jakarta Timur,Jatinegara,Bali Mester,Kementerian Pekerjaan Umum,PD Palastri,339093967983649,true,799268737089979,false,55212,restoran/rumah makan talam selaka,55212,restoran/rumah makan talam selaka,2024-09-01,true,insurance service,avrist,Insurance law service,4,8344239,2338147,31038809,3414268,0,34453077
Jawa Timur,Malang,Klojen,Kauman,Jawa Barat,Bandung,Coblong,Dago,Dinas Pendidikan,PD Rahmawati,500168850101233,true,848251969450320,false,15493,industri kecap,15493,industri kecap,2024-10-01,false,freezer,electrolux,Upright cabinet freezer,7,174785,41309,1182186,130040,0,1312226
DKI Jakarta,Jakarta Selatan,Cilandak,Cipete,Bali,Badung,Kuta,Legian,Sekretariat Pekerjaan Umum,PT Kusmawati Haryanti (Persero) Tbk,957467568575187,false,803623531602619,true,28222,industri mesin dan perkakas mesin untuk pengerjaan kayu,28222,industri mesin dan perkakas mesin untuk pengerjaan kayu,2025-02-18,false,feminine hygiene products,softex,Feminine hygiene products,4,5285467,1785266,19356602,2129226,0,21485828
DKI Jakarta,Jakarta Barat,Grogol,Tanjung Duren,Jawa Barat,Bandung,Coblong,Dago,Badan Keuangan,PT Utami,563907362200874,true,697812096145193,false,26311,industri bata tahan api dan sejenisnya,26311,industri bata tahan api dan sejenisnya,2025-04-11,true,detergent and laundry products,vanish,Laundry products,8,5223843,3098032,38692712,4256198,0,42948910
Jawa Timur,Malang,Klojen,Kauman,Jawa Tengah,Solo,Banjarsari,Sragen,Sekretariat Pekerjaan Umum,PT Januar Namaga,508172646998737,true,964689720564196,false,92331,kebun raya dan kebun binatang,92331,kebun raya dan kebun binatang,2024-09-17,false,domestic refrigerator,panasonik,Domestic refrigerators,2,3113837,604411,5623263,618558,0,6241821
Bali,Badung,Kuta,Legian,Jawa Tengah,Solo,Banjarsari,Sragen,Sekretariat Keuangan,Perum Wacana Tbk,947016529074061,true,573072943645742,true,52349,perdagangan eceran khusus bahan konstruksi lainnya di dalam bangunan,52349,perdagangan eceran khusus bahan konstruksi lainnya di dalam bangunan,2024-08-28,false,instant noodle or pasta,burung dara,Plain pasta and noodles,5,923312,71770,4544790,499926,0,5044716
DKI Jakarta,Jakarta Barat,Grogol,Tanjung Duren,DKI Jakarta,Jakarta Pusat,Tanah Abang,Bendungan Hilir,Sekretariat Pendidikan,Perum Natsir,278800623616126,true,476119228270780,true,10802,industri konsentrat makanan hewan,10802,industri konsentrat makanan hewan,2025-02-22,true,motorcycle,viar,Motorcycles,10,1792713,1322965,16604165,1826458,0,18430623
Jawa Timur,Malang,Klojen,Kauman,Bali,Badung,Kuta,Legian,Sekretariat Keuangan,PT Suryatmi Hutapea Tbk,994708589134155,true,716501721595524,true,08992,penggalian batu bahan industri,08992,penggalian batu bahan industri,2025-03-12,true,soft drinks,lasegar,Soft drinks,7,3590118,1629240,23501586,2585174,0,26086760
Bali,Badung,Kuta,Legian,Jawa Timur,Malang,Klojen,Kauman,Dinas Pekerjaan Umum,UD Nasyiah,895900924984292,false,829960851939842,false,31202,industri peralatan pengontrol arus listik,31202,industri peralatan pengontrol arus listik,2024-09-05,true,powdered milk,dnco,Powdered milk,2,6853915,1238866,12468964,1371586,0,13840550
Jawa Tengah,Solo,Banjarsari,Sragen,Jawa Barat,Bandung,Coblong,Dago,Dinas Pendidikan,CV Wijaya (Persero) Tbk,181289691749623,false,411364591009098,true,31202,industri peralatan pengontrol arus listik,31202,industri peralatan pengontrol arus listik,2024-08-12,true,powdered milk,dnco,Powdered milk,4,1908484,730043,6903893,759428,0,7663321
Jawa Timur,Malang,Klojen,Kauman,Jawa Timur,Malang,Klojen,Kauman,Badan Keuangan,PT Mandala Wasita Tbk,562890002615912,false,684191399317831,false,01123,pertanian hortikultura bunga-bungaan,01123,pertanian hortikultura bunga-bungaan,2025-06-11,false,insurance service,bumiputera,Insurance law service,4,2498055,216826,9775394,1075293,0,10850687
Jawa Tengah,Solo,Banjarsari,Sragen,Jawa Timur,Malang,Klojen,Kauman,Badan Pendidikan,UD Natsir Namaga,621947761627339,true,979768479741497,true,50228,angkutan penyeberangan umum dalam kabupaten/kota untuk barang,50228,angkutan penyeberangan umum dalam kabupaten/kota untuk barang,2025-07-02,false,inkjet printer,toshiba,Inkjet printers,9,4899838,1709932,42388610,4662747,0,47051357
DKI Jakarta,Jakarta Timur,Matraman,Pisangan Baru,Jawa Tengah,Solo,Banjarsari,Sragen,Direktorat Pekerjaan Umum,CV Wijayanti,760321437428943,false,441365494660316,true,01223,pembibitan dan budidaya ayam buras,01223,pembibitan dan budidaya ayam buras,2024-10-16,false,water,prima,Water,4,4674061,1760491,16935753,1862932,0,18798685
Jawa Timur,Malang,Klojen,Kauman,Jawa Barat,Bandung,Coblong,Dago,Dinas Perhubungan,CV Situmorang,346429695340900,true,401374031885235,false,24214,industri bahan amelioran (pembenah tanah),24214,industri bahan amelioran (pembenah tanah),2025-04-08,false,facial care products,nivea,Facial care products,2,4610250,903875,8316625,914828,0,9231453
Bali,Badung,Kuta,Legian,DKI Jakarta,Jakarta Barat,Grogol,Tanjung Duren,Badan Kesehatan,CV Sihombing Najmudin Tbk,746734515831049,true,659615459007348,true,22121,industri pengasapan karet,22121,industri pengasapan karet,2024-11-13,true,air conditioner,modena,Air conditioners,1,5542469,440114,5102355,561259,0,5663614
Jawa Tengah,Solo,Banjarsari,Sragen,Jawa Barat,Bandung,Coblong,Dago,Badan Keuangan,UD Purwanti,324582062617549,false,777311878622079,false,80122,jasa pendidikan sekolah dasar swasta,80122,jasa pendidikan sekolah dasar swasta,2025-01-19,true,edible vegetable oil,kunci mas,Edible vegetable or plant oils,7,7966404,5239685,50525143,5557765,0,56082908
Jawa Barat,Bandung,Coblong,Dago,Jawa Tengah,Solo,Banjarsari,Sragen,Direktorat Kesehatan,Perum Yulianti,118500839784994,true,736312733012329,true,45328,instalasi jaringan pipa,45328,instalasi jaringan pipa,2025-06-18,true,domestic refrigerator,hisense,Domestic refrigerators,7,786129,214915,5287988,581678,0,5869666
Jawa Timur,Malang,Klojen,Kauman,Jawa Barat,Bandung,Coblong,Dago,Badan Pendidikan,UD Maheswara Widodo,388742218639429,true,761467561943460,false,28222,industri mesin dan perkakas mesin untuk pengerjaan kayu,28222,industri mesin dan perkakas mesin untuk pengerjaan kayu,2024-11-11,true,feminine hygiene products,softex,Feminine hygiene products,5,9925509,3773505,45854040,5043944,0,50897984
DKI Jakarta,Jakarta Timur,Matraman,Pisangan Baru,DKI Jakarta,Jakarta Timur,Matraman,Pisangan Baru,Direktorat Keuangan,CV Maheswara Tbk,288066056889997,true,343601921838426,false,02119,pengusahaan hutan lainnya,02119,pengusahaan hutan lainnya,2024-08-21,false,laundry washing machine,toshiba,Laundry type washing machines,2,1538309,264084,2812534,309378,0,3121912
Jawa Barat,Bandung,Coblong,Dago,Jawa Tengah,Solo,Banjarsari,Sragen,Kementerian Pendidikan,PD Hastuti Waskita Tbk,806174144969189,true,409914821203117,true,52213,perdagangan eceran khusus sayuran di dalam bangunan,52213,perdagangan eceran khusus sayuran di dalam bangunan,2025-03-20,true,instant noodle or pasta,pop mie,Plain pasta and noodles,3,3979552,94800,11843856,1302824,0,13146680
Jawa Barat,Bandung,Coblong,Dago,Jawa Barat,Bandung,Coblong,Dago,Direktorat Kesehatan,UD Setiawan Nashiruddin (Persero) Tbk,251451793856813,true,917113739371254,true,01223,pembibitan dan budidaya ayam buras,01223,pembibitan dan budidaya ayam buras,2024-10-21,false,water,prima,Water,5,7294779,645627,35828268,3941109,0,39769377
DKI Jakarta,Jakarta Selatan,Cilandak,Cipete,DKI Jakarta,Jakarta Selatan,Cilandak,Cipete,Sekretariat Kesehatan,PD Palastri Hariyah,573279166226107,true,960655975874049,true,31402,industri akumulator listrik (batu baterai sekunder),31402,industri akumulator listrik (batu baterai sekunder),2025-07-12,true,motorcycle,yamaha,Motorcycles,2,2629324,435214,4823434,530577,0,5354011
Jawa Timur,Malang,Klojen,Kauman,Bali,Badung,Kuta,Legian,Sekretariat Pekerjaan Umum,PT Maheswara Zulaika,738716013420034,true,605599055909096,false,47895,"perdagangan eceran kaki lima dan los pasar pakaian, alas kaki, perlengkapan pakaian dan barang perlengkapan pribadi bekas",47895,"perdagangan eceran kaki lima dan los pasar pakaian, alas kaki, perlengkapan pakaian dan barang perlengkapan pribadi bekas",2025-05-10,true,ecommerce advertising,bliklan,Advertising,10,7517132,2341892,72829428,8011237,0,80840665
Jawa Tengah,Solo,Banjarsari,Sragen,Jawa Timur,Malang,Klojen,Kauman,Kementerian Pekerjaan Umum,CV Halimah Tbk,996892746033726,true,160567202880347,true,07301,pertambangan emas dan perak,07301,pertambangan emas dan perak,2025-01-26,true,marketing and customer relationship management software,salesforce,Customer relationship management software maintenance,9,8091683,3310203,69514944,7646643,0,77161587
Bali,Badung,Kuta,Legian,Bali,Badung,Kuta,Legian,Kementerian Pekerjaan Umum,Perum Putra Ramadan,783311508341107,true,706862736267606,true,26311,industri bata tahan api dan sejenisnya,26311,industri bata tahan api dan sejenisnya,2024-10-10,false,detergent and laundry products,vanish,Laundry products,9,9068868,784641,80835171,8891868,0,89727039
Jawa Tengah,Solo,Banjarsari,Sragen,DKI Jakarta,Jakarta Pusat,Tanah Abang,Bendungan Hilir,Dinas Kesehatan,CV Siregar Wibisono,816352006583244,true,266432207320074,false,92424,gelanggang permainan dan ketangkasan,92424,gelanggang permainan dan ketangkasan,2024-10-26,true,snack foods,wafello,Snack foods,7,9222544,672404,63885404,7027394,0,70912798
Jawa Tengah,Solo,Banjarsari,Sragen,Jawa Tengah,Solo,Banjarsari,Sragen,Kementerian Pendidikan,PT Januar Saputra (Persero) Tbk,134169570487709,true,285685706220358,true,45227,bangunan dermaga,45227,bangunan dermaga,2024-08-12,true,fresh bread,jordan,Fresh bread,4,8116147,412134,32052454,3525769,0,35578223
Bali,Badung,Kuta,Legian,Jawa Barat,Bandung,Coblong,Dago,Kementerian Pekerjaan Umum,PT Hassanah,426355862847661,false,279324594687543,true,13113,industri pemintalan benang jahit,13113,industri pemintalan benang jahit,2025-05-20,true,television,arashi,Televisions,10,9720135,9059920,88141430,9695557,0,97836987
Jawa Tengah,Solo,Banjarsari,Sragen,Jawa Barat,Bandung,Coblong,Dago,Direktorat Perhubungan,PD Puspasari (Persero) Tbk,670990305643804,false,129555677056893,true,24214,industri bahan amelioran (pembenah tanah),24214,industri bahan amelioran (pembenah tanah),2025-07-27,true,facial care products,nivea,Facial care products,1,4433639,128771,4304868,473535,0,4778403
Jawa Tengah,Solo,Banjarsari,Sragen,Bali,Badung,Kuta,Legian,Direktorat Pekerjaan Umum,PT Anggriawan Mulyani,365489636468236,false,998129842324037,false,28222,industri mesin dan perkakas mesin untuk pengerjaan kayu,28222,industri mesin dan perkakas mesin untuk pengerjaan kayu,2024-08-30,true,feminine hygiene products,softex,Feminine hygiene products,6,6250293,2773793,34727965,3820076,0,38548041
Jawa Tengah,Solo,Banjarsari,Sragen,DKI Jakarta,Jakarta Barat,Grogol,Tanjung Duren,Direktorat Kesehatan,PD Hutagalung Sihotang,561825980903568,false,499782505560038,true,67123,manager investasi,67123,manager investasi,2024-10-18,true,laptop notebook computers,apple,Notebook computers,3,1132374,31830,3365292,370182,0,3735474
DKI Jakarta,Jakarta Barat,Grogol,Tanjung Duren,Bali,Badung,Kuta,Legian,Badan Kesehatan,PT Hutasoit Pradipta (Persero) Tbk,661199641040463,true,318263862805370,false,36992,industri pita mesin tulis/gambar,36992,industri pita mesin tulis/gambar,2025-05-14,true,facial care products,biore,Facial care products,9,1126525,419124,9719601,1069156,0,10788757
Jawa Barat,Bandung,Coblong,Dago,Jawa Timur,Malang,Klojen,Kauman,Direktorat Keuangan,CV Firmansyah Maheswara Tbk,123313763633856,true,572652043215221,true,36992,industri pita mesin tulis/gambar,36992,industri pita mesin tulis/gambar,2025-07-10,false,facial care products,biore,Facial care products,9,7279118,1794107,63717955,7008975,0,70726930
Jawa Tengah,Solo,Banjarsari,Sragen,DKI Jakarta,Jakarta Pusat,Tanah Abang,Bendungan Hilir,Dinas Keuangan,UD Halimah,944755411294188,false,427202452660244,true,47895,"perdagangan eceran kaki lima dan los pasar pakaian, alas kaki, perlengkapan pakaian dan barang perlengkapan pribadi bekas",47895,"perdagangan eceran kaki lima dan los pasar pakaian, alas kaki, perlengkapan pakaian dan barang perlengkapan pribadi bekas",2025-06-13,true,ecommerce advertising,bliklan,Advertising,7,3893308,1547897,25705259,2827578,0,28532837
Bali,Badung,Kuta,Legian,DKI Jakarta,Jakarta Barat,Grogol,Tanjung Duren,Badan Perhubungan,CV Rahayu,415013483374675,false,748190077610682,true,55212,restoran/rumah makan talam selaka,55212,restoran/rumah makan talam selaka,2025-01-08,true,insurance service,avrist,Insurance law service,2,6230253,506343,11954163,1314957,0,13269120
Bali,Badung,Kuta,Legian,Jawa Barat,Bandung,Coblong,Dago,Kementerian Keuangan,CV Purnawati,819543115967627,true,368883384050245,true,55114,hotel bintang dua,55114,hotel bintang dua,2024-11-24,true,ecommerce advertising,goads,Advertising,4,6006976,815074,23212830,2553411,0,25766241
Jawa Tengah,Solo,Banjarsari,Sragen,Jawa Barat,Bandung,Coblong,Dago,Kementerian Pekerjaan Umum,Perum Astuti Tbk,692462626822364,false,239362185594957,true,36930,industri alat-alat olahraga,36930,industri alat-alat olahraga,2024-08-26,true,powdered milk,nutrilon,Powdered milk,4,1583751,207607,6127397,674013,0,6801410
Jawa Barat,Bandung,Coblong,Dago,Jawa Barat,Bandung,Coblong,Dago,Kementerian Pendidikan,UD Fujiati,944476118112247,false,207307135128719,false,30001,industri mesin kantor dan akuntansi manual,30001,industri mesin kantor dan akuntansi manual,2025-01-01,false,freezer,sanken,Upright cabinet freezer,9,8849214,7481161,72161765,7937794,0,80099559
DKI Jakarta,Jakarta Selatan,Cilandak,Cipete,DKI Jakarta,Jakarta Barat,Grogol,Tanjung Duren,Kementerian Pekerjaan Umum,UD Nainggolan Budiyanto,689826128732512,true,875066552898024,false,01123,pertanian hortikultura bunga-bungaan,01123,pertanian hortikultura bunga-bungaan,2025-01-16,false,insurance service,bumiputera,Insurance law service,8,8394176,2213645,64939763,7143373,0,72083136
Jawa Tengah,Solo,Banjarsari,Sragen,Bali,Badung,Kuta,Legian,Sekretariat Keuangan,PD Firmansyah Purnawati (Persero) Tbk,185848055184524,false,179841739900196,true,01223,pembibitan dan budidaya ayam buras,01223,pembibitan dan budidaya ayam buras,2024-12-13,false,water,prima,Water,2,9096766,612879,17580653,1933871,0,19514524
Jawa Barat,Bandung,Coblong,Dago,DKI Jakarta,Jakarta Selatan,Cilandak,Cipete,Dinas Kesehatan,UD Prasetya,342729825907952,true,370372801937277,false,92331,kebun raya dan kebun binatang,92331,kebun raya dan kebun binatang,2025-04-05,false,domestic refrigerator,panasonik,Domestic refrigerators,6,5715576,1754347,32539109,3579301,0,36118410
DKI Jakarta,Jakarta Timur,Matraman,Pisangan Baru,Jawa Barat,Bandung,Coblong,Dago,Kementerian Keuangan,PD Firgantoro Jailani (Persero) Tbk,654365334489795,false,590182163646753,true,52101,pergudangan,52101,pergudangan,2024-07-31,true,hair shampoo,ellips,Shampoos,2,2210678,223617,4197739,461751,0,4659490
DKI Jakarta,Jakarta Barat,Grogol,Tanjung Duren,Bali,Badung,Kuta,Legian,Direktorat Pekerjaan Umum,CV Haryanti Melani Tbk,958765272892703,true,273380898882598,false,26311,industri bata tahan api dan sejenisnya,26311,industri bata tahan api dan sejenisnya,2024-09-19,true,detergent and laundry products,vanish,Laundry products,6,3621088,419202,21307326,2343805,0,23651131
Jawa Barat,Bandung,Coblong,Dago,DKI Jakarta,Jakarta Pusat,Tanah Abang,Bendungan Hilir,Sekretariat Pendidikan,Perum Ramadan Tbk,805240009688007,false,959119836351629,true,01223,pembibitan dan budidaya ayam buras,01223,pembibitan dan budidaya ayam buras,2025-05-06,true,water,prima,Water,9,4475545,1218029,39061876,4296806,0,43358682
DKI Jakarta,Jakarta Barat,Grogol,Tanjung Duren,Bali,Badung,Kuta,Legian,Badan Keuangan,PD Hartati,636927766310344,true,151927904624210,true,26412,industri kapur,26412,industri kapur,2024-08-12,true,baby diapers,mamy  poko,Infant diapers,6,2132675,111988,12684062,1395246,0,14079308
Jawa Tengah,Solo,Banjarsari,Sragen,Bali,Badung,Kuta,Legian,Badan Pekerjaan Umum,UD Widiastuti Hakim (Persero) Tbk,904623535945672,false,387380521928077,true,47895,"perdagangan eceran kaki lima dan los pasar pakaian, alas kaki, perlengkapan pakaian dan barang perlengkapan pribadi bekas",47895,"perdagangan eceran kaki lima dan los pasar pakaian, alas kaki, perlengkapan pakaian dan barang perlengkapan pribadi bekas",2025-01-11,false,ecommerce advertising,bliklan,Advertising,10,9659777,7058810,89538960,9849285,0,99388245
Bali,Badung,Kuta,Legian,DKI Jakarta,Jakarta Timur,Matraman,Pisangan Baru,Sekretariat Perhubungan,UD Wijayanti,379450194957713,true,736515572125999,true,15493,industri kecap,15493,industri kecap,2025-06-22,false,freezer,electrolux,Upright cabinet freezer,1,8445962,324632,8121330,893346,0,9014676
Bali,Badung,Kuta,Legian,DKI Jakarta,Jakarta Selatan,Cilandak,Cipete,Dinas Perhubungan,CV Hassanah Tbk,734909571576566,true,800553867220270,true,80122,jasa pendidikan sekolah dasar swasta,80122,jasa pendidikan sekolah dasar swasta,2025-06-26,false,edible vegetable oil,kunci mas,Edible vegetable or plant oils,3,6727227,1342679,18839002,2072290,0,20911292
Jawa Timur,Malang,Klojen,Kauman,Jawa Barat,Bandung,Coblong,Dago,Sekretariat Pekerjaan Umum,Perum Maryadi Wahyudin Tbk,466791153677820,false,374678836024111,true,03232,jasa produksi budidaya ikan laut,03232,jasa produksi budidaya ikan laut,2025-06-02,true,detergent and laundry products,gentlegen,Laundry products,5,101543,22589,485126,53363,0,538489
DKI Jakarta,Jakarta Selatan,Cilandak,Cipete,DKI Jakarta,Jakarta Selatan,Cilandak,Cipete,Sekretariat Kesehatan,PT Prabowo Tbk,844126423509519,false,982255403643388,false,01223,pembibitan dan budidaya ayam buras,01223,pembibitan dan budidaya ayam buras,2024-12-07,false,water,prima,Water,6,6877067,2643891,38618511,4248036,0,42866547
Jawa Barat,Bandung,Coblong,Dago,DKI Jakarta,Jakarta Selatan,Cilandak,Cipete,Sekretariat Keuangan,Perum Pangestu,235320462664793,false,316220865594837,false,52101,pergudangan,52101,pergudangan,2025-02-01,false,hair shampoo,ellips,Shampoos,9,2549000,1009152,21931848,2412503,0,24344351
Jawa Tengah,Solo,Banjarsari,Sragen,Jawa Barat,Bandung,Coblong,Dago,Kementerian Pekerjaan Umum,PT Sirait Usada (Persero) Tbk,775982472831741,false,170486380266530,true,47822,"perdagangan eceran kaki lima dan los pasar roti, kue kering, kue basah dan sejenisnya",47822,"perdagangan eceran kaki lima dan los pasar roti, kue kering, kue basah dan sejenisnya",2025-02-11,true,snack foods,dk,Snack foods,7,8504027,1694991,57833198,6361651,0,64194849
DKI Jakarta,Jakarta Selatan,Cilandak,Cipete,DKI Jakarta,Jakarta Barat,Grogol,Tanjung Duren,Sekretariat Keuangan,PD Lestari Waluyo,429926846822763,true,930611704721803,false,52101,pergudangan,52101,pergudangan,2025-05-13,true,hair shampoo,ellips,Shampoos,8,6891598,1486370,53646414,5901105,0,59547519
Bali,Badung,Kuta,Legian,Jawa Barat,Bandung,Coblong,Dago,Badan Keuangan,Perum Kusumo Dongoran,596126684426133,false,416941093653507,false,13113,industri pemintalan benang jahit,13113,industri pemintalan benang jahit,2024-12-06,true,television,arashi,Televisions,1,7583390,146518,7436872,818055,0,8254927
Jawa Timur,Malang,Klojen,Kauman,Jawa Tengah,Solo,Banjarsari,Sragen,Direktorat Perhubungan,Perum Yulianti (Persero) Tbk,153699645776193,true,887321473430654,true,47743,perdagangan eceran barang perlengkapan pribadi bekas,47743,perdagangan eceran barang perlengkapan pribadi bekas,2025-07-14,false,water,aqua,Water,1,6715233,549434,6165799,678237,0,6844036
Bali,Badung,Kuta,Legian,Jawa Barat,Bandung,Coblong,Dago,Kementerian Kesehatan,UD Tampubolon Tbk,502933706353600,true,488141359746966,false,52405,perdagangan eceran bahan konstruksi dan sanitasi bekas di dalam bangunan,52405,perdagangan eceran bahan konstruksi dan sanitasi bekas di dalam bangunan,2024-12-01,true,insurance service,lippo,Insurance law service,8,9188304,663965,72842467,8012671,0,80855138
DKI Jakarta,Jakarta Selatan,Cilandak,Cipete,DKI Jakarta,Jakarta Selatan,Cilandak,Cipete,Kementerian Kesehatan,Perum Manullang Pradipta,575018015678813,true,677921458514732,false,28222,industri mesin dan perkakas mesin untuk pengerjaan kayu,28222,industri mesin dan perkakas mesin untuk pengerjaan kayu,2025-01-18,true,feminine hygiene products,softex,Feminine hygiene products,8,8367272,4581126,62357050,6859275,0,69216325
Jawa Tengah,Solo,Banjarsari,Sragen,Jawa Barat,Bandung,Coblong,Dago,Badan Keuangan,Perum Wibisono Hasanah (Persero) Tbk,155377558351805,true,751679101070305,false,26514,industri alat uji dalam proses industri,26514,industri alat uji dalam proses industri,2024-11-26,true,instant noodle or pasta,atom bulan,Plain pasta and noodles,3,6686874,616597,19444025,2138842,0,21582867
DKI Jakarta,Jakarta Barat,Grogol,Tanjung Duren,Jawa Tengah,Solo,Banjarsari,Sragen,Dinas Keuangan,CV Utama (Persero) Tbk,214408617278166,false,701434880737615,true,11050,industri air minum dan air mineral,11050,industri air minum dan air mineral,2025-03-13,true,domestic refrigerator,daikin,Domestic refrigerators,8,8432875,5597519,61865481,6805202,0,68670683
Jawa Barat,Bandung,Coblong,Dago,Jawa Barat,Bandung,Coblong,Dago,Kementerian Kesehatan,CV Mayasari,684821048301480,false,744598018818915,false,11050,industri air minum dan air mineral,11050,industri air minum dan air mineral,2025-06-01,false,domestic refrigerator,daikin,Domestic refrigerators,10,7397263,1961797,72010833,7921191,0,79932024
Jawa Timur,Malang,Klojen,Kauman,Bali,Badung,Kuta,Legian,Kementerian Keuangan,Perum Siregar Tbk,744490890689483,false,931801848451243,true,10291,industri penggaraman/pengeringan biota air lainnya,10291,industri penggaraman/pengeringan biota air lainnya,2025-06-05,false,snack foods,cheetos,Snack foods,10,9186844,7192211,84676229,9314385,0,93990614
DKI Jakarta,Jakarta Pusat,Tanah Abang,Bendungan Hilir,Jawa Timur,Malang,Klojen,Kauman,Sekretariat Kesehatan,UD Agustina Ramadan Tbk,992167185732908,true,960790323563460,true,10214,industri pemindangan ikan,10214,industri pemindangan ikan,2024-10-08,false,feminine hygiene products,laureir,Feminine hygiene products,9,2459702,353800,21783518,2396186,0,24179704
Jawa Barat,Bandung,Coblong,Dago,Jawa Tengah,Solo,Banjarsari,Sragen,Badan Pendidikan,PD Nainggolan (Persero) Tbk,477234610995395,false,218111330309469,false,22121,industri pengasapan karet,22121,industri pengasapan karet,2025-02-01,false,air conditioner,modena,Air conditioners,10,2572295,305606,25417344,2795907,0,28213251
Jawa Barat,Bandung,Coblong,Dago,Bali,Badung,Kuta,Legian,Sekretariat Pekerjaan Umum,CV Haryanti,969836251282199,false,584091069158165,false,75124,pembinaan pelayanan kesejahteraan sosial,75124,pembinaan pelayanan kesejahteraan sosial,2025-07-09,true,bathing soap,kodomo,Soaps,3,2178593,39623,6496156,714577,0,7210733
DKI Jakarta,Jakarta Selatan,Cilandak,Cipete,Bali,Badung,Kuta,Legian,Sekretariat Keuangan,PT Sitorus,928017494218381,true,194590844766553,false,24115,"industri kimia dasar organik, yang bersumber dari hasil pertanian",24115,"industri kimia dasar organik, yang bersumber dari hasil pertanian",2025-03-08,false,diesel power generator,lovol,Diesel generators,8,9205199,4257511,69384081,7632248,0,77016329
DKI Jakarta,Jakarta Pusat,Tanah Abang,Bendungan Hilir,Jawa Barat,Bandung,Coblong,Dago,Direktorat Perhubungan,UD Safitri Tbk,707163188531615,true,608913318811357,false,01217,pembibitan dan budidaya kambing perah,01217,pembibitan dan budidaya kambing perah,2024-09-04,false,air conditioner,aqua,Air conditioners,2,1115035,188588,2041482,224563,0,2266045
Jawa Timur,Malang,Klojen,Kauman,Bali,Badung,Kuta,Legian,Dinas Kesehatan,CV Uyainah Tbk,681093270168550,true,142987252912313,false,13113,industri pemintalan benang jahit,13113,industri pemintalan benang jahit,2025-07-06,true,television,arashi,Televisions,7,3174541,996070,21225717,2334828,0,23560545
DKI Jakarta,Jakarta Timur,Matraman,Pisangan Baru,Jawa Timur,Malang,Klojen,Kauman,Sekretariat Pendidikan,UD Andriani Gunarto,857739736769427,true,414796054202494,true,47895,"perdagangan eceran kaki lima dan los pasar pakaian, alas kaki, perlengkapan pakaian dan barang perlengkapan pribadi bekas",47895,"perdagangan eceran kaki lima dan los pasar pakaian, alas kaki, perlengkapan pakaian dan barang perlengkapan pribadi bekas",2025-04-24,false,ecommerce advertising,bliklan,Advertising,6,4551703,1053633,26256585,2888224,0,29144809
Bali,Badung,Kuta,Legian,Jawa Barat,Bandung,Coblong,Dago,Dinas Kesehatan,PD Napitupulu,869581401683014,false,540662740629721,true,08992,penggalian batu bahan industri,08992,penggalian batu bahan industri,2024-08-27,true,soft drinks,lasegar,Soft drinks,9,9656541,1729774,85179095,9369700,0,94548795
Jawa Timur,Malang,Klojen,Kauman,Jawa Tengah,Solo,Banjarsari,Sragen,Dinas Keuangan,PD Suryatmi Tbk,288791253533983,true,349557310036125,true,55212,restoran/rumah makan talam selaka,55212,restoran/rumah makan talam selaka,2024-12-12,false,insurance service,avrist,Insurance law service,9,6258440,857489,55468471,6101531,0,61570002
Bali,Badung,Kuta,Legian,Jawa Tengah,Solo,Banjarsari,Sragen,Direktorat Pekerjaan Umum,CV Hutagalung Latupono Tbk,117597874197546,false,649179240246360,false,92331,kebun raya dan kebun binatang,92331,kebun raya dan kebun binatang,2024-08-02,false,domestic refrigerator,panasonik,Domestic refrigerators,4,177545,25448,684732,75320,0,760052
Bali,Badung,Kuta,Legian,Jawa Timur,Malang,Klojen,Kauman,Dinas Pekerjaan Umum,CV Sitompul Astuti,893408591435872,false,365732126175531,false,03232,jasa produksi budidaya ikan laut,03232,jasa produksi budidaya ikan laut,2024-12-27,true,detergent and laundry products,gentlegen,Laundry products,2,6160659,440791,11880527,1306857,0,13187384
Jawa Tengah,Solo,Banjarsari,Sragen,Jawa Timur,Malang,Klojen,Kauman,Dinas Pendidikan,UD Iswahyudi,920704756028323,true,797358232413328,true,10794,"industri kerupuk, keripik, peyek dan sejenisnya",10794,"industri kerupuk, keripik, peyek dan sejenisnya",2025-06-14,false,water,eternal plus,Water,8,8850065,816864,69983656,7698202,0,77681858
Jawa Timur,Malang,Klojen,Kauman,DKI Jakarta,Jakarta Timur,Matraman,Pisangan Baru,Badan Pendidikan,Perum Hutapea Mangunsong,974073240525565,false,614121231837089,false,03125,penangkapan/pengambilan induk/benih ikan di perairan umum,03125,penangkapan/pengambilan induk/benih ikan di perairan umum,2025-03-10,true,tablet computers,realme,Tablet computers,10,8836580,7933739,80432061,8847526,0,89279587
DKI Jakarta,Jakarta Selatan,Cilandak,Cipete,Jawa Tengah,Solo,Banjarsari,Sragen,Sekretariat Pekerjaan Umum,UD Susanti Farida Tbk,492172463009923,false,727582042467077,false,55114,hotel bintang dua,55114,hotel bintang dua,2025-03-24,false,ecommerce advertising,goads,Advertising,1,5493454,531040,4962414,545865,0,5508279
Jawa Timur,Malang,Klojen,Kauman,Jawa Barat,Bandung,Coblong,Dago,Sekretariat Keuangan,UD Rahayu Mulyani,934069691627978,false,811764305371352,false,31102,industri mesin pembangkit listrik,31102,industri mesin pembangkit listrik,2025-02-04,false,television,denpoo,Televisions,6,5373868,2989180,29254028,3217943,0,32471971
Jawa Tengah,Solo,Banjarsari,Sragen,Bali,Badung,Kuta,Legian,Badan Pendidikan,CV Yulianti Oktaviani,107047401439064,true,275574152239638,false,28222,industri mesin dan perkakas mesin untuk pengerjaan kayu,28222,industri mesin dan perkakas mesin untuk pengerjaan kayu,2025-03-10,false,feminine hygiene products,softex,Feminine hygiene products,4,9887007,2715140,36832888,4051617,0,40884505
DKI Jakarta,Jakarta Selatan,Cilandak,Cipete,Jawa Tengah,Solo,Banjarsari,Sragen,Kementerian Keuangan,CV Laksmiwati Kuswandari,641025605362494,true,329787286360994,false,02011,pengusahaan hutan jati,02011,pengusahaan hutan jati,2024-08-18,true,hair shampoo,zinc,Shampoos,2,4813210,317993,9308427,1023926,0,10332353
Bali,Badung,Kuta,Legian,Jawa Barat,Bandung,Coblong,Dago,Direktorat Perhubungan,UD Prakasa Widiastuti,824115563236706,false,940933764697044,true,24202,industri pembuatan logam dasar bukan besi,24202,industri pembuatan logam dasar bukan besi,2024-08-22,true,taxicab service,blue bird,Taxicab services,6,8695534,1406844,50766360,5584299,0,56350659
Jawa Tengah,Solo,Banjarsari,Sragen,Jawa Barat,Bandung,Coblong,Dago,Kementerian Kesehatan,Perum Wacana Tbk,782947904475515,true,107978525157771,false,47895,"perdagangan eceran kaki lima dan los pasar pakaian, alas kaki, perlengkapan pakaian dan barang perlengkapan pribadi bekas",47895,"perdagangan eceran kaki lima dan los pasar pakaian, alas kaki, perlengkapan pakaian dan barang perlengkapan pribadi bekas",2024-12-06,true,ecommerce advertising,bliklan,Advertising,1,6377633,8509,6369124,700603,0,7069727
Bali,Badung,Kuta,Legian,Jawa Timur,Malang,Klojen,Kauman,Badan Pendidikan,UD Usamah Nurdiyanti Tbk,285841227057038,false,683984143545534,true,10802,industri konsentrat makanan hewan,10802,industri konsentrat makanan hewan,2025-07-14,false,motorcycle,viar,Motorcycles,3,3081059,367093,8876084,976369,0,9852453
Jawa Timur,Malang,Klojen,Kauman,Bali,Badung,Kuta,Legian,Direktorat Kesehatan,PT Puspita Budiman (Persero) Tbk,743136403300687,true,260379771529371,true,24214,industri bahan amelioran (pembenah tanah),24214,industri bahan amelioran (pembenah tanah),2025-02-22,false,facial care products,nivea,Facial care products,7,9341218,2022400,63366126,6970273,0,70336399
DKI Jakarta,Jakarta Pusat,Tanah Abang,Bendungan Hilir,Jawa Timur,Malang,Klojen,Kauman,Kementerian Perhubungan,UD Utami Widiastuti (Persero) Tbk,342144618930222,true,986319943370888,true,01223,pembibitan dan budidaya ayam buras,01223,pembibitan dan budidaya ayam buras,2025-03-01,true,water,prima,Water,1,5516396,190619,5325777,585835,0,5911612
Jawa Barat,Bandung,Coblong,Dago,DKI Jakarta,Jakarta Pusat,Tanah Abang,Bendungan Hilir,Badan Kesehatan,PD Wulandari Laksmiwati Tbk,719985199847640,true,466030713253214,false,01223,pembibitan dan budidaya ayam buras,01223,pembibitan dan budidaya ayam buras,2025-01-19,true,water,prima,Water,10,9112440,3408903,87715497,9648704,0,97364201
Bali,Badung,Kuta,Legian,DKI Jakarta,Jakarta Pusat,Tanah Abang,Bendungan Hilir,Dinas Kesehatan,UD Wastuti Saragih,542574081421263,false,742935213385630,false,07301,pertambangan emas dan perak,07301,pertambangan emas dan perak,2025-06-04,false,marketing and customer relationship management software,salesforce,Customer relationship management software maintenance,5,9740669,4178511,44524834,4897731,0,49422565
DKI Jakarta,Jakarta Selatan,Cilandak,Cipete,DKI Jakarta,Jakarta Selatan,Cilandak,Cipete,Kementerian Kesehatan,CV Mayasari,472794809460572,true,627497557745735,false,28222,industri mesin dan perkakas mesin untuk pengerjaan kayu,28222,industri mesin dan perkakas mesin untuk pengerjaan kayu,2024-09-24,true,feminine hygiene products,softex,Feminine hygiene products,4,8276330,2969226,30136094,3314970,0,33451064
Jawa Barat,Bandung,Coblong,Dago,DKI Jakarta,Jakarta Barat,Grogol,Tanjung Duren,Direktorat Pendidikan,PD Januar Nasyidah Tbk,312165148041753,true,398710871447850,false,36992,industri pita mesin tulis/gambar,36992,industri pita mesin tulis/gambar,2025-04-16,false,facial care products,biore,Facial care products,9,8496669,4243925,72226096,7944870,0,80170966
Jawa Timur,Malang,Klojen,Kauman,Bali,Badung,Kuta,Legian,Sekretariat Perhubungan,Perum Marbun,168547352926211,true,119517198955805,false,80122,jasa pendidikan sekolah dasar swasta,80122,jasa pendidikan sekolah dasar swasta,2025-05-11,false,edible vegetable oil,kunci mas,Edible vegetable or plant oils,4,6557061,343974,25884270,2847269,0,28731539
Bali,Badung,Kuta,Legian,DKI Jakarta,Jakarta Timur,Matraman,Pisangan Baru,Sekretariat Pendidikan,Perum Jailani Halimah Tbk,977010945106246,true,749857082973177,true,26514,industri alat uji dalam proses industri,26514,industri alat uji dalam proses industri,2025-07-16,false,instant noodle or pasta,atom bulan,Plain pasta and noodles,1,1601474,79374,1522100,167431,0,1689531
Jawa Timur,Malang,Klojen,Kauman,Bali,Badung,Kuta,Legian,Direktorat Pendidikan,CV Pangestu Manullang Tbk,873236750935348,false,785331150681506,true,45328,instalasi jaringan pipa,45328,instalasi jaringan pipa,2024-12-31,true,domestic refrigerator,hisense,Domestic refrigerators,7,862293,158263,5877788,646556,0,6524344
Jawa Barat,Bandung,Coblong,Dago,DKI Jakarta,Jakarta Pusat,Tanah Abang,Bendungan Hilir,Dinas Pendidikan,PD Damanik Uwais,782110020715363,true,226899601659911,false,01223,pembibitan dan budidaya ayam buras,01223,pembibitan dan budidaya ayam buras,2024-10-22,false,water,prima,Water,2,2222691,94742,4350640,478570,0,4829210
DKI Jakarta,Jakarta Barat,Grogol,Tanjung Duren,Jawa Tengah,Solo,Banjarsari,Sragen,Sekretariat Kesehatan,CV Halim Tbk,430575201851229,true,528162847828379,false,15493,industri kecap,15493,industri kecap,2025-04-24,true,freezer,electrolux,Upright cabinet freezer,9,274966,173103,2301591,253175,0,2554766
Jawa Timur,Malang,Klojen,Kauman,Jawa Tengah,Solo,Banjarsari,Sragen,Badan Pendidikan,PD Budiman Anggriawan (Persero) Tbk,728687820210667,false,690891401532682,true,01223,pembibitan dan budidaya ayam buras,01223,pembibitan dan budidaya ayam buras,2025-06-23,false,water,prima,Water,1,9720883,697222,9023661,992602,0,10016263
Jawa Barat,Bandung,Coblong,Dago,Jawa Barat,Bandung,Coblong,Dago,Badan Perhubungan,PT Firgantoro Mustofa Tbk,990560780110665,true,935546418682837,true,36992,industri pita mesin tulis/gambar,36992,industri pita mesin tulis/gambar,2025-03-08,true,facial care products,biore,Facial care products,10,5842145,1075447,57346003,6308060,0,63654063
Bali,Badung,Kuta,Legian,Jawa Barat,Bandung,Coblong,Dago,Badan Kesehatan,PT Uyainah Lazuardi (Persero) Tbk,718902034348586,false,512856049061269,false,26311,industri bata tahan api dan sejenisnya,26311,industri bata tahan api dan sejenisnya,2024-11-20,false,detergent and laundry products,vanish,Laundry products,3,3606981,56711,10764232,1184065,0,11948297
DKI Jakarta,Jakarta Selatan,Cilandak,Cipete,Jawa Timur,Malang,Klojen,Kauman,Badan Pekerjaan Umum,PT Kusmawati,639654746394359,true,657158437105272,false,92424,gelanggang permainan dan ketangkasan,92424,gelanggang permainan dan ketangkasan,2025-03-03,true,snack foods,wafello,Snack foods,3,1082110,232319,3014011,331541,0,3345552
DKI Jakarta,Jakarta Pusat,Tanah Abang,Bendungan Hilir,Jawa Timur,Malang,Klojen,Kauman,Badan Pekerjaan Umum,CV Nugroho,220516357639401,false,393927458865354,true,47743,perdagangan eceran barang perlengkapan pribadi bekas,47743,perdagangan eceran barang perlengkapan pribadi bekas,2024-08-30,true,water,aqua,Water,4,4839153,67912,19288700,2121757,0,21410457
DKI Jakarta,Jakarta Barat,Grogol,Tanjung Duren,Jawa Timur,Malang,Klojen,Kauman,Direktorat Keuangan,Perum Uyainah Hutasoit Tbk,173051479133039,false,764420457653511,false,67123,manager investasi,67123,manager investasi,2025-06-17,false,laptop notebook computers,apple,Notebook computers,5,7183170,3537917,32377933,3561572,0,35939505
Jawa Barat,Bandung,Coblong,Dago,Jawa Barat,Bandung,Coblong,Dago,Kementerian Pendidikan,UD Oktaviani,724806261927715,true,233430757521165,true,01223,pembibitan dan budidaya ayam buras,01223,pembibitan dan budidaya ayam buras,2025-04-16,true,water,prima,Water,4,497035,193117,1795023,197452,0,1992475
Bali,Badung,Kuta,Legian,Jawa Timur,Malang,Klojen,Kauman,Dinas Perhubungan,CV Haryanti,147989887003564,true,209695684601956,false,01223,pembibitan dan budidaya ayam buras,01223,pembibitan dan budidaya ayam buras,2024-11-26,false,water,prima,Water,2,2535244,310770,4759718,523568,0,5283286
DKI Jakarta,Jakarta Timur,Matraman,Pisangan Baru,DKI Jakarta,Jakarta Selatan,Cilandak,Cipete,Direktorat Pendidikan,CV Suartini Hidayat Tbk,160667471778336,false,358044695828648,false,10802,industri konsentrat makanan hewan,10802,industri konsentrat makanan hewan,2024-12-08,true,motorcycle,viar,Motorcycles,1,4877229,189331,4687898,515668,0,5203566
Jawa Tengah,Solo,Banjarsari,Sragen,Jawa Timur,Malang,Klojen,Kauman,Kementerian Pendidikan,PD Januar Purnawati Tbk,589873512099939,true,698629745407444,false,36930,industri alat-alat olahraga,36930,industri alat-alat olahraga,2024-12-10,false,powdered milk,nutrilon,Powdered milk,7,7255561,5000954,45787973,5036677,0,50824650
Jawa Timur,Malang,Klojen,Kauman,Bali,Badung,Kuta,Legian,Dinas Pekerjaan Umum,Perum Permadi Prabowo,276297251666209,false,386229170367818,false,10612,"industri pengupasan, pembersihan dan sortasi kopi",10612,"industri pengupasan, pembersihan dan sortasi kopi",2024-09-29,false,social media advertising,ig,Online and social media publicity service,7,2548354,165535,17672943,1944023,0,19616966
Bali,Badung,Kuta,Legian,Jawa Timur,Malang,Klojen,Kauman,Badan Perhubungan,UD Mayasari Tbk,579139743176874,true,805754739810058,true,07301,pertambangan emas dan perak,07301,pertambangan emas dan perak,2025-06-17,true,marketing and customer relationship management software,salesforce,Customer relationship management software maintenance,2,898550,117160,1679940,184793,0,1864733
Jawa Timur,Malang,Klojen,Kauman,DKI Jakarta,Jakarta Barat,Grogol,Tanjung Duren,Sekretariat Pekerjaan Umum,PT Pratiwi Tbk,733794214485529,false,103408375102204,false,47822,"perdagangan eceran kaki lima dan los pasar roti, kue kering, kue basah dan sejenisnya",47822,"perdagangan eceran kaki lima dan los pasar roti, kue kering, kue basah dan sejenisnya",2025-02-01,true,snack foods,dk,Snack foods,2,5362772,360963,10364581,1140103,0,11504684
Jawa Tengah,Solo,Banjarsari,Sragen,Jawa Timur,Malang,Klojen,Kauman,Dinas Perhubungan,CV Laksita Rahmawati,594288846653046,true,566771950460558,false,15493,industri kecap,15493,industri kecap,2025-01-07,false,freezer,electrolux,Upright cabinet freezer,2,6943543,801120,13085966,1439456,0,14525422
Jawa Barat,Bandung,Coblong,Dago,DKI Jakarta,Jakarta Pusat,Tanah Abang,Bendungan Hilir,Dinas Kesehatan,CV Hutapea Prasasta Tbk,296128955363570,false,306057227437066,true,02011,pengusahaan hutan jati,02011,pengusahaan hutan jati,2025-03-19,false,hair shampoo,zinc,Shampoos,10,9587218,1911569,93960611,10335667,0,104296278
Jawa Timur,Malang,Klojen,Kauman,Jawa Barat,Bandung,Coblong,Dago,Dinas Perhubungan,PD Setiawan (Persero) Tbk,680477933917139,false,218997100610912,true,28222,industri mesin dan perkakas mesin untuk pengerjaan kayu,28222,industri mesin dan perkakas mesin untuk pengerjaan kayu,2024-10-16,false,feminine hygiene products,softex,Feminine hygiene products,1,2706814,14380,2692434,296167,0,2988601
Jawa Tengah,Solo,Banjarsari,Sragen,Jawa Tengah,Solo,Banjarsari,Sragen,Kementerian Perhubungan,PD Saefullah Prasetya,125237066852634,false,844768493880733,true,13113,industri pemintalan benang jahit,13113,industri pemintalan benang jahit,2025-04-18,true,television,arashi,Televisions,9,6744136,2181337,58515887,6436747,0,64952634
Bali,Badung,Kuta,Legian,Jawa Timur,Malang,Klojen,Kauman,Sekretariat Keuangan,UD Sitompul Susanti Tbk,706969122776272,true,392169555628058,true,92331,kebun raya dan kebun binatang,92331,kebun raya dan kebun binatang,2025-03-30,false,domestic refrigerator,panasonik,Domestic refrigerators,8,5422033,3970120,39406144,4334675,0,43740819
DKI Jakarta,Jakarta Selatan,Cilandak,Cipete,Bali,Badung,Kuta,Legian,Kementerian Pendidikan,CV Wahyuni Maheswara,277703989042695,false,404459882588850,true,10794,"industri kerupuk, keripik, peyek dan sejenisnya",10794,"industri kerupuk, keripik, peyek dan sejenisnya",2025-05-10,false,water,eternal plus,Water,9,8517237,1261957,75393176,8293249,0,83686425
Jawa Timur,Malang,Klojen,Kauman,DKI Jakarta,Jakarta Timur,Matraman,Pisangan Baru,Badan Pendidikan,Perum Palastri (Persero) Tbk,754122617738449,false,499252053055326,false,28222,industri mesin dan perkakas mesin untuk pengerjaan kayu,28222,industri mesin dan perkakas mesin untuk pengerjaan kayu,2025-07-05,true,feminine hygiene products,softex,Feminine hygiene products,8,9308473,5388227,69079557,7598751,0,76678308
Jawa Barat,Bandung,Coblong,Dago,Jawa Tengah,Solo,Banjarsari,Sragen,Direktorat Pekerjaan Umum,PD Gunarto Rahmawati,841555330097498,false,429716829883334,true,67123,manager investasi,67123,manager investasi,2025-07-10,false,laptop notebook computers,apple,Notebook computers,5,6363511,1609483,30208072,3322887,0,33530959
Jawa Barat,Bandung,Coblong,Dago,Jawa Tengah,Solo,Banjarsari,Sragen,Kementerian Perhubungan,PT Tampubolon Tbk,272202468652933,false,534522280323545,true,45102,perdagangan besar mobil bekas,45102,perdagangan besar mobil bekas,2024-11-07,true,baby diapers,sweety,Infant diapers,6,9780741,2039757,56644689,6230915,0,62875604
Jawa Timur,Malang,Klojen,Kauman,Bali,Badung,Kuta,Legian,Sekretariat Pekerjaan Umum,PT Prayoga,791391929454847,true,590789693920834,true,13113,industri pemintalan benang jahit,13113,industri pemintalan benang jahit,2024-12-14,false,television,arashi,Televisions,7,8095071,1269520,55395977,6093557,0,61489534
Bali,Badung,Kuta,Legian,DKI Jakarta,Jakarta Barat,Grogol,Tanjung Duren,Kementerian Kesehatan,PT Haryanto Hariyah Tbk,760334526991040,true,844422448124063,true,49425,angkutan darat lainnya untuk wisata,49425,angkutan darat lainnya untuk wisata,2025-02-08,true,fresh bread,arnon,Fresh bread,7,1861276,487900,12541032,1379513,0,13920545
Jawa Timur,Malang,Klojen,Kauman,Jawa Barat,Bandung,Coblong,Dago,Badan Pekerjaan Umum,PT Laksita Nurdiyanti Tbk,206281160654912,false,977931397873023,true,52349,perdagangan eceran khusus bahan konstruksi lainnya di dalam bangunan,52349,perdagangan eceran khusus bahan konstruksi lainnya di dalam bangunan,2024-09-21,true,instant noodle or pasta,burung dara,Plain pasta and noodles,6,4721056,1267049,27059287,2976521,0,30035808
Jawa Barat,Bandung,Coblong,Dago,Jawa Timur,Malang,Klojen,Kauman,Badan Keuangan,UD Prabowo,986867918305165,false,629221846600122,false,30001,industri mesin kantor dan akuntansi manual,30001,industri mesin kantor dan akuntansi manual,2025-06-30,true,freezer,sanken,Upright cabinet freezer,9,2176969,1468414,18124307,1993673,0,20117980
Bali,Badung,Kuta,Legian,Jawa Timur,Malang,Klojen,Kauman,Kementerian Perhubungan,PT Nainggolan (Persero) Tbk,565781776694731,true,354986999757320,false,92424,gelanggang permainan dan ketangkasan,92424,gelanggang permainan dan ketangkasan,2025-06-05,true,snack foods,wafello,Snack foods,7,6367154,2223203,42346875,4658156,0,47005031
Jawa Timur,Malang,Klojen,Kauman,Jawa Tengah,Solo,Banjarsari,Sragen,Badan Keuangan,PT Usada Mustofa (Persero) Tbk,394104707514334,false,842989843881815,true,45102,perdagangan besar mobil bekas,45102,perdagangan besar mobil bekas,2025-02-03,true,baby diapers,sweety,Infant diapers,2,2311026,378735,4243317,466764,0,4710081
Jawa Barat,Bandung,Coblong,Dago,Jawa Barat,Bandung,Coblong,Dago,Kementerian Pendidikan,UD Wahyudin,188504133981025,false,919877829525913,true,80122,jasa pendidikan sekolah dasar swasta,80122,jasa pendidikan sekolah dasar swasta,2024-12-23,true,edible vegetable oil,kunci mas,Edible vegetable or plant oils,10,9073079,6625083,84105707,9251627,0,93357334
Jawa Timur,Malang,Klojen,Kauman,Jawa Barat,Bandung,Coblong,Dago,Badan Pekerjaan Umum,CV Laksmiwati Ardianto (Persero) Tbk,526696650630979,false,155336391619863,true,02119,pengusahaan hutan lainnya,02119,pengusahaan hutan lainnya,2025-07-27,false,laundry washing machine,toshiba,Laundry type washing machines,3,5061578,1112230,14072504,1547975,0,15620479
Jawa Tengah,Solo,Banjarsari,Sragen,Jawa Timur,Malang,Klojen,Kauman,Direktorat Perhubungan,UD Dabukke Santoso,156295899262267,false,590673338290286,false,52213,perdagangan eceran khusus sayuran di dalam bangunan,52213,perdagangan eceran khusus sayuran di dalam bangunan,2025-06-16,true,instant noodle or pasta,pop mie,Plain pasta and noodles,1,5263387,330036,4933351,542668,0,5476019
Jawa Tengah,Solo,Banjarsari,Sragen,Bali,Badung,Kuta,Legian,Badan Kesehatan,Perum Ardianto Prasetya,979618718023981,true,247332089166305,true,23963,industri  barang  dari  batu  untuk  keperluan  rumah tangga dan pajangan,23963,industri  barang  dari  batu  untuk  keperluan  rumah tangga dan pajangan,2024-10-01,false,powdered milk,chil kid,Powdered milk,5,6835319,1599122,32577473,3583522,0,36160995
Jawa Barat,Bandung,Coblong,Dago,DKI Jakarta,Jakarta Barat,Grogol,Tanjung Duren,Sekretariat Pekerjaan Umum,PD Mandala Andriani (Persero) Tbk,357721003050998,true,882263907782091,false,16295,industri kayu bakar dan pelet kayu,16295,industri kayu bakar dan pelet kayu,2025-01-23,true,social media advertising,fb,Online and social media publicity service,3,2036662,183404,5926582,651924,0,6578506
Jawa Tengah,Solo,Banjarsari,Sragen,Jawa Timur,Malang,Klojen,Kauman,Dinas Keuangan,UD Saefullah,175808806762437,false,216702970547539,true,55212,restoran/rumah makan talam selaka,55212,restoran/rumah makan talam selaka,2025-02-23,true,insurance service,avrist,Insurance law service,5,1726290,96783,8534667,938813,0,9473480
Bali,Badung,Kuta,Legian,DKI Jakarta,Jakarta Barat,Grogol,Tanjung Duren,Sekretariat Pekerjaan Umum,Perum Firmansyah Januar Tbk,545950671909340,false,656798318866382,true,47895,"perdagangan eceran kaki lima dan los pasar pakaian, alas kaki, perlengkapan pakaian dan barang perlengkapan pribadi bekas",47895,"perdagangan eceran kaki lima dan los pasar pakaian, alas kaki, perlengkapan pakaian dan barang perlengkapan pribadi bekas",2025-02-07,true,ecommerce advertising,bliklan,Advertising,2,2950598,375772,5525424,607796,0,6133220
DKI Jakarta,Jakarta Timur,Jatinegara,Bali Mester,Jawa Timur,Malang,Klojen,Kauman,Kementerian Kesehatan,UD Suryatmi Ardianto (Persero) Tbk,224870721442002,true,329557641693740,false,13113,industri pemintalan benang jahit,13113,industri pemintalan benang jahit,2024-12-30,true,television,arashi,Televisions,8,5790329,1912400,44410232,4885125,0,49295357
Jawa Tengah,Solo,Banjarsari,Sragen,Bali,Badung,Kuta,Legian,Badan Pekerjaan Umum,CV Kusmawati (Persero) Tbk,448760685252173,true,856322796013409,true,10291,industri penggaraman/pengeringan biota air lainnya,10291,industri penggaraman/pengeringan biota air lainnya,2025-05-21,false,snack foods,cheetos,Snack foods,5,6123841,1125561,29493644,3244300,0,32737944
DKI Jakarta,Jakarta Pusat,Tanah Abang,Bendungan Hilir,Jawa Tengah,Solo,Banjarsari,Sragen,Dinas Kesehatan,PD Hutagalung,225426259385347,true,317917812140599,true,67123,manager investasi,67123,manager investasi,2025-06-05,false,laptop notebook computers,apple,Notebook computers,5,9063842,4120932,41198278,4531810,0,45730088
Bali,Badung,Kuta,Legian,Jawa Timur,Malang,Klojen,Kauman,Dinas Perhubungan,PD Padmasari (Persero) Tbk,134570920711828,true,706743824059773,false,63210,pergudangan,63210,pergudangan,2024-08-08,true,edible vegetable oil,barco,Edible vegetable or plant oils,2,8014694,741616,15287772,1681654,0,16969426
DKI Jakarta,Jakarta Barat,Grogol,Tanjung Duren,Jawa Barat,Bandung,Coblong,Dago,Dinas Pendidikan,CV Mustofa Tbk,785538570473950,true,909731580178013,true,45311,instalasi air (plumbing),45311,instalasi air (plumbing),2025-01-16,false,electric fan,maspion,Domestic electric fan,10,3899318,1388415,37604765,4136524,0,41741289
Jawa Tengah,Solo,Banjarsari,Sragen,Bali,Badung,Kuta,Legian,Direktorat Pekerjaan Umum,PD Ardianto Pratiwi,678924167757376,true,578493040313829,false,02011,pengusahaan hutan jati,02011,pengusahaan hutan jati,2024-12-06,true,hair shampoo,zinc,Shampoos,5,4313134,1067002,20498668,2254853,0,22753521
Jawa Tengah,Solo,Banjarsari,Sragen,DKI Jakarta,Jakarta Selatan,Cilandak,Cipete,Direktorat Pekerjaan Umum,Perum Adriansyah Hasanah,344820091747971,false,983018237420847,true,10794,"industri kerupuk, keripik, peyek dan sejenisnya",10794,"industri kerupuk, keripik, peyek dan sejenisnya",2025-03-03,true,water,eternal plus,Water,6,4092026,517295,24034861,2643834,0,26678695
Bali,Badung,Kuta,Legian,Bali,Badung,Kuta,Legian,Badan Keuangan,PT Wacana Mardhiyah (Persero) Tbk,751643094997471,true,639692007626141,true,47895,"perdagangan eceran kaki lima dan los pasar pakaian, alas kaki, perlengkapan pakaian dan barang perlengkapan pribadi bekas",47895,"perdagangan eceran kaki lima dan los pasar pakaian, alas kaki, perlengkapan pakaian dan barang perlengkapan pribadi bekas",2024-08-15,false,ecommerce advertising,bliklan,Advertising,8,2357375,532242,18326758,2015943,0,20342701
Jawa Barat,Bandung,Coblong,Dago,Jawa Tengah,Solo,Banjarsari,Sragen,Dinas Pekerjaan Umum,PD Pranowo Prasetyo Tbk,354887620315599,false,687114138365956,true,28222,industri mesin dan perkakas mesin untuk pengerjaan kayu,28222,industri mesin dan perkakas mesin untuk pengerjaan kayu,2025-03-27,true,feminine hygiene products,softex,Feminine hygiene products,10,1781464,316560,17498080,1924788,0,19422868
Bali,Badung,Kuta,Legian,Jawa Barat,Bandung,Coblong,Dago,Sekretariat Pekerjaan Umum,Perum Irawan Tbk,338795560801229,true,236374427383734,true,92424,gelanggang permainan dan ketangkasan,92424,gelanggang permainan dan ketangkasan,2024-11-23,true,snack foods,wafello,Snack foods,1,3155702,120596,3035106,333861,0,3368967
DKI Jakarta,Jakarta Barat,Grogol,Tanjung Duren,Jawa Timur,Malang,Klojen,Kauman,Kementerian Pendidikan,PT Megantara Pranowo Tbk,772010474753886,false,534859919111301,true,01223,pembibitan dan budidaya ayam buras,01223,pembibitan dan budidaya ayam buras,2025-04-27,true,water,prima,Water,9,1452766,619649,12455245,1370076,0,13825321
Jawa Tengah,Solo,Banjarsari,Sragen,DKI Jakarta,Jakarta Selatan,Cilandak,Cipete,Dinas Pendidikan,UD Yuliarti,674587552279046,true,643346804284290,false,31202,industri peralatan pengontrol arus listik,31202,industri peralatan pengontrol arus listik,2025-02-14,false,powdered milk,dnco,Powdered milk,9,2369495,817836,20507619,2255838,0,22763457
Jawa Tengah,Solo,Banjarsari,Sragen,DKI Jakarta,Jakarta Barat,Grogol,Tanjung Duren,Direktorat Perhubungan,PT Sitompul,305342025641483,true,414068691443649,false,07301,pertambangan emas dan perak,07301,pertambangan emas dan perak,2025-07-08,false,marketing and customer relationship management software,salesforce,Customer relationship management software maintenance,8,1300454,347505,10056127,1106173,0,11162300
DKI Jakarta,Jakarta Pusat,Tanah Abang,Bendungan Hilir,Jawa Timur,Malang,Klojen,Kauman,Kementerian Perhubungan,CV Saragih,517676619424913,false,197439353977225,true,08992,penggalian batu bahan industri,08992,penggalian batu bahan industri,2025-03-24,true,soft drinks,lasegar,Soft drinks,5,76602,29295,353715,38908,0,392623
Jawa Tengah,Solo,Banjarsari,Sragen,Bali,Badung,Kuta,Legian,Badan Pekerjaan Umum,CV Hutagalung,319153971350300,false,717257322468565,true,45102,perdagangan besar mobil bekas,45102,perdagangan besar mobil bekas,2025-01-16,false,baby diapers,sweety,Infant diapers,9,2412680,1585114,20129006,2214190,0,22343196
Bali,Badung,Kuta,Legian,Bali,Badung,Kuta,Legian,Sekretariat Perhubungan,Perum Fujiati Puspasari Tbk,725349635018481,true,695756942907529,false,92429,jasa rekreasi lainnya,92429,jasa rekreasi lainnya,2025-01-14,true,television,panasonic,Televisions,6,563967,194508,3189294,350822,0,3540116
Jawa Timur,Malang,Klojen,Kauman,DKI Jakarta,Jakarta Pusat,Tanah Abang,Bendungan Hilir,Sekretariat Kesehatan,PT Sihotang Tbk,125078857372742,true,585950349685285,false,47822,"perdagangan eceran kaki lima dan los pasar roti, kue kering, kue basah dan sejenisnya",47822,"perdagangan eceran kaki lima dan los pasar roti, kue kering, kue basah dan sejenisnya",2024-11-07,false,snack foods,dk,Snack foods,9,9735691,3133513,84487706,9293647,0,93781353
DKI Jakarta,Jakarta Timur,Matraman,Pisangan Baru,Bali,Badung,Kuta,Legian,Direktorat Keuangan,UD Anggriawan Yulianti,674766849905497,false,618553382337597,false,28222,industri mesin dan perkakas mesin untuk pengerjaan kayu,28222,industri mesin dan perkakas mesin untuk pengerjaan kayu,2024-10-23,false,feminine hygiene products,softex,Feminine hygiene products,5,1563511,703556,7113999,782539,0,7896538
Jawa Barat,Bandung,Coblong,Dago,Bali,Badung,Kuta,Legian,Sekretariat Pekerjaan Umum,Perum Lazuardi Tbk,415624882962880,true,902508663032514,false,26412,industri kapur,26412,industri kapur,2025-06-06,true,baby diapers,mamy  poko,Infant diapers,7,4517288,742501,30878515,3396636,0,34275151
Jawa Barat,Bandung,Coblong,Dago,Jawa Timur,Malang,Klojen,Kauman,Badan Kesehatan,UD Mansur,490251695937375,false,647304988933719,true,80122,jasa pendidikan sekolah dasar swasta,80122,jasa pendidikan sekolah dasar swasta,2024-11-16,false,edible vegetable oil,kunci mas,Edible vegetable or plant oils,7,8535875,1060479,58690646,6455971,0,65146617
Bali,Badung,Kuta,Legian,Jawa Timur,Malang,Klojen,Kauman,Kementerian Perhubungan,Perum Nainggolan Laksmiwati Tbk,561628849555217,false,159493674980941,false,45227,bangunan dermaga,45227,bangunan dermaga,2024-10-29,true,fresh bread,jordan,Fresh bread,4,2331909,291971,9035665,993923,0,10029588
Jawa Barat,Bandung,Coblong,Dago,DKI Jakarta,Jakarta Barat,Grogol,Tanjung Duren,Sekretariat Pekerjaan Umum,CV Ardianto,281175390430710,false,609609539426211,true,47822,"perdagangan eceran kaki lima dan los pasar roti, kue kering, kue basah dan sejenisnya",47822,"perdagangan eceran kaki lima dan los pasar roti, kue kering, kue basah dan sejenisnya",2025-07-03,true,snack foods,dk,Snack foods,3,7091150,304036,20969414,2306635,0,23276049
Bali,Badung,Kuta,Legian,DKI Jakarta,Jakarta Barat,Grogol,Tanjung Duren,Kementerian Pendidikan,Perum Sitorus Wibisono,518611454366118,true,300410090725780,false,50228,angkutan penyeberangan umum dalam kabupaten/kota untuk barang,50228,angkutan penyeberangan umum dalam kabupaten/kota untuk barang,2025-07-20,true,inkjet printer,toshiba,Inkjet printers,2,5334544,389923,10279165,1130708,0,11409873
DKI Jakarta,Jakarta Barat,Grogol,Tanjung Duren,Jawa Timur,Malang,Klojen,Kauman,Kementerian Pendidikan,PD Kuswoyo Tamba Tbk,179802478247144,false,453431113521166,true,23963,industri  barang  dari  batu  untuk  keperluan  rumah tangga dan pajangan,23963,industri  barang  dari  batu  untuk  keperluan  rumah tangga dan pajangan,2025-05-13,true,powdered milk,chil kid,Powdered milk,8,4352109,2938785,31878087,3506589,0,35384676
DKI Jakarta,Jakarta Timur,Jatinegara,Bali Mester,Jawa Barat,Bandung,Coblong,Dago,Sekretariat Pekerjaan Umum,CV Wasita Thamrin (Persero) Tbk,340198507407331,false,248061887699911,false,26311,industri bata tahan api dan sejenisnya,26311,industri bata tahan api dan sejenisnya,2025-06-10,false,detergent and laundry products,vanish,Laundry products,8,1988893,867003,15044141,1654855,0,16698996
DKI Jakarta,Jakarta Selatan,Cilandak,Cipete,Jawa Tengah,Solo,Banjarsari,Sragen,Kementerian Keuangan,PT Rajata Tbk,151120127932294,true,972214879485147,false,01223,pembibitan dan budidaya ayam buras,01223,pembibitan dan budidaya ayam buras,2024-10-09,true,water,prima,Water,3,1202942,245509,3363317,369964,0,3733281
Jawa Barat,Bandung,Coblong,Dago,Bali,Badung,Kuta,Legian,Direktorat Pekerjaan Umum,Perum Mayasari,556697017225797,false,714373506720407,false,26311,industri bata tahan api dan sejenisnya,26311,industri bata tahan api dan sejenisnya,2024-11-23,true,detergent and laundry products,vanish,Laundry products,7,7562915,1625344,51315061,5644656,0,56959717
Bali,Badung,Kuta,Legian,Bali,Badung,Kuta,Legian,Badan Kesehatan,PT Pudjiastuti Fujiati Tbk,998236495485384,false,708202321126863,true,47822,"perdagangan eceran kaki lima dan los pasar roti, kue kering, kue basah dan sejenisnya",47822,"perdagangan eceran kaki lima dan los pasar roti, kue kering, kue basah dan sejenisnya",2025-04-18,false,snack foods,dk,Snack foods,6,940416,467157,5175339,569287,0,5744626
Jawa Tengah,Solo,Banjarsari,Sragen,Jawa Timur,Malang,Klojen,Kauman,Badan Perhubungan,UD Firmansyah Pradipta,331924623874006,true,768859593777022,true,13113,industri pemintalan benang jahit,13113,industri pemintalan benang jahit,2025-04-27,false,television,arashi,Televisions,6,1847513,89139,10995939,1209553,0,12205492
Jawa Tengah,Solo,Banjarsari,Sragen,DKI Jakarta,Jakarta Barat,Grogol,Tanjung Duren,Sekretariat Perhubungan,UD Sihotang Namaga (Persero) Tbk,776693979289715,true,469896079711261,false,30001,industri mesin kantor dan akuntansi manual,30001,industri mesin kantor dan akuntansi manual,2024-12-08,false,freezer,sanken,Upright cabinet freezer,7,955691,185752,6504085,715449,0,7219534
DKI Jakarta,Jakarta Pusat,Tanah Abang,Bendungan Hilir,Jawa Tengah,Solo,Banjarsari,Sragen,Kementerian Pendidikan,PT Wahyudin,252259454791121,true,983755293194569,false,46413,perdagangan besar alas kaki,46413,perdagangan besar alas kaki,2025-05-29,true,laundry washing machine,brother,Laundry type washing machines,1,2699267,218985,2480282,272831,0,2753113
DKI Jakarta,Jakarta Barat,Grogol,Tanjung Duren,Jawa Tengah,Solo,Banjarsari,Sragen,Sekretariat Keuangan,PT Iswahyudi Iswahyudi (Persero) Tbk,813499037530093,false,593212706834818,false,10291,industri penggaraman/pengeringan biota air lainnya,10291,industri penggaraman/pengeringan biota air lainnya,2025-05-25,true,snack foods,cheetos,Snack foods,8,1725927,928917,12878499,1416634,0,14295133
Jawa Barat,Bandung,Coblong,Dago,Jawa Tengah,Solo,Banjarsari,Sragen,Kementerian Pendidikan,PT Irawan Marbun (Persero) Tbk,424087033760885,true,442347418638007,true,67204,broker,67204,broker,2024-08-26,true,air conditioner,changhong,Air conditioners,10,2038393,6300,20377630,2241539,0,22619169
Jawa Tengah,Solo,Banjarsari,Sragen,Jawa Timur,Malang,Klojen,Kauman,Kementerian Pekerjaan Umum,UD Dongoran Suartini Tbk,805780378875653,true,349253940551025,false,01702,penangkaran satwa liar,01702,penangkaran satwa liar,2025-01-19,true,bathing soap,lifebuoy,Soaps,9,6075942,2903365,51780113,5695812,0,57475925
Jawa Barat,Bandung,Coblong,Dago,DKI Jakarta,Jakarta Timur,Jatinegara,Bali Mester,Kementerian Pendidikan,Perum Mandasari,741081794691388,true,121640811734455,false,10291,industri penggaraman/pengeringan biota air lainnya,10291,industri penggaraman/pengeringan biota air lainnya,2024-08-23,false,snack foods,cheetos,Snack foods,9,1036329,77267,9249694,1017466,0,10267160
Jawa Timur,Malang,Klojen,Kauman,DKI Jakarta,Jakarta Selatan,Cilandak,Cipete,Dinas Kesehatan,UD Gunarto Utama (Persero) Tbk,318251607326656,false,754206441069666,false,45102,perdagangan besar mobil bekas,45102,perdagangan besar mobil bekas,2025-01-09,true,baby diapers,sweety,Infant diapers,1,96625,6432,90193,9921,0,100114
Jawa Timur,Malang,Klojen,Kauman,Jawa Tengah,Solo,Banjarsari,Sragen,Badan Pendidikan,UD Palastri,655326699481841,true,527263283762977,false,52213,perdagangan eceran khusus sayuran di dalam bangunan,52213,perdagangan eceran khusus sayuran di dalam bangunan,2024-08-28,false,instant noodle or pasta,pop mie,Plain pasta and noodles,3,6612626,385131,19452747,2139802,0,21592549
DKI Jakarta,Jakarta Pusat,Tanah Abang,Bendungan Hilir,Bali,Badung,Kuta,Legian,Dinas Kesehatan,UD Permata Pratama Tbk,472705698672023,true,117150103961182,true,24202,industri pembuatan logam dasar bukan besi,24202,industri pembuatan logam dasar bukan besi,2024-10-24,true,taxicab service,blue bird,Taxicab services,7,828376,373470,5425162,596767,0,6021929
DKI Jakarta,Jakarta Pusat,Tanah Abang,Bendungan Hilir,DKI Jakarta,Jakarta Selatan,Cilandak,Cipete,Direktorat Perhubungan,CV Suryono Waskita,347636836659385,true,417041628785616,false,67123,manager investasi,67123,manager investasi,2025-05-21,false,laptop notebook computers,apple,Notebook computers,6,9488405,4668122,52262308,5748853,0,58011161
Jawa Timur,Malang,Klojen,Kauman,Jawa Barat,Bandung,Coblong,Dago,Direktorat Pendidikan,CV Prayoga Hassanah,370522136501454,false,301742698332954,true,45102,perdagangan besar mobil bekas,45102,perdagangan besar mobil bekas,2024-07-31,true,baby diapers,sweety,Infant diapers,8,6258308,2967244,47099220,5180914,0,52280134
Jawa Barat,Bandung,Coblong,Dago,Jawa Timur,Malang,Klojen,Kauman,Direktorat Pendidikan,PT Simbolon,354056601718558,true,312846471387248,false,75124,pembinaan pelayanan kesejahteraan sosial,75124,pembinaan pelayanan kesejahteraan sosial,2025-07-30,true,bathing soap,kodomo,Soaps,2,2917507,70805,5764209,634062,0,6398271
Bali,Badung,Kuta,Legian,Jawa Tengah,Solo,Banjarsari,Sragen,Kementerian Pekerjaan Umum,PD Yolanda Hardiansyah Tbk,338054732232195,false,719511805027591,true,07301,pertambangan emas dan perak,07301,pertambangan emas dan perak,2024-12-26,false,marketing and customer relationship management software,salesforce,Customer relationship management software maintenance,10,7830433,5790382,72513948,7976534,0,80490482
Jawa Barat,Bandung,Coblong,Dago,DKI Jakarta,Jakarta Timur,Matraman,Pisangan Baru,Sekretariat Pekerjaan Umum,PT Nurdiyanti Widiastuti Tbk,343137489085249,true,785285119405954,true,47822,"perdagangan eceran kaki lima dan los pasar roti, kue kering, kue basah dan sejenisnya",47822,"perdagangan eceran kaki lima dan los pasar roti, kue kering, kue basah dan sejenisnya",2024-10-26,false,snack foods,dk,Snack foods,3,8590685,1158093,24613962,2707535,0,27321497
Jawa Tengah,Solo,Banjarsari,Sragen,Jawa Barat,Bandung,Coblong,Dago,Kementerian Kesehatan,PD Padmasari Puspasari (Persero) Tbk,340662269882059,false,243510047175132,true,24115,"industri kimia dasar organik, yang bersumber dari hasil pertanian",24115,"industri kimia dasar organik, yang bersumber dari hasil pertanian",2025-03-14,true,diesel power generator,lovol,Diesel generators,3,1042533,132100,2995499,329504,0,3325003
Jawa Tengah,Solo,Banjarsari,Sragen,Jawa Barat,Bandung,Coblong,Dago,Direktorat Keuangan,CV Lailasari,778289484562449,true,111492048721742,true,10802,industri konsentrat makanan hewan,10802,industri konsentrat makanan hewan,2025-05-18,true,motorcycle,viar,Motorcycles,3,655920,166210,1801550,198170,0,1999720
DKI Jakarta,Jakarta Timur,Matraman,Pisangan Baru,Jawa Barat,Bandung,Coblong,Dago,Badan Kesehatan,Perum Rajasa Lestari,374380134130405,false,318384990284711,true,02119,pengusahaan hutan lainnya,02119,pengusahaan hutan lainnya,2025-03-17,true,laundry washing machine,toshiba,Laundry type washing machines,9,1619291,876459,13697160,1506687,0,15203847
DKI Jakarta,Jakarta Pusat,Tanah Abang,Bendungan Hilir,Jawa Barat,Bandung,Coblong,Dago,Sekretariat Kesehatan,PT Pratiwi Januar,614444482438621,false,547975207309831,true,24115,"industri kimia dasar organik, yang bersumber dari hasil pertanian",24115,"industri kimia dasar organik, yang bersumber dari hasil pertanian",2024-11-07,true,diesel power generator,lovol,Diesel generators,3,1241814,358501,3366941,370363,0,3737304
Jawa Barat,Bandung,Coblong,Dago,Jawa Timur,Malang,Klojen,Kauman,Dinas Pekerjaan Umum,PT Marbun Tbk,345635754763237,true,984011403663798,true,08992,penggalian batu bahan industri,08992,penggalian batu bahan industri,2025-01-30,false,soft drinks,lasegar,Soft drinks,4,9130034,3444270,33075866,3638345,0,36714211
DKI Jakarta,Jakarta Pusat,Tanah Abang,Bendungan Hilir,Jawa Barat,Bandung,Coblong,Dago,Direktorat Perhubungan,PT Pangestu Waluyo,664174079196304,true,556960326281880,false,01702,penangkaran satwa liar,01702,penangkaran satwa liar,2025-03-22,false,bathing soap,lifebuoy,Soaps,7,7775984,340404,54091484,5950063,0,60041547
Jawa Barat,Bandung,Coblong,Dago,Bali,Badung,Kuta,Legian,Kementerian Keuangan,PT Nuraini Pangestu,423065641330905,false,838619701445979,true,50228,angkutan penyeberangan umum dalam kabupaten/kota untuk barang,50228,angkutan penyeberangan umum dalam kabupaten/kota untuk barang,2024-10-12,false,inkjet printer,toshiba,Inkjet printers,7,6618552,1647079,44682785,4915106,0,49597891
Jawa Tengah,Solo,Banjarsari,Sragen,Jawa Tengah,Solo,Banjarsari,Sragen,Dinas Perhubungan,PT Tamba Puspasari Tbk,245776300061270,true,251648360311329,false,63210,pergudangan,63210,pergudangan,2025-04-05,true,edible vegetable oil,barco,Edible vegetable or plant oils,2,5007964,153991,9861937,1084813,0,10946750
Jawa Barat,Bandung,Coblong,Dago,Bali,Badung,Kuta,Legian,Kementerian Pekerjaan Umum,PD Siregar Sudiati,677857141306410,true,927483576806817,false,10612,"industri pengupasan, pembersihan dan sortasi kopi",10612,"industri pengupasan, pembersihan dan sortasi kopi",2025-06-19,true,social media advertising,ig,Online and social media publicity service,10,6887787,1237478,67640392,7440443,0,75080835
Jawa Barat,Bandung,Coblong,Dago,Jawa Tengah,Solo,Banjarsari,Sragen,Dinas Kesehatan,PD Siregar Tbk,310161159321792,false,164856869669158,false,45227,bangunan dermaga,45227,bangunan dermaga,2024-10-07,true,fresh bread,jordan,Fresh bread,4,4169185,546815,16129925,1774291,0,17904216
DKI Jakarta,Jakarta Selatan,Cilandak,Cipete,Jawa Tengah,Solo,Banjarsari,Sragen,Badan Keuangan,Perum Situmorang Uwais (Persero) Tbk,976355722349906,false,876680050785917,false,45328,instalasi jaringan pipa,45328,instalasi jaringan pipa,2024-08-25,false,domestic refrigerator,hisense,Domestic refrigerators,6,7658994,3366991,42586973,4684567,0,47271540
Jawa Tengah,Solo,Banjarsari,Sragen,Jawa Barat,Bandung,Coblong,Dago,Badan Perhubungan,Perum Tarihoran Waluyo (Persero) Tbk,769515514311737,false,585155483872073,true,47822,"perdagangan eceran kaki lima dan los pasar roti, kue kering, kue basah dan sejenisnya",47822,"perdagangan eceran kaki lima dan los pasar roti, kue kering, kue basah dan sejenisnya",2024-08-21,false,snack foods,dk,Snack foods,3,1376719,92842,4037315,444104,0,4481419
Jawa Tengah,Solo,Banjarsari,Sragen,Bali,Badung,Kuta,Legian,Badan Kesehatan,Perum Sitompul Winarsih,549347039444492,true,985550629680084,false,55212,restoran/rumah makan talam selaka,55212,restoran/rumah makan talam selaka,2024-12-27,false,insurance service,avrist,Insurance law service,7,5118179,3540997,32286256,3551488,0,35837744
Jawa Barat,Bandung,Coblong,Dago,Jawa Timur,Malang,Klojen,Kauman,Badan Pekerjaan Umum,PT Gunawan,233603493126858,false,533251310951231,true,49425,angkutan darat lainnya untuk wisata,49425,angkutan darat lainnya untuk wisata,2025-01-11,false,fresh bread,arnon,Fresh bread,1,4492135,341135,4151000,456610,0,4607610
Bali,Badung,Kuta,Legian,Jawa Timur,Malang,Klojen,Kauman,Badan Kesehatan,PT Utami,609812857851327,false,840599335657286,false,45102,perdagangan besar mobil bekas,45102,perdagangan besar mobil bekas,2025-06-23,true,baby diapers,sweety,Infant diapers,2,353197,3930,702464,77271,0,779735
DKI Jakarta,Jakarta Pusat,Tanah Abang,Bendungan Hilir,Jawa Barat,Bandung,Coblong,Dago,Sekretariat Perhubungan,CV Permadi Simanjuntak,727107885116121,false,276112206246368,true,92429,jasa rekreasi lainnya,92429,jasa rekreasi lainnya,2024-10-15,false,television,panasonic,Televisions,5,3006450,907952,14124298,1553672,0,15677970
Jawa Timur,Malang,Klojen,Kauman,DKI Jakarta,Jakarta Barat,Grogol,Tanjung Duren,Dinas Pendidikan,Perum Rajata,695641919485248,false,484424469339595,true,13101,pertambangan pasir besi,13101,pertambangan pasir besi,2025-01-20,true,water dispenser,changhong,Hot water dispenser,8,7814480,3799757,58716083,6458769,0,65174852
Bali,Badung,Kuta,Legian,Jawa Timur,Malang,Klojen,Kauman,Kementerian Pendidikan,UD Hakim (Persero) Tbk,826996495345512,true,959280899887886,false,16295,industri kayu bakar dan pelet kayu,16295,industri kayu bakar dan pelet kayu,2024-09-20,true,social media advertising,fb,Online and social media publicity service,8,9059531,527490,71948758,7914363,0,79863121
Jawa Tengah,Solo,Banjarsari,Sragen,DKI Jakarta,Jakarta Selatan,Cilandak,Cipete,Dinas Pendidikan,PD Nababan Suryono Tbk,309763235725019,false,845986268770136,true,10802,industri konsentrat makanan hewan,10802,industri konsentrat makanan hewan,2025-02-17,true,motorcycle,viar,Motorcycles,7,494088,316782,3141834,345601,0,3487435
Jawa Barat,Bandung,Coblong,Dago,Bali,Badung,Kuta,Legian,Kementerian Kesehatan,PD Hassanah Halim,323055353917844,false,489405883227132,false,92331,kebun raya dan kebun binatang,92331,kebun raya dan kebun binatang,2025-01-02,true,domestic refrigerator,panasonik,Domestic refrigerators,9,6605955,1476481,57977114,6377482,0,64354596
DKI Jakarta,Jakarta Selatan,Cilandak,Cipete,Jawa Tengah,Solo,Banjarsari,Sragen,Dinas Kesehatan,CV Hutapea,290250508538967,true,880501385405195,false,47743,perdagangan eceran barang perlengkapan pribadi bekas,47743,perdagangan eceran barang perlengkapan pribadi bekas,2025-01-24,true,water,aqua,Water,10,3239417,2190317,30203853,3322423,0,33526276
Bali,Badung,Kuta,Legian,Jawa Tengah,Solo,Banjarsari,Sragen,Dinas Kesehatan,PT Hutapea Siregar,576510415021271,false,671140830179119,false,50228,angkutan penyeberangan umum dalam kabupaten/kota untuk barang,50228,angkutan penyeberangan umum dalam kabupaten/kota untuk barang,2024-10-10,true,inkjet printer,toshiba,Inkjet printers,8,6712165,768715,52928605,5822146,0,58750751
Bali,Badung,Kuta,Legian,Jawa Timur,Malang,Klojen,Kauman,Dinas Perhubungan,UD Halimah (Persero) Tbk,211089494786800,true,240378821615891,true,67123,manager investasi,67123,manager investasi,2025-04-02,false,laptop notebook computers,apple,Notebook computers,2,5992838,1161029,10824647,1190711,0,12015358
Bali,Badung,Kuta,Legian,Jawa Timur,Malang,Klojen,Kauman,Direktorat Kesehatan,CV Sihombing Maryati,598342153296356,false,263419773389873,true,92331,kebun raya dan kebun binatang,92331,kebun raya dan kebun binatang,2025-05-02,true,domestic refrigerator,panasonik,Domestic refrigerators,3,2426230,169225,7109465,782041,0,7891506
Bali,Badung,Kuta,Legian,Jawa Tengah,Solo,Banjarsari,Sragen,Dinas Kesehatan,PT Gunawan Haryanti (Persero) Tbk,556019671950069,true,306082740115057,false,45311,instalasi air (plumbing),45311,instalasi air (plumbing),2024-11-06,true,electric fan,maspion,Domestic electric fan,6,877266,408537,4855059,534056,0,5389115
Jawa Timur,Malang,Klojen,Kauman,Bali,Badung,Kuta,Legian,Direktorat Keuangan,PT Firmansyah,107104890871761,false,454947560619395,true,67123,manager investasi,67123,manager investasi,2024-10-24,false,laptop notebook computers,apple,Notebook computers,2,9473504,679390,18267618,2009437,0,20277055
DKI Jakarta,Jakarta Barat,Grogol,Tanjung Duren,Jawa Barat,Bandung,Coblong,Dago,Direktorat Kesehatan,CV Budiman Hardiansyah Tbk,633145973172071,false,171220806059246,false,55212,restoran/rumah makan talam selaka,55212,restoran/rumah makan talam selaka,2025-02-06,false,insurance service,avrist,Insurance law service,8,805527,379093,6065123,667163,0,6732286
Jawa Tengah,Solo,Banjarsari,Sragen,Jawa Tengah,Solo,Banjarsari,Sragen,Kementerian Pendidikan,UD Zulaika Wasita (Persero) Tbk,962921491232548,false,582184510537265,false,07301,pertambangan emas dan perak,07301,pertambangan emas dan perak,2025-03-28,true,marketing and customer relationship management software,salesforce,Customer relationship management software maintenance,10,1582162,1208446,14613174,1607449,0,16220623
Jawa Timur,Malang,Klojen,Kauman,Bali,Badung,Kuta,Legian,Kementerian Perhubungan,PD Pratiwi,100596156184374,true,385550978671859,true,47743,perdagangan eceran barang perlengkapan pribadi bekas,47743,perdagangan eceran barang perlengkapan pribadi bekas,2024-11-24,false,water,aqua,Water,3,300130,9321,891069,98017,0,989086
Jawa Timur,Malang,Klojen,Kauman,Jawa Barat,Bandung,Coblong,Dago,Sekretariat Kesehatan,PD Latupono (Persero) Tbk,906653922139954,false,554337189659009,false,36992,industri pita mesin tulis/gambar,36992,industri pita mesin tulis/gambar,2024-09-29,false,facial care products,biore,Facial care products,7,659611,296953,4320324,475235,0,4795559
Jawa Timur,Malang,Klojen,Kauman,Jawa Timur,Malang,Klojen,Kauman,Kementerian Pekerjaan Umum,Perum Santoso Kuswandari Tbk,967497430407940,true,592972617565927,false,75124,pembinaan pelayanan kesejahteraan sosial,75124,pembinaan pelayanan kesejahteraan sosial,2024-10-06,true,bathing soap,kodomo,Soaps,8,5739470,4449467,41466293,4561292,0,46027585
Bali,Badung,Kuta,Legian,Jawa Barat,Bandung,Coblong,Dago,Kementerian Pekerjaan Umum,Perum Pranowo Tbk,809275588057958,false,447640360158099,true,92429,jasa rekreasi lainnya,92429,jasa rekreasi lainnya,2025-07-21,true,television,panasonic,Televisions,9,9750895,5618205,82139850,9035383,0,91175233
Jawa Barat,Bandung,Coblong,Dago,Jawa Barat,Bandung,Coblong,Dago,Kementerian Keuangan,UD Padmasari,406567799735332,false,820672160704939,false,08992,penggalian batu bahan industri,08992,penggalian batu bahan industri,2024-11-11,false,soft drinks,lasegar,Soft drinks,8,165555,13091,1311349,144248,0,1455597
Jawa Barat,Bandung,Coblong,Dago,Jawa Tengah,Solo,Banjarsari,Sragen,Direktorat Keuangan,Perum Maryadi Nasyidah,604205849168118,false,448480432317419,true,45227,bangunan dermaga,45227,bangunan dermaga,2025-07-12,false,fresh bread,jordan,Fresh bread,4,6520249,1457766,24623230,2708555,0,27331785
